/* Auto-generated by tools/gen_gbk_map.py - Unicode->GBK table, full GB2312.
 * Sorted by unicode codepoint for binary search. DO NOT EDIT BY HAND. */
#include <stdint.h>

typedef struct {
    uint16_t unicode;
    uint8_t  gbk_hi;
    uint8_t  gbk_lo;
} gbk_map_entry_t;

const gbk_map_entry_t g_gbk_map[] = {
    {0x00A4, 0xA1, 0xE8}, /* ¤ */
    {0x00A7, 0xA1, 0xEC}, /* § */
    {0x00A8, 0xA1, 0xA7}, /* ¨ */
    {0x00B0, 0xA1, 0xE3}, /* ° */
    {0x00B1, 0xA1, 0xC0}, /* ± */
    {0x00D7, 0xA1, 0xC1}, /* × */
    {0x00E0, 0xA8, 0xA4}, /* à */
    {0x00E1, 0xA8, 0xA2}, /* á */
    {0x00E8, 0xA8, 0xA8}, /* è */
    {0x00E9, 0xA8, 0xA6}, /* é */
    {0x00EA, 0xA8, 0xBA}, /* ê */
    {0x00EC, 0xA8, 0xAC}, /* ì */
    {0x00ED, 0xA8, 0xAA}, /* í */
    {0x00F2, 0xA8, 0xB0}, /* ò */
    {0x00F3, 0xA8, 0xAE}, /* ó */
    {0x00F7, 0xA1, 0xC2}, /* ÷ */
    {0x00F9, 0xA8, 0xB4}, /* ù */
    {0x00FA, 0xA8, 0xB2}, /* ú */
    {0x00FC, 0xA8, 0xB9}, /* ü */
    {0x0101, 0xA8, 0xA1}, /* ā */
    {0x0113, 0xA8, 0xA5}, /* ē */
    {0x011B, 0xA8, 0xA7}, /* ě */
    {0x012B, 0xA8, 0xA9}, /* ī */
    {0x014D, 0xA8, 0xAD}, /* ō */
    {0x016B, 0xA8, 0xB1}, /* ū */
    {0x01CE, 0xA8, 0xA3}, /* ǎ */
    {0x01D0, 0xA8, 0xAB}, /* ǐ */
    {0x01D2, 0xA8, 0xAF}, /* ǒ */
    {0x01D4, 0xA8, 0xB3}, /* ǔ */
    {0x01D6, 0xA8, 0xB5}, /* ǖ */
    {0x01D8, 0xA8, 0xB6}, /* ǘ */
    {0x01DA, 0xA8, 0xB7}, /* ǚ */
    {0x01DC, 0xA8, 0xB8}, /* ǜ */
    {0x02C7, 0xA1, 0xA6}, /* ˇ */
    {0x02C9, 0xA1, 0xA5}, /* ˉ */
    {0x0391, 0xA6, 0xA1}, /* Α */
    {0x0392, 0xA6, 0xA2}, /* Β */
    {0x0393, 0xA6, 0xA3}, /* Γ */
    {0x0394, 0xA6, 0xA4}, /* Δ */
    {0x0395, 0xA6, 0xA5}, /* Ε */
    {0x0396, 0xA6, 0xA6}, /* Ζ */
    {0x0397, 0xA6, 0xA7}, /* Η */
    {0x0398, 0xA6, 0xA8}, /* Θ */
    {0x0399, 0xA6, 0xA9}, /* Ι */
    {0x039A, 0xA6, 0xAA}, /* Κ */
    {0x039B, 0xA6, 0xAB}, /* Λ */
    {0x039C, 0xA6, 0xAC}, /* Μ */
    {0x039D, 0xA6, 0xAD}, /* Ν */
    {0x039E, 0xA6, 0xAE}, /* Ξ */
    {0x039F, 0xA6, 0xAF}, /* Ο */
    {0x03A0, 0xA6, 0xB0}, /* Π */
    {0x03A1, 0xA6, 0xB1}, /* Ρ */
    {0x03A3, 0xA6, 0xB2}, /* Σ */
    {0x03A4, 0xA6, 0xB3}, /* Τ */
    {0x03A5, 0xA6, 0xB4}, /* Υ */
    {0x03A6, 0xA6, 0xB5}, /* Φ */
    {0x03A7, 0xA6, 0xB6}, /* Χ */
    {0x03A8, 0xA6, 0xB7}, /* Ψ */
    {0x03A9, 0xA6, 0xB8}, /* Ω */
    {0x03B1, 0xA6, 0xC1}, /* α */
    {0x03B2, 0xA6, 0xC2}, /* β */
    {0x03B3, 0xA6, 0xC3}, /* γ */
    {0x03B4, 0xA6, 0xC4}, /* δ */
    {0x03B5, 0xA6, 0xC5}, /* ε */
    {0x03B6, 0xA6, 0xC6}, /* ζ */
    {0x03B7, 0xA6, 0xC7}, /* η */
    {0x03B8, 0xA6, 0xC8}, /* θ */
    {0x03B9, 0xA6, 0xC9}, /* ι */
    {0x03BA, 0xA6, 0xCA}, /* κ */
    {0x03BB, 0xA6, 0xCB}, /* λ */
    {0x03BC, 0xA6, 0xCC}, /* μ */
    {0x03BD, 0xA6, 0xCD}, /* ν */
    {0x03BE, 0xA6, 0xCE}, /* ξ */
    {0x03BF, 0xA6, 0xCF}, /* ο */
    {0x03C0, 0xA6, 0xD0}, /* π */
    {0x03C1, 0xA6, 0xD1}, /* ρ */
    {0x03C3, 0xA6, 0xD2}, /* σ */
    {0x03C4, 0xA6, 0xD3}, /* τ */
    {0x03C5, 0xA6, 0xD4}, /* υ */
    {0x03C6, 0xA6, 0xD5}, /* φ */
    {0x03C7, 0xA6, 0xD6}, /* χ */
    {0x03C8, 0xA6, 0xD7}, /* ψ */
    {0x03C9, 0xA6, 0xD8}, /* ω */
    {0x0401, 0xA7, 0xA7}, /* Ё */
    {0x0410, 0xA7, 0xA1}, /* А */
    {0x0411, 0xA7, 0xA2}, /* Б */
    {0x0412, 0xA7, 0xA3}, /* В */
    {0x0413, 0xA7, 0xA4}, /* Г */
    {0x0414, 0xA7, 0xA5}, /* Д */
    {0x0415, 0xA7, 0xA6}, /* Е */
    {0x0416, 0xA7, 0xA8}, /* Ж */
    {0x0417, 0xA7, 0xA9}, /* З */
    {0x0418, 0xA7, 0xAA}, /* И */
    {0x0419, 0xA7, 0xAB}, /* Й */
    {0x041A, 0xA7, 0xAC}, /* К */
    {0x041B, 0xA7, 0xAD}, /* Л */
    {0x041C, 0xA7, 0xAE}, /* М */
    {0x041D, 0xA7, 0xAF}, /* Н */
    {0x041E, 0xA7, 0xB0}, /* О */
    {0x041F, 0xA7, 0xB1}, /* П */
    {0x0420, 0xA7, 0xB2}, /* Р */
    {0x0421, 0xA7, 0xB3}, /* С */
    {0x0422, 0xA7, 0xB4}, /* Т */
    {0x0423, 0xA7, 0xB5}, /* У */
    {0x0424, 0xA7, 0xB6}, /* Ф */
    {0x0425, 0xA7, 0xB7}, /* Х */
    {0x0426, 0xA7, 0xB8}, /* Ц */
    {0x0427, 0xA7, 0xB9}, /* Ч */
    {0x0428, 0xA7, 0xBA}, /* Ш */
    {0x0429, 0xA7, 0xBB}, /* Щ */
    {0x042A, 0xA7, 0xBC}, /* Ъ */
    {0x042B, 0xA7, 0xBD}, /* Ы */
    {0x042C, 0xA7, 0xBE}, /* Ь */
    {0x042D, 0xA7, 0xBF}, /* Э */
    {0x042E, 0xA7, 0xC0}, /* Ю */
    {0x042F, 0xA7, 0xC1}, /* Я */
    {0x0430, 0xA7, 0xD1}, /* а */
    {0x0431, 0xA7, 0xD2}, /* б */
    {0x0432, 0xA7, 0xD3}, /* в */
    {0x0433, 0xA7, 0xD4}, /* г */
    {0x0434, 0xA7, 0xD5}, /* д */
    {0x0435, 0xA7, 0xD6}, /* е */
    {0x0436, 0xA7, 0xD8}, /* ж */
    {0x0437, 0xA7, 0xD9}, /* з */
    {0x0438, 0xA7, 0xDA}, /* и */
    {0x0439, 0xA7, 0xDB}, /* й */
    {0x043A, 0xA7, 0xDC}, /* к */
    {0x043B, 0xA7, 0xDD}, /* л */
    {0x043C, 0xA7, 0xDE}, /* м */
    {0x043D, 0xA7, 0xDF}, /* н */
    {0x043E, 0xA7, 0xE0}, /* о */
    {0x043F, 0xA7, 0xE1}, /* п */
    {0x0440, 0xA7, 0xE2}, /* р */
    {0x0441, 0xA7, 0xE3}, /* с */
    {0x0442, 0xA7, 0xE4}, /* т */
    {0x0443, 0xA7, 0xE5}, /* у */
    {0x0444, 0xA7, 0xE6}, /* ф */
    {0x0445, 0xA7, 0xE7}, /* х */
    {0x0446, 0xA7, 0xE8}, /* ц */
    {0x0447, 0xA7, 0xE9}, /* ч */
    {0x0448, 0xA7, 0xEA}, /* ш */
    {0x0449, 0xA7, 0xEB}, /* щ */
    {0x044A, 0xA7, 0xEC}, /* ъ */
    {0x044B, 0xA7, 0xED}, /* ы */
    {0x044C, 0xA7, 0xEE}, /* ь */
    {0x044D, 0xA7, 0xEF}, /* э */
    {0x044E, 0xA7, 0xF0}, /* ю */
    {0x044F, 0xA7, 0xF1}, /* я */
    {0x0451, 0xA7, 0xD7}, /* ё */
    {0x2015, 0xA1, 0xAA}, /* ― */
    {0x2016, 0xA1, 0xAC}, /* ‖ */
    {0x2018, 0xA1, 0xAE}, /* ‘ */
    {0x2019, 0xA1, 0xAF}, /* ’ */
    {0x201C, 0xA1, 0xB0}, /* “ */
    {0x201D, 0xA1, 0xB1}, /* ” */
    {0x2026, 0xA1, 0xAD}, /* … */
    {0x2030, 0xA1, 0xEB}, /* ‰ */
    {0x2032, 0xA1, 0xE4}, /* ′ */
    {0x2033, 0xA1, 0xE5}, /* ″ */
    {0x203B, 0xA1, 0xF9}, /* ※ */
    {0x2103, 0xA1, 0xE6}, /* ℃ */
    {0x2116, 0xA1, 0xED}, /* № */
    {0x2160, 0xA2, 0xF1}, /* Ⅰ */
    {0x2161, 0xA2, 0xF2}, /* Ⅱ */
    {0x2162, 0xA2, 0xF3}, /* Ⅲ */
    {0x2163, 0xA2, 0xF4}, /* Ⅳ */
    {0x2164, 0xA2, 0xF5}, /* Ⅴ */
    {0x2165, 0xA2, 0xF6}, /* Ⅵ */
    {0x2166, 0xA2, 0xF7}, /* Ⅶ */
    {0x2167, 0xA2, 0xF8}, /* Ⅷ */
    {0x2168, 0xA2, 0xF9}, /* Ⅸ */
    {0x2169, 0xA2, 0xFA}, /* Ⅹ */
    {0x216A, 0xA2, 0xFB}, /* Ⅺ */
    {0x216B, 0xA2, 0xFC}, /* Ⅻ */
    {0x2190, 0xA1, 0xFB}, /* ← */
    {0x2191, 0xA1, 0xFC}, /* ↑ */
    {0x2192, 0xA1, 0xFA}, /* → */
    {0x2193, 0xA1, 0xFD}, /* ↓ */
    {0x2208, 0xA1, 0xCA}, /* ∈ */
    {0x220F, 0xA1, 0xC7}, /* ∏ */
    {0x2211, 0xA1, 0xC6}, /* ∑ */
    {0x221A, 0xA1, 0xCC}, /* √ */
    {0x221D, 0xA1, 0xD8}, /* ∝ */
    {0x221E, 0xA1, 0xDE}, /* ∞ */
    {0x2220, 0xA1, 0xCF}, /* ∠ */
    {0x2225, 0xA1, 0xCE}, /* ∥ */
    {0x2227, 0xA1, 0xC4}, /* ∧ */
    {0x2228, 0xA1, 0xC5}, /* ∨ */
    {0x2229, 0xA1, 0xC9}, /* ∩ */
    {0x222A, 0xA1, 0xC8}, /* ∪ */
    {0x222B, 0xA1, 0xD2}, /* ∫ */
    {0x222E, 0xA1, 0xD3}, /* ∮ */
    {0x2234, 0xA1, 0xE0}, /* ∴ */
    {0x2235, 0xA1, 0xDF}, /* ∵ */
    {0x2236, 0xA1, 0xC3}, /* ∶ */
    {0x2237, 0xA1, 0xCB}, /* ∷ */
    {0x223D, 0xA1, 0xD7}, /* ∽ */
    {0x2248, 0xA1, 0xD6}, /* ≈ */
    {0x224C, 0xA1, 0xD5}, /* ≌ */
    {0x2260, 0xA1, 0xD9}, /* ≠ */
    {0x2261, 0xA1, 0xD4}, /* ≡ */
    {0x2264, 0xA1, 0xDC}, /* ≤ */
    {0x2265, 0xA1, 0xDD}, /* ≥ */
    {0x226E, 0xA1, 0xDA}, /* ≮ */
    {0x226F, 0xA1, 0xDB}, /* ≯ */
    {0x2299, 0xA1, 0xD1}, /* ⊙ */
    {0x22A5, 0xA1, 0xCD}, /* ⊥ */
    {0x2312, 0xA1, 0xD0}, /* ⌒ */
    {0x2460, 0xA2, 0xD9}, /* ① */
    {0x2461, 0xA2, 0xDA}, /* ② */
    {0x2462, 0xA2, 0xDB}, /* ③ */
    {0x2463, 0xA2, 0xDC}, /* ④ */
    {0x2464, 0xA2, 0xDD}, /* ⑤ */
    {0x2465, 0xA2, 0xDE}, /* ⑥ */
    {0x2466, 0xA2, 0xDF}, /* ⑦ */
    {0x2467, 0xA2, 0xE0}, /* ⑧ */
    {0x2468, 0xA2, 0xE1}, /* ⑨ */
    {0x2469, 0xA2, 0xE2}, /* ⑩ */
    {0x2474, 0xA2, 0xC5}, /* ⑴ */
    {0x2475, 0xA2, 0xC6}, /* ⑵ */
    {0x2476, 0xA2, 0xC7}, /* ⑶ */
    {0x2477, 0xA2, 0xC8}, /* ⑷ */
    {0x2478, 0xA2, 0xC9}, /* ⑸ */
    {0x2479, 0xA2, 0xCA}, /* ⑹ */
    {0x247A, 0xA2, 0xCB}, /* ⑺ */
    {0x247B, 0xA2, 0xCC}, /* ⑻ */
    {0x247C, 0xA2, 0xCD}, /* ⑼ */
    {0x247D, 0xA2, 0xCE}, /* ⑽ */
    {0x247E, 0xA2, 0xCF}, /* ⑾ */
    {0x247F, 0xA2, 0xD0}, /* ⑿ */
    {0x2480, 0xA2, 0xD1}, /* ⒀ */
    {0x2481, 0xA2, 0xD2}, /* ⒁ */
    {0x2482, 0xA2, 0xD3}, /* ⒂ */
    {0x2483, 0xA2, 0xD4}, /* ⒃ */
    {0x2484, 0xA2, 0xD5}, /* ⒄ */
    {0x2485, 0xA2, 0xD6}, /* ⒅ */
    {0x2486, 0xA2, 0xD7}, /* ⒆ */
    {0x2487, 0xA2, 0xD8}, /* ⒇ */
    {0x2488, 0xA2, 0xB1}, /* ⒈ */
    {0x2489, 0xA2, 0xB2}, /* ⒉ */
    {0x248A, 0xA2, 0xB3}, /* ⒊ */
    {0x248B, 0xA2, 0xB4}, /* ⒋ */
    {0x248C, 0xA2, 0xB5}, /* ⒌ */
    {0x248D, 0xA2, 0xB6}, /* ⒍ */
    {0x248E, 0xA2, 0xB7}, /* ⒎ */
    {0x248F, 0xA2, 0xB8}, /* ⒏ */
    {0x2490, 0xA2, 0xB9}, /* ⒐ */
    {0x2491, 0xA2, 0xBA}, /* ⒑ */
    {0x2492, 0xA2, 0xBB}, /* ⒒ */
    {0x2493, 0xA2, 0xBC}, /* ⒓ */
    {0x2494, 0xA2, 0xBD}, /* ⒔ */
    {0x2495, 0xA2, 0xBE}, /* ⒕ */
    {0x2496, 0xA2, 0xBF}, /* ⒖ */
    {0x2497, 0xA2, 0xC0}, /* ⒗ */
    {0x2498, 0xA2, 0xC1}, /* ⒘ */
    {0x2499, 0xA2, 0xC2}, /* ⒙ */
    {0x249A, 0xA2, 0xC3}, /* ⒚ */
    {0x249B, 0xA2, 0xC4}, /* ⒛ */
    {0x2500, 0xA9, 0xA4}, /* ─ */
    {0x2501, 0xA9, 0xA5}, /* ━ */
    {0x2502, 0xA9, 0xA6}, /* │ */
    {0x2503, 0xA9, 0xA7}, /* ┃ */
    {0x2504, 0xA9, 0xA8}, /* ┄ */
    {0x2505, 0xA9, 0xA9}, /* ┅ */
    {0x2506, 0xA9, 0xAA}, /* ┆ */
    {0x2507, 0xA9, 0xAB}, /* ┇ */
    {0x2508, 0xA9, 0xAC}, /* ┈ */
    {0x2509, 0xA9, 0xAD}, /* ┉ */
    {0x250A, 0xA9, 0xAE}, /* ┊ */
    {0x250B, 0xA9, 0xAF}, /* ┋ */
    {0x250C, 0xA9, 0xB0}, /* ┌ */
    {0x250D, 0xA9, 0xB1}, /* ┍ */
    {0x250E, 0xA9, 0xB2}, /* ┎ */
    {0x250F, 0xA9, 0xB3}, /* ┏ */
    {0x2510, 0xA9, 0xB4}, /* ┐ */
    {0x2511, 0xA9, 0xB5}, /* ┑ */
    {0x2512, 0xA9, 0xB6}, /* ┒ */
    {0x2513, 0xA9, 0xB7}, /* ┓ */
    {0x2514, 0xA9, 0xB8}, /* └ */
    {0x2515, 0xA9, 0xB9}, /* ┕ */
    {0x2516, 0xA9, 0xBA}, /* ┖ */
    {0x2517, 0xA9, 0xBB}, /* ┗ */
    {0x2518, 0xA9, 0xBC}, /* ┘ */
    {0x2519, 0xA9, 0xBD}, /* ┙ */
    {0x251A, 0xA9, 0xBE}, /* ┚ */
    {0x251B, 0xA9, 0xBF}, /* ┛ */
    {0x251C, 0xA9, 0xC0}, /* ├ */
    {0x251D, 0xA9, 0xC1}, /* ┝ */
    {0x251E, 0xA9, 0xC2}, /* ┞ */
    {0x251F, 0xA9, 0xC3}, /* ┟ */
    {0x2520, 0xA9, 0xC4}, /* ┠ */
    {0x2521, 0xA9, 0xC5}, /* ┡ */
    {0x2522, 0xA9, 0xC6}, /* ┢ */
    {0x2523, 0xA9, 0xC7}, /* ┣ */
    {0x2524, 0xA9, 0xC8}, /* ┤ */
    {0x2525, 0xA9, 0xC9}, /* ┥ */
    {0x2526, 0xA9, 0xCA}, /* ┦ */
    {0x2527, 0xA9, 0xCB}, /* ┧ */
    {0x2528, 0xA9, 0xCC}, /* ┨ */
    {0x2529, 0xA9, 0xCD}, /* ┩ */
    {0x252A, 0xA9, 0xCE}, /* ┪ */
    {0x252B, 0xA9, 0xCF}, /* ┫ */
    {0x252C, 0xA9, 0xD0}, /* ┬ */
    {0x252D, 0xA9, 0xD1}, /* ┭ */
    {0x252E, 0xA9, 0xD2}, /* ┮ */
    {0x252F, 0xA9, 0xD3}, /* ┯ */
    {0x2530, 0xA9, 0xD4}, /* ┰ */
    {0x2531, 0xA9, 0xD5}, /* ┱ */
    {0x2532, 0xA9, 0xD6}, /* ┲ */
    {0x2533, 0xA9, 0xD7}, /* ┳ */
    {0x2534, 0xA9, 0xD8}, /* ┴ */
    {0x2535, 0xA9, 0xD9}, /* ┵ */
    {0x2536, 0xA9, 0xDA}, /* ┶ */
    {0x2537, 0xA9, 0xDB}, /* ┷ */
    {0x2538, 0xA9, 0xDC}, /* ┸ */
    {0x2539, 0xA9, 0xDD}, /* ┹ */
    {0x253A, 0xA9, 0xDE}, /* ┺ */
    {0x253B, 0xA9, 0xDF}, /* ┻ */
    {0x253C, 0xA9, 0xE0}, /* ┼ */
    {0x253D, 0xA9, 0xE1}, /* ┽ */
    {0x253E, 0xA9, 0xE2}, /* ┾ */
    {0x253F, 0xA9, 0xE3}, /* ┿ */
    {0x2540, 0xA9, 0xE4}, /* ╀ */
    {0x2541, 0xA9, 0xE5}, /* ╁ */
    {0x2542, 0xA9, 0xE6}, /* ╂ */
    {0x2543, 0xA9, 0xE7}, /* ╃ */
    {0x2544, 0xA9, 0xE8}, /* ╄ */
    {0x2545, 0xA9, 0xE9}, /* ╅ */
    {0x2546, 0xA9, 0xEA}, /* ╆ */
    {0x2547, 0xA9, 0xEB}, /* ╇ */
    {0x2548, 0xA9, 0xEC}, /* ╈ */
    {0x2549, 0xA9, 0xED}, /* ╉ */
    {0x254A, 0xA9, 0xEE}, /* ╊ */
    {0x254B, 0xA9, 0xEF}, /* ╋ */
    {0x25A0, 0xA1, 0xF6}, /* ■ */
    {0x25A1, 0xA1, 0xF5}, /* □ */
    {0x25B2, 0xA1, 0xF8}, /* ▲ */
    {0x25B3, 0xA1, 0xF7}, /* △ */
    {0x25C6, 0xA1, 0xF4}, /* ◆ */
    {0x25C7, 0xA1, 0xF3}, /* ◇ */
    {0x25CB, 0xA1, 0xF0}, /* ○ */
    {0x25CE, 0xA1, 0xF2}, /* ◎ */
    {0x25CF, 0xA1, 0xF1}, /* ● */
    {0x2605, 0xA1, 0xEF}, /* ★ */
    {0x2606, 0xA1, 0xEE}, /* ☆ */
    {0x2640, 0xA1, 0xE2}, /* ♀ */
    {0x2642, 0xA1, 0xE1}, /* ♂ */
    {0x3000, 0xA1, 0xA1}, /* 　 */
    {0x3001, 0xA1, 0xA2}, /* 、 */
    {0x3002, 0xA1, 0xA3}, /* 。 */
    {0x3003, 0xA1, 0xA8}, /* 〃 */
    {0x3005, 0xA1, 0xA9}, /* 々 */
    {0x3008, 0xA1, 0xB4}, /* 〈 */
    {0x3009, 0xA1, 0xB5}, /* 〉 */
    {0x300A, 0xA1, 0xB6}, /* 《 */
    {0x300B, 0xA1, 0xB7}, /* 》 */
    {0x300C, 0xA1, 0xB8}, /* 「 */
    {0x300D, 0xA1, 0xB9}, /* 」 */
    {0x300E, 0xA1, 0xBA}, /* 『 */
    {0x300F, 0xA1, 0xBB}, /* 』 */
    {0x3010, 0xA1, 0xBE}, /* 【 */
    {0x3011, 0xA1, 0xBF}, /* 】 */
    {0x3013, 0xA1, 0xFE}, /* 〓 */
    {0x3014, 0xA1, 0xB2}, /* 〔 */
    {0x3015, 0xA1, 0xB3}, /* 〕 */
    {0x3016, 0xA1, 0xBC}, /* 〖 */
    {0x3017, 0xA1, 0xBD}, /* 〗 */
    {0x3041, 0xA4, 0xA1}, /* ぁ */
    {0x3042, 0xA4, 0xA2}, /* あ */
    {0x3043, 0xA4, 0xA3}, /* ぃ */
    {0x3044, 0xA4, 0xA4}, /* い */
    {0x3045, 0xA4, 0xA5}, /* ぅ */
    {0x3046, 0xA4, 0xA6}, /* う */
    {0x3047, 0xA4, 0xA7}, /* ぇ */
    {0x3048, 0xA4, 0xA8}, /* え */
    {0x3049, 0xA4, 0xA9}, /* ぉ */
    {0x304A, 0xA4, 0xAA}, /* お */
    {0x304B, 0xA4, 0xAB}, /* か */
    {0x304C, 0xA4, 0xAC}, /* が */
    {0x304D, 0xA4, 0xAD}, /* き */
    {0x304E, 0xA4, 0xAE}, /* ぎ */
    {0x304F, 0xA4, 0xAF}, /* く */
    {0x3050, 0xA4, 0xB0}, /* ぐ */
    {0x3051, 0xA4, 0xB1}, /* け */
    {0x3052, 0xA4, 0xB2}, /* げ */
    {0x3053, 0xA4, 0xB3}, /* こ */
    {0x3054, 0xA4, 0xB4}, /* ご */
    {0x3055, 0xA4, 0xB5}, /* さ */
    {0x3056, 0xA4, 0xB6}, /* ざ */
    {0x3057, 0xA4, 0xB7}, /* し */
    {0x3058, 0xA4, 0xB8}, /* じ */
    {0x3059, 0xA4, 0xB9}, /* す */
    {0x305A, 0xA4, 0xBA}, /* ず */
    {0x305B, 0xA4, 0xBB}, /* せ */
    {0x305C, 0xA4, 0xBC}, /* ぜ */
    {0x305D, 0xA4, 0xBD}, /* そ */
    {0x305E, 0xA4, 0xBE}, /* ぞ */
    {0x305F, 0xA4, 0xBF}, /* た */
    {0x3060, 0xA4, 0xC0}, /* だ */
    {0x3061, 0xA4, 0xC1}, /* ち */
    {0x3062, 0xA4, 0xC2}, /* ぢ */
    {0x3063, 0xA4, 0xC3}, /* っ */
    {0x3064, 0xA4, 0xC4}, /* つ */
    {0x3065, 0xA4, 0xC5}, /* づ */
    {0x3066, 0xA4, 0xC6}, /* て */
    {0x3067, 0xA4, 0xC7}, /* で */
    {0x3068, 0xA4, 0xC8}, /* と */
    {0x3069, 0xA4, 0xC9}, /* ど */
    {0x306A, 0xA4, 0xCA}, /* な */
    {0x306B, 0xA4, 0xCB}, /* に */
    {0x306C, 0xA4, 0xCC}, /* ぬ */
    {0x306D, 0xA4, 0xCD}, /* ね */
    {0x306E, 0xA4, 0xCE}, /* の */
    {0x306F, 0xA4, 0xCF}, /* は */
    {0x3070, 0xA4, 0xD0}, /* ば */
    {0x3071, 0xA4, 0xD1}, /* ぱ */
    {0x3072, 0xA4, 0xD2}, /* ひ */
    {0x3073, 0xA4, 0xD3}, /* び */
    {0x3074, 0xA4, 0xD4}, /* ぴ */
    {0x3075, 0xA4, 0xD5}, /* ふ */
    {0x3076, 0xA4, 0xD6}, /* ぶ */
    {0x3077, 0xA4, 0xD7}, /* ぷ */
    {0x3078, 0xA4, 0xD8}, /* へ */
    {0x3079, 0xA4, 0xD9}, /* べ */
    {0x307A, 0xA4, 0xDA}, /* ぺ */
    {0x307B, 0xA4, 0xDB}, /* ほ */
    {0x307C, 0xA4, 0xDC}, /* ぼ */
    {0x307D, 0xA4, 0xDD}, /* ぽ */
    {0x307E, 0xA4, 0xDE}, /* ま */
    {0x307F, 0xA4, 0xDF}, /* み */
    {0x3080, 0xA4, 0xE0}, /* む */
    {0x3081, 0xA4, 0xE1}, /* め */
    {0x3082, 0xA4, 0xE2}, /* も */
    {0x3083, 0xA4, 0xE3}, /* ゃ */
    {0x3084, 0xA4, 0xE4}, /* や */
    {0x3085, 0xA4, 0xE5}, /* ゅ */
    {0x3086, 0xA4, 0xE6}, /* ゆ */
    {0x3087, 0xA4, 0xE7}, /* ょ */
    {0x3088, 0xA4, 0xE8}, /* よ */
    {0x3089, 0xA4, 0xE9}, /* ら */
    {0x308A, 0xA4, 0xEA}, /* り */
    {0x308B, 0xA4, 0xEB}, /* る */
    {0x308C, 0xA4, 0xEC}, /* れ */
    {0x308D, 0xA4, 0xED}, /* ろ */
    {0x308E, 0xA4, 0xEE}, /* ゎ */
    {0x308F, 0xA4, 0xEF}, /* わ */
    {0x3090, 0xA4, 0xF0}, /* ゐ */
    {0x3091, 0xA4, 0xF1}, /* ゑ */
    {0x3092, 0xA4, 0xF2}, /* を */
    {0x3093, 0xA4, 0xF3}, /* ん */
    {0x30A1, 0xA5, 0xA1}, /* ァ */
    {0x30A2, 0xA5, 0xA2}, /* ア */
    {0x30A3, 0xA5, 0xA3}, /* ィ */
    {0x30A4, 0xA5, 0xA4}, /* イ */
    {0x30A5, 0xA5, 0xA5}, /* ゥ */
    {0x30A6, 0xA5, 0xA6}, /* ウ */
    {0x30A7, 0xA5, 0xA7}, /* ェ */
    {0x30A8, 0xA5, 0xA8}, /* エ */
    {0x30A9, 0xA5, 0xA9}, /* ォ */
    {0x30AA, 0xA5, 0xAA}, /* オ */
    {0x30AB, 0xA5, 0xAB}, /* カ */
    {0x30AC, 0xA5, 0xAC}, /* ガ */
    {0x30AD, 0xA5, 0xAD}, /* キ */
    {0x30AE, 0xA5, 0xAE}, /* ギ */
    {0x30AF, 0xA5, 0xAF}, /* ク */
    {0x30B0, 0xA5, 0xB0}, /* グ */
    {0x30B1, 0xA5, 0xB1}, /* ケ */
    {0x30B2, 0xA5, 0xB2}, /* ゲ */
    {0x30B3, 0xA5, 0xB3}, /* コ */
    {0x30B4, 0xA5, 0xB4}, /* ゴ */
    {0x30B5, 0xA5, 0xB5}, /* サ */
    {0x30B6, 0xA5, 0xB6}, /* ザ */
    {0x30B7, 0xA5, 0xB7}, /* シ */
    {0x30B8, 0xA5, 0xB8}, /* ジ */
    {0x30B9, 0xA5, 0xB9}, /* ス */
    {0x30BA, 0xA5, 0xBA}, /* ズ */
    {0x30BB, 0xA5, 0xBB}, /* セ */
    {0x30BC, 0xA5, 0xBC}, /* ゼ */
    {0x30BD, 0xA5, 0xBD}, /* ソ */
    {0x30BE, 0xA5, 0xBE}, /* ゾ */
    {0x30BF, 0xA5, 0xBF}, /* タ */
    {0x30C0, 0xA5, 0xC0}, /* ダ */
    {0x30C1, 0xA5, 0xC1}, /* チ */
    {0x30C2, 0xA5, 0xC2}, /* ヂ */
    {0x30C3, 0xA5, 0xC3}, /* ッ */
    {0x30C4, 0xA5, 0xC4}, /* ツ */
    {0x30C5, 0xA5, 0xC5}, /* ヅ */
    {0x30C6, 0xA5, 0xC6}, /* テ */
    {0x30C7, 0xA5, 0xC7}, /* デ */
    {0x30C8, 0xA5, 0xC8}, /* ト */
    {0x30C9, 0xA5, 0xC9}, /* ド */
    {0x30CA, 0xA5, 0xCA}, /* ナ */
    {0x30CB, 0xA5, 0xCB}, /* ニ */
    {0x30CC, 0xA5, 0xCC}, /* ヌ */
    {0x30CD, 0xA5, 0xCD}, /* ネ */
    {0x30CE, 0xA5, 0xCE}, /* ノ */
    {0x30CF, 0xA5, 0xCF}, /* ハ */
    {0x30D0, 0xA5, 0xD0}, /* バ */
    {0x30D1, 0xA5, 0xD1}, /* パ */
    {0x30D2, 0xA5, 0xD2}, /* ヒ */
    {0x30D3, 0xA5, 0xD3}, /* ビ */
    {0x30D4, 0xA5, 0xD4}, /* ピ */
    {0x30D5, 0xA5, 0xD5}, /* フ */
    {0x30D6, 0xA5, 0xD6}, /* ブ */
    {0x30D7, 0xA5, 0xD7}, /* プ */
    {0x30D8, 0xA5, 0xD8}, /* ヘ */
    {0x30D9, 0xA5, 0xD9}, /* ベ */
    {0x30DA, 0xA5, 0xDA}, /* ペ */
    {0x30DB, 0xA5, 0xDB}, /* ホ */
    {0x30DC, 0xA5, 0xDC}, /* ボ */
    {0x30DD, 0xA5, 0xDD}, /* ポ */
    {0x30DE, 0xA5, 0xDE}, /* マ */
    {0x30DF, 0xA5, 0xDF}, /* ミ */
    {0x30E0, 0xA5, 0xE0}, /* ム */
    {0x30E1, 0xA5, 0xE1}, /* メ */
    {0x30E2, 0xA5, 0xE2}, /* モ */
    {0x30E3, 0xA5, 0xE3}, /* ャ */
    {0x30E4, 0xA5, 0xE4}, /* ヤ */
    {0x30E5, 0xA5, 0xE5}, /* ュ */
    {0x30E6, 0xA5, 0xE6}, /* ユ */
    {0x30E7, 0xA5, 0xE7}, /* ョ */
    {0x30E8, 0xA5, 0xE8}, /* ヨ */
    {0x30E9, 0xA5, 0xE9}, /* ラ */
    {0x30EA, 0xA5, 0xEA}, /* リ */
    {0x30EB, 0xA5, 0xEB}, /* ル */
    {0x30EC, 0xA5, 0xEC}, /* レ */
    {0x30ED, 0xA5, 0xED}, /* ロ */
    {0x30EE, 0xA5, 0xEE}, /* ヮ */
    {0x30EF, 0xA5, 0xEF}, /* ワ */
    {0x30F0, 0xA5, 0xF0}, /* ヰ */
    {0x30F1, 0xA5, 0xF1}, /* ヱ */
    {0x30F2, 0xA5, 0xF2}, /* ヲ */
    {0x30F3, 0xA5, 0xF3}, /* ン */
    {0x30F4, 0xA5, 0xF4}, /* ヴ */
    {0x30F5, 0xA5, 0xF5}, /* ヵ */
    {0x30F6, 0xA5, 0xF6}, /* ヶ */
    {0x30FB, 0xA1, 0xA4}, /* ・ */
    {0x3105, 0xA8, 0xC5}, /* ㄅ */
    {0x3106, 0xA8, 0xC6}, /* ㄆ */
    {0x3107, 0xA8, 0xC7}, /* ㄇ */
    {0x3108, 0xA8, 0xC8}, /* ㄈ */
    {0x3109, 0xA8, 0xC9}, /* ㄉ */
    {0x310A, 0xA8, 0xCA}, /* ㄊ */
    {0x310B, 0xA8, 0xCB}, /* ㄋ */
    {0x310C, 0xA8, 0xCC}, /* ㄌ */
    {0x310D, 0xA8, 0xCD}, /* ㄍ */
    {0x310E, 0xA8, 0xCE}, /* ㄎ */
    {0x310F, 0xA8, 0xCF}, /* ㄏ */
    {0x3110, 0xA8, 0xD0}, /* ㄐ */
    {0x3111, 0xA8, 0xD1}, /* ㄑ */
    {0x3112, 0xA8, 0xD2}, /* ㄒ */
    {0x3113, 0xA8, 0xD3}, /* ㄓ */
    {0x3114, 0xA8, 0xD4}, /* ㄔ */
    {0x3115, 0xA8, 0xD5}, /* ㄕ */
    {0x3116, 0xA8, 0xD6}, /* ㄖ */
    {0x3117, 0xA8, 0xD7}, /* ㄗ */
    {0x3118, 0xA8, 0xD8}, /* ㄘ */
    {0x3119, 0xA8, 0xD9}, /* ㄙ */
    {0x311A, 0xA8, 0xDA}, /* ㄚ */
    {0x311B, 0xA8, 0xDB}, /* ㄛ */
    {0x311C, 0xA8, 0xDC}, /* ㄜ */
    {0x311D, 0xA8, 0xDD}, /* ㄝ */
    {0x311E, 0xA8, 0xDE}, /* ㄞ */
    {0x311F, 0xA8, 0xDF}, /* ㄟ */
    {0x3120, 0xA8, 0xE0}, /* ㄠ */
    {0x3121, 0xA8, 0xE1}, /* ㄡ */
    {0x3122, 0xA8, 0xE2}, /* ㄢ */
    {0x3123, 0xA8, 0xE3}, /* ㄣ */
    {0x3124, 0xA8, 0xE4}, /* ㄤ */
    {0x3125, 0xA8, 0xE5}, /* ㄥ */
    {0x3126, 0xA8, 0xE6}, /* ㄦ */
    {0x3127, 0xA8, 0xE7}, /* ㄧ */
    {0x3128, 0xA8, 0xE8}, /* ㄨ */
    {0x3129, 0xA8, 0xE9}, /* ㄩ */
    {0x3220, 0xA2, 0xE5}, /* ㈠ */
    {0x3221, 0xA2, 0xE6}, /* ㈡ */
    {0x3222, 0xA2, 0xE7}, /* ㈢ */
    {0x3223, 0xA2, 0xE8}, /* ㈣ */
    {0x3224, 0xA2, 0xE9}, /* ㈤ */
    {0x3225, 0xA2, 0xEA}, /* ㈥ */
    {0x3226, 0xA2, 0xEB}, /* ㈦ */
    {0x3227, 0xA2, 0xEC}, /* ㈧ */
    {0x3228, 0xA2, 0xED}, /* ㈨ */
    {0x3229, 0xA2, 0xEE}, /* ㈩ */
    {0x4E00, 0xD2, 0xBB}, /* 一 */
    {0x4E01, 0xB6, 0xA1}, /* 丁 */
    {0x4E03, 0xC6, 0xDF}, /* 七 */
    {0x4E07, 0xCD, 0xF2}, /* 万 */
    {0x4E08, 0xD5, 0xC9}, /* 丈 */
    {0x4E09, 0xC8, 0xFD}, /* 三 */
    {0x4E0A, 0xC9, 0xCF}, /* 上 */
    {0x4E0B, 0xCF, 0xC2}, /* 下 */
    {0x4E0C, 0xD8, 0xA2}, /* 丌 */
    {0x4E0D, 0xB2, 0xBB}, /* 不 */
    {0x4E0E, 0xD3, 0xEB}, /* 与 */
    {0x4E10, 0xD8, 0xA4}, /* 丐 */
    {0x4E11, 0xB3, 0xF3}, /* 丑 */
    {0x4E13, 0xD7, 0xA8}, /* 专 */
    {0x4E14, 0xC7, 0xD2}, /* 且 */
    {0x4E15, 0xD8, 0xA7}, /* 丕 */
    {0x4E16, 0xCA, 0xC0}, /* 世 */
    {0x4E18, 0xC7, 0xF0}, /* 丘 */
    {0x4E19, 0xB1, 0xFB}, /* 丙 */
    {0x4E1A, 0xD2, 0xB5}, /* 业 */
    {0x4E1B, 0xB4, 0xD4}, /* 丛 */
    {0x4E1C, 0xB6, 0xAB}, /* 东 */
    {0x4E1D, 0xCB, 0xBF}, /* 丝 */
    {0x4E1E, 0xD8, 0xA9}, /* 丞 */
    {0x4E22, 0xB6, 0xAA}, /* 丢 */
    {0x4E24, 0xC1, 0xBD}, /* 两 */
    {0x4E25, 0xD1, 0xCF}, /* 严 */
    {0x4E27, 0xC9, 0xA5}, /* 丧 */
    {0x4E28, 0xD8, 0xAD}, /* 丨 */
    {0x4E2A, 0xB8, 0xF6}, /* 个 */
    {0x4E2B, 0xD1, 0xBE}, /* 丫 */
    {0x4E2C, 0xE3, 0xDC}, /* 丬 */
    {0x4E2D, 0xD6, 0xD0}, /* 中 */
    {0x4E30, 0xB7, 0xE1}, /* 丰 */
    {0x4E32, 0xB4, 0xAE}, /* 串 */
    {0x4E34, 0xC1, 0xD9}, /* 临 */
    {0x4E36, 0xD8, 0xBC}, /* 丶 */
    {0x4E38, 0xCD, 0xE8}, /* 丸 */
    {0x4E39, 0xB5, 0xA4}, /* 丹 */
    {0x4E3A, 0xCE, 0xAA}, /* 为 */
    {0x4E3B, 0xD6, 0xF7}, /* 主 */
    {0x4E3D, 0xC0, 0xF6}, /* 丽 */
    {0x4E3E, 0xBE, 0xD9}, /* 举 */
    {0x4E3F, 0xD8, 0xAF}, /* 丿 */
    {0x4E43, 0xC4, 0xCB}, /* 乃 */
    {0x4E45, 0xBE, 0xC3}, /* 久 */
    {0x4E47, 0xD8, 0xB1}, /* 乇 */
    {0x4E48, 0xC3, 0xB4}, /* 么 */
    {0x4E49, 0xD2, 0xE5}, /* 义 */
    {0x4E4B, 0xD6, 0xAE}, /* 之 */
    {0x4E4C, 0xCE, 0xDA}, /* 乌 */
    {0x4E4D, 0xD5, 0xA7}, /* 乍 */
    {0x4E4E, 0xBA, 0xF5}, /* 乎 */
    {0x4E4F, 0xB7, 0xA6}, /* 乏 */
    {0x4E50, 0xC0, 0xD6}, /* 乐 */
    {0x4E52, 0xC6, 0xB9}, /* 乒 */
    {0x4E53, 0xC5, 0xD2}, /* 乓 */
    {0x4E54, 0xC7, 0xC7}, /* 乔 */
    {0x4E56, 0xB9, 0xD4}, /* 乖 */
    {0x4E58, 0xB3, 0xCB}, /* 乘 */
    {0x4E59, 0xD2, 0xD2}, /* 乙 */
    {0x4E5C, 0xD8, 0xBF}, /* 乜 */
    {0x4E5D, 0xBE, 0xC5}, /* 九 */
    {0x4E5E, 0xC6, 0xF2}, /* 乞 */
    {0x4E5F, 0xD2, 0xB2}, /* 也 */
    {0x4E60, 0xCF, 0xB0}, /* 习 */
    {0x4E61, 0xCF, 0xE7}, /* 乡 */
    {0x4E66, 0xCA, 0xE9}, /* 书 */
    {0x4E69, 0xD8, 0xC0}, /* 乩 */
    {0x4E70, 0xC2, 0xF2}, /* 买 */
    {0x4E71, 0xC2, 0xD2}, /* 乱 */
    {0x4E73, 0xC8, 0xE9}, /* 乳 */
    {0x4E7E, 0xC7, 0xAC}, /* 乾 */
    {0x4E86, 0xC1, 0xCB}, /* 了 */
    {0x4E88, 0xD3, 0xE8}, /* 予 */
    {0x4E89, 0xD5, 0xF9}, /* 争 */
    {0x4E8B, 0xCA, 0xC2}, /* 事 */
    {0x4E8C, 0xB6, 0xFE}, /* 二 */
    {0x4E8D, 0xD8, 0xA1}, /* 亍 */
    {0x4E8E, 0xD3, 0xDA}, /* 于 */
    {0x4E8F, 0xBF, 0xF7}, /* 亏 */
    {0x4E91, 0xD4, 0xC6}, /* 云 */
    {0x4E92, 0xBB, 0xA5}, /* 互 */
    {0x4E93, 0xD8, 0xC1}, /* 亓 */
    {0x4E94, 0xCE, 0xE5}, /* 五 */
    {0x4E95, 0xBE, 0xAE}, /* 井 */
    {0x4E98, 0xD8, 0xA8}, /* 亘 */
    {0x4E9A, 0xD1, 0xC7}, /* 亚 */
    {0x4E9B, 0xD0, 0xA9}, /* 些 */
    {0x4E9F, 0xD8, 0xBD}, /* 亟 */
    {0x4EA0, 0xD9, 0xEF}, /* 亠 */
    {0x4EA1, 0xCD, 0xF6}, /* 亡 */
    {0x4EA2, 0xBF, 0xBA}, /* 亢 */
    {0x4EA4, 0xBD, 0xBB}, /* 交 */
    {0x4EA5, 0xBA, 0xA5}, /* 亥 */
    {0x4EA6, 0xD2, 0xE0}, /* 亦 */
    {0x4EA7, 0xB2, 0xFA}, /* 产 */
    {0x4EA8, 0xBA, 0xE0}, /* 亨 */
    {0x4EA9, 0xC4, 0xB6}, /* 亩 */
    {0x4EAB, 0xCF, 0xED}, /* 享 */
    {0x4EAC, 0xBE, 0xA9}, /* 京 */
    {0x4EAD, 0xCD, 0xA4}, /* 亭 */
    {0x4EAE, 0xC1, 0xC1}, /* 亮 */
    {0x4EB2, 0xC7, 0xD7}, /* 亲 */
    {0x4EB3, 0xD9, 0xF1}, /* 亳 */
    {0x4EB5, 0xD9, 0xF4}, /* 亵 */
    {0x4EBA, 0xC8, 0xCB}, /* 人 */
    {0x4EBB, 0xD8, 0xE9}, /* 亻 */
    {0x4EBF, 0xD2, 0xDA}, /* 亿 */
    {0x4EC0, 0xCA, 0xB2}, /* 什 */
    {0x4EC1, 0xC8, 0xCA}, /* 仁 */
    {0x4EC2, 0xD8, 0xEC}, /* 仂 */
    {0x4EC3, 0xD8, 0xEA}, /* 仃 */
    {0x4EC4, 0xD8, 0xC6}, /* 仄 */
    {0x4EC5, 0xBD, 0xF6}, /* 仅 */
    {0x4EC6, 0xC6, 0xCD}, /* 仆 */
    {0x4EC7, 0xB3, 0xF0}, /* 仇 */
    {0x4EC9, 0xD8, 0xEB}, /* 仉 */
    {0x4ECA, 0xBD, 0xF1}, /* 今 */
    {0x4ECB, 0xBD, 0xE9}, /* 介 */
    {0x4ECD, 0xC8, 0xD4}, /* 仍 */
    {0x4ECE, 0xB4, 0xD3}, /* 从 */
    {0x4ED1, 0xC2, 0xD8}, /* 仑 */
    {0x4ED3, 0xB2, 0xD6}, /* 仓 */
    {0x4ED4, 0xD7, 0xD0}, /* 仔 */
    {0x4ED5, 0xCA, 0xCB}, /* 仕 */
    {0x4ED6, 0xCB, 0xFB}, /* 他 */
    {0x4ED7, 0xD5, 0xCC}, /* 仗 */
    {0x4ED8, 0xB8, 0xB6}, /* 付 */
    {0x4ED9, 0xCF, 0xC9}, /* 仙 */
    {0x4EDD, 0xD9, 0xDA}, /* 仝 */
    {0x4EDE, 0xD8, 0xF0}, /* 仞 */
    {0x4EDF, 0xC7, 0xAA}, /* 仟 */
    {0x4EE1, 0xD8, 0xEE}, /* 仡 */
    {0x4EE3, 0xB4, 0xFA}, /* 代 */
    {0x4EE4, 0xC1, 0xEE}, /* 令 */
    {0x4EE5, 0xD2, 0xD4}, /* 以 */
    {0x4EE8, 0xD8, 0xED}, /* 仨 */
    {0x4EEA, 0xD2, 0xC7}, /* 仪 */
    {0x4EEB, 0xD8, 0xEF}, /* 仫 */
    {0x4EEC, 0xC3, 0xC7}, /* 们 */
    {0x4EF0, 0xD1, 0xF6}, /* 仰 */
    {0x4EF2, 0xD6, 0xD9}, /* 仲 */
    {0x4EF3, 0xD8, 0xF2}, /* 仳 */
    {0x4EF5, 0xD8, 0xF5}, /* 仵 */
    {0x4EF6, 0xBC, 0xFE}, /* 件 */
    {0x4EF7, 0xBC, 0xDB}, /* 价 */
    {0x4EFB, 0xC8, 0xCE}, /* 任 */
    {0x4EFD, 0xB7, 0xDD}, /* 份 */
    {0x4EFF, 0xB7, 0xC2}, /* 仿 */
    {0x4F01, 0xC6, 0xF3}, /* 企 */
    {0x4F09, 0xD8, 0xF8}, /* 伉 */
    {0x4F0A, 0xD2, 0xC1}, /* 伊 */
    {0x4F0D, 0xCE, 0xE9}, /* 伍 */
    {0x4F0E, 0xBC, 0xBF}, /* 伎 */
    {0x4F0F, 0xB7, 0xFC}, /* 伏 */
    {0x4F10, 0xB7, 0xA5}, /* 伐 */
    {0x4F11, 0xD0, 0xDD}, /* 休 */
    {0x4F17, 0xD6, 0xDA}, /* 众 */
    {0x4F18, 0xD3, 0xC5}, /* 优 */
    {0x4F19, 0xBB, 0xEF}, /* 伙 */
    {0x4F1A, 0xBB, 0xE1}, /* 会 */
    {0x4F1B, 0xD8, 0xF1}, /* 伛 */
    {0x4F1E, 0xC9, 0xA1}, /* 伞 */
    {0x4F1F, 0xCE, 0xB0}, /* 伟 */
    {0x4F20, 0xB4, 0xAB}, /* 传 */
    {0x4F22, 0xD8, 0xF3}, /* 伢 */
    {0x4F24, 0xC9, 0xCB}, /* 伤 */
    {0x4F25, 0xD8, 0xF6}, /* 伥 */
    {0x4F26, 0xC2, 0xD7}, /* 伦 */
    {0x4F27, 0xD8, 0xF7}, /* 伧 */
    {0x4F2A, 0xCE, 0xB1}, /* 伪 */
    {0x4F2B, 0xD8, 0xF9}, /* 伫 */
    {0x4F2F, 0xB2, 0xAE}, /* 伯 */
    {0x4F30, 0xB9, 0xC0}, /* 估 */
    {0x4F32, 0xD9, 0xA3}, /* 伲 */
    {0x4F34, 0xB0, 0xE9}, /* 伴 */
    {0x4F36, 0xC1, 0xE6}, /* 伶 */
    {0x4F38, 0xC9, 0xEC}, /* 伸 */
    {0x4F3A, 0xCB, 0xC5}, /* 伺 */
    {0x4F3C, 0xCB, 0xC6}, /* 似 */
    {0x4F3D, 0xD9, 0xA4}, /* 伽 */
    {0x4F43, 0xB5, 0xE8}, /* 佃 */
    {0x4F46, 0xB5, 0xAB}, /* 但 */
    {0x4F4D, 0xCE, 0xBB}, /* 位 */
    {0x4F4E, 0xB5, 0xCD}, /* 低 */
    {0x4F4F, 0xD7, 0xA1}, /* 住 */
    {0x4F50, 0xD7, 0xF4}, /* 佐 */
    {0x4F51, 0xD3, 0xD3}, /* 佑 */
    {0x4F53, 0xCC, 0xE5}, /* 体 */
    {0x4F55, 0xBA, 0xCE}, /* 何 */
    {0x4F57, 0xD9, 0xA2}, /* 佗 */
    {0x4F58, 0xD9, 0xDC}, /* 佘 */
    {0x4F59, 0xD3, 0xE0}, /* 余 */
    {0x4F5A, 0xD8, 0xFD}, /* 佚 */
    {0x4F5B, 0xB7, 0xF0}, /* 佛 */
    {0x4F5C, 0xD7, 0xF7}, /* 作 */
    {0x4F5D, 0xD8, 0xFE}, /* 佝 */
    {0x4F5E, 0xD8, 0xFA}, /* 佞 */
    {0x4F5F, 0xD9, 0xA1}, /* 佟 */
    {0x4F60, 0xC4, 0xE3}, /* 你 */
    {0x4F63, 0xD3, 0xB6}, /* 佣 */
    {0x4F64, 0xD8, 0xF4}, /* 佤 */
    {0x4F65, 0xD9, 0xDD}, /* 佥 */
    {0x4F67, 0xD8, 0xFB}, /* 佧 */
    {0x4F69, 0xC5, 0xE5}, /* 佩 */
    {0x4F6C, 0xC0, 0xD0}, /* 佬 */
    {0x4F6F, 0xD1, 0xF0}, /* 佯 */
    {0x4F70, 0xB0, 0xDB}, /* 佰 */
    {0x4F73, 0xBC, 0xD1}, /* 佳 */
    {0x4F74, 0xD9, 0xA6}, /* 佴 */
    {0x4F76, 0xD9, 0xA5}, /* 佶 */
    {0x4F7B, 0xD9, 0xAC}, /* 佻 */
    {0x4F7C, 0xD9, 0xAE}, /* 佼 */
    {0x4F7E, 0xD9, 0xAB}, /* 佾 */
    {0x4F7F, 0xCA, 0xB9}, /* 使 */
    {0x4F83, 0xD9, 0xA9}, /* 侃 */
    {0x4F84, 0xD6, 0xB6}, /* 侄 */
    {0x4F88, 0xB3, 0xDE}, /* 侈 */
    {0x4F89, 0xD9, 0xA8}, /* 侉 */
    {0x4F8B, 0xC0, 0xFD}, /* 例 */
    {0x4F8D, 0xCA, 0xCC}, /* 侍 */
    {0x4F8F, 0xD9, 0xAA}, /* 侏 */
    {0x4F91, 0xD9, 0xA7}, /* 侑 */
    {0x4F94, 0xD9, 0xB0}, /* 侔 */
    {0x4F97, 0xB6, 0xB1}, /* 侗 */
    {0x4F9B, 0xB9, 0xA9}, /* 供 */
    {0x4F9D, 0xD2, 0xC0}, /* 依 */
    {0x4FA0, 0xCF, 0xC0}, /* 侠 */
    {0x4FA3, 0xC2, 0xC2}, /* 侣 */
    {0x4FA5, 0xBD, 0xC4}, /* 侥 */
    {0x4FA6, 0xD5, 0xEC}, /* 侦 */
    {0x4FA7, 0xB2, 0xE0}, /* 侧 */
    {0x4FA8, 0xC7, 0xC8}, /* 侨 */
    {0x4FA9, 0xBF, 0xEB}, /* 侩 */
    {0x4FAA, 0xD9, 0xAD}, /* 侪 */
    {0x4FAC, 0xD9, 0xAF}, /* 侬 */
    {0x4FAE, 0xCE, 0xEA}, /* 侮 */
    {0x4FAF, 0xBA, 0xEE}, /* 侯 */
    {0x4FB5, 0xC7, 0xD6}, /* 侵 */
    {0x4FBF, 0xB1, 0xE3}, /* 便 */
    {0x4FC3, 0xB4, 0xD9}, /* 促 */
    {0x4FC4, 0xB6, 0xED}, /* 俄 */
    {0x4FC5, 0xD9, 0xB4}, /* 俅 */
    {0x4FCA, 0xBF, 0xA1}, /* 俊 */
    {0x4FCE, 0xD9, 0xDE}, /* 俎 */
    {0x4FCF, 0xC7, 0xCE}, /* 俏 */
    {0x4FD0, 0xC0, 0xFE}, /* 俐 */
    {0x4FD1, 0xD9, 0xB8}, /* 俑 */
    {0x4FD7, 0xCB, 0xD7}, /* 俗 */
    {0x4FD8, 0xB7, 0xFD}, /* 俘 */
    {0x4FDA, 0xD9, 0xB5}, /* 俚 */
    {0x4FDC, 0xD9, 0xB7}, /* 俜 */
    {0x4FDD, 0xB1, 0xA3}, /* 保 */
    {0x4FDE, 0xD3, 0xE1}, /* 俞 */
    {0x4FDF, 0xD9, 0xB9}, /* 俟 */
    {0x4FE1, 0xD0, 0xC5}, /* 信 */
    {0x4FE3, 0xD9, 0xB6}, /* 俣 */
    {0x4FE6, 0xD9, 0xB1}, /* 俦 */
    {0x4FE8, 0xD9, 0xB2}, /* 俨 */
    {0x4FE9, 0xC1, 0xA9}, /* 俩 */
    {0x4FEA, 0xD9, 0xB3}, /* 俪 */
    {0x4FED, 0xBC, 0xF3}, /* 俭 */
    {0x4FEE, 0xD0, 0xDE}, /* 修 */
    {0x4FEF, 0xB8, 0xA9}, /* 俯 */
    {0x4FF1, 0xBE, 0xE3}, /* 俱 */
    {0x4FF3, 0xD9, 0xBD}, /* 俳 */
    {0x4FF8, 0xD9, 0xBA}, /* 俸 */
    {0x4FFA, 0xB0, 0xB3}, /* 俺 */
    {0x4FFE, 0xD9, 0xC2}, /* 俾 */
    {0x500C, 0xD9, 0xC4}, /* 倌 */
    {0x500D, 0xB1, 0xB6}, /* 倍 */
    {0x500F, 0xD9, 0xBF}, /* 倏 */
    {0x5012, 0xB5, 0xB9}, /* 倒 */
    {0x5014, 0xBE, 0xF3}, /* 倔 */
    {0x5018, 0xCC, 0xC8}, /* 倘 */
    {0x5019, 0xBA, 0xF2}, /* 候 */
    {0x501A, 0xD2, 0xD0}, /* 倚 */
    {0x501C, 0xD9, 0xC3}, /* 倜 */
    {0x501F, 0xBD, 0xE8}, /* 借 */
    {0x5021, 0xB3, 0xAB}, /* 倡 */
    {0x5025, 0xD9, 0xC5}, /* 倥 */
    {0x5026, 0xBE, 0xEB}, /* 倦 */
    {0x5028, 0xD9, 0xC6}, /* 倨 */
    {0x5029, 0xD9, 0xBB}, /* 倩 */
    {0x502A, 0xC4, 0xDF}, /* 倪 */
    {0x502C, 0xD9, 0xBE}, /* 倬 */
    {0x502D, 0xD9, 0xC1}, /* 倭 */
    {0x502E, 0xD9, 0xC0}, /* 倮 */
    {0x503A, 0xD5, 0xAE}, /* 债 */
    {0x503C, 0xD6, 0xB5}, /* 值 */
    {0x503E, 0xC7, 0xE3}, /* 倾 */
    {0x5043, 0xD9, 0xC8}, /* 偃 */
    {0x5047, 0xBC, 0xD9}, /* 假 */
    {0x5048, 0xD9, 0xCA}, /* 偈 */
    {0x504C, 0xD9, 0xBC}, /* 偌 */
    {0x504E, 0xD9, 0xCB}, /* 偎 */
    {0x504F, 0xC6, 0xAB}, /* 偏 */
    {0x5055, 0xD9, 0xC9}, /* 偕 */
    {0x505A, 0xD7, 0xF6}, /* 做 */
    {0x505C, 0xCD, 0xA3}, /* 停 */
    {0x5065, 0xBD, 0xA1}, /* 健 */
    {0x506C, 0xD9, 0xCC}, /* 偬 */
    {0x5076, 0xC5, 0xBC}, /* 偶 */
    {0x5077, 0xCD, 0xB5}, /* 偷 */
    {0x507B, 0xD9, 0xCD}, /* 偻 */
    {0x507E, 0xD9, 0xC7}, /* 偾 */
    {0x507F, 0xB3, 0xA5}, /* 偿 */
    {0x5080, 0xBF, 0xFE}, /* 傀 */
    {0x5085, 0xB8, 0xB5}, /* 傅 */
    {0x5088, 0xC0, 0xFC}, /* 傈 */
    {0x508D, 0xB0, 0xF8}, /* 傍 */
    {0x50A3, 0xB4, 0xF6}, /* 傣 */
    {0x50A5, 0xD9, 0xCE}, /* 傥 */
    {0x50A7, 0xD9, 0xCF}, /* 傧 */
    {0x50A8, 0xB4, 0xA2}, /* 储 */
    {0x50A9, 0xD9, 0xD0}, /* 傩 */
    {0x50AC, 0xB4, 0xDF}, /* 催 */
    {0x50B2, 0xB0, 0xC1}, /* 傲 */
    {0x50BA, 0xD9, 0xD1}, /* 傺 */
    {0x50BB, 0xC9, 0xB5}, /* 傻 */
    {0x50CF, 0xCF, 0xF1}, /* 像 */
    {0x50D6, 0xD9, 0xD2}, /* 僖 */
    {0x50DA, 0xC1, 0xC5}, /* 僚 */
    {0x50E6, 0xD9, 0xD6}, /* 僦 */
    {0x50E7, 0xC9, 0xAE}, /* 僧 */
    {0x50EC, 0xD9, 0xD5}, /* 僬 */
    {0x50ED, 0xD9, 0xD4}, /* 僭 */
    {0x50EE, 0xD9, 0xD7}, /* 僮 */
    {0x50F3, 0xCB, 0xDB}, /* 僳 */
    {0x50F5, 0xBD, 0xA9}, /* 僵 */
    {0x50FB, 0xC6, 0xA7}, /* 僻 */
    {0x5106, 0xD9, 0xD3}, /* 儆 */
    {0x5107, 0xD9, 0xD8}, /* 儇 */
    {0x510B, 0xD9, 0xD9}, /* 儋 */
    {0x5112, 0xC8, 0xE5}, /* 儒 */
    {0x5121, 0xC0, 0xDC}, /* 儡 */
    {0x513F, 0xB6, 0xF9}, /* 儿 */
    {0x5140, 0xD8, 0xA3}, /* 兀 */
    {0x5141, 0xD4, 0xCA}, /* 允 */
    {0x5143, 0xD4, 0xAA}, /* 元 */
    {0x5144, 0xD0, 0xD6}, /* 兄 */
    {0x5145, 0xB3, 0xE4}, /* 充 */
    {0x5146, 0xD5, 0xD7}, /* 兆 */
    {0x5148, 0xCF, 0xC8}, /* 先 */
    {0x5149, 0xB9, 0xE2}, /* 光 */
    {0x514B, 0xBF, 0xCB}, /* 克 */
    {0x514D, 0xC3, 0xE2}, /* 免 */
    {0x5151, 0xB6, 0xD2}, /* 兑 */
    {0x5154, 0xCD, 0xC3}, /* 兔 */
    {0x5155, 0xD9, 0xEE}, /* 兕 */
    {0x5156, 0xD9, 0xF0}, /* 兖 */
    {0x515A, 0xB5, 0xB3}, /* 党 */
    {0x515C, 0xB6, 0xB5}, /* 兜 */
    {0x5162, 0xBE, 0xA4}, /* 兢 */
    {0x5165, 0xC8, 0xEB}, /* 入 */
    {0x5168, 0xC8, 0xAB}, /* 全 */
    {0x516B, 0xB0, 0xCB}, /* 八 */
    {0x516C, 0xB9, 0xAB}, /* 公 */
    {0x516D, 0xC1, 0xF9}, /* 六 */
    {0x516E, 0xD9, 0xE2}, /* 兮 */
    {0x5170, 0xC0, 0xBC}, /* 兰 */
    {0x5171, 0xB9, 0xB2}, /* 共 */
    {0x5173, 0xB9, 0xD8}, /* 关 */
    {0x5174, 0xD0, 0xCB}, /* 兴 */
    {0x5175, 0xB1, 0xF8}, /* 兵 */
    {0x5176, 0xC6, 0xE4}, /* 其 */
    {0x5177, 0xBE, 0xDF}, /* 具 */
    {0x5178, 0xB5, 0xE4}, /* 典 */
    {0x5179, 0xD7, 0xC8}, /* 兹 */
    {0x517B, 0xD1, 0xF8}, /* 养 */
    {0x517C, 0xBC, 0xE6}, /* 兼 */
    {0x517D, 0xCA, 0xDE}, /* 兽 */
    {0x5180, 0xBC, 0xBD}, /* 冀 */
    {0x5181, 0xD9, 0xE6}, /* 冁 */
    {0x5182, 0xD8, 0xE7}, /* 冂 */
    {0x5185, 0xC4, 0xDA}, /* 内 */
    {0x5188, 0xB8, 0xD4}, /* 冈 */
    {0x5189, 0xC8, 0xBD}, /* 冉 */
    {0x518C, 0xB2, 0xE1}, /* 册 */
    {0x518D, 0xD4, 0xD9}, /* 再 */
    {0x5192, 0xC3, 0xB0}, /* 冒 */
    {0x5195, 0xC3, 0xE1}, /* 冕 */
    {0x5196, 0xDA, 0xA2}, /* 冖 */
    {0x5197, 0xC8, 0xDF}, /* 冗 */
    {0x5199, 0xD0, 0xB4}, /* 写 */
    {0x519B, 0xBE, 0xFC}, /* 军 */
    {0x519C, 0xC5, 0xA9}, /* 农 */
    {0x51A0, 0xB9, 0xDA}, /* 冠 */
    {0x51A2, 0xDA, 0xA3}, /* 冢 */
    {0x51A4, 0xD4, 0xA9}, /* 冤 */
    {0x51A5, 0xDA, 0xA4}, /* 冥 */
    {0x51AB, 0xD9, 0xFB}, /* 冫 */
    {0x51AC, 0xB6, 0xAC}, /* 冬 */
    {0x51AF, 0xB7, 0xEB}, /* 冯 */
    {0x51B0, 0xB1, 0xF9}, /* 冰 */
    {0x51B1, 0xD9, 0xFC}, /* 冱 */
    {0x51B2, 0xB3, 0xE5}, /* 冲 */
    {0x51B3, 0xBE, 0xF6}, /* 决 */
    {0x51B5, 0xBF, 0xF6}, /* 况 */
    {0x51B6, 0xD2, 0xB1}, /* 冶 */
    {0x51B7, 0xC0, 0xE4}, /* 冷 */
    {0x51BB, 0xB6, 0xB3}, /* 冻 */
    {0x51BC, 0xD9, 0xFE}, /* 冼 */
    {0x51BD, 0xD9, 0xFD}, /* 冽 */
    {0x51C0, 0xBE, 0xBB}, /* 净 */
    {0x51C4, 0xC6, 0xE0}, /* 凄 */
    {0x51C6, 0xD7, 0xBC}, /* 准 */
    {0x51C7, 0xDA, 0xA1}, /* 凇 */
    {0x51C9, 0xC1, 0xB9}, /* 凉 */
    {0x51CB, 0xB5, 0xF2}, /* 凋 */
    {0x51CC, 0xC1, 0xE8}, /* 凌 */
    {0x51CF, 0xBC, 0xF5}, /* 减 */
    {0x51D1, 0xB4, 0xD5}, /* 凑 */
    {0x51DB, 0xC1, 0xDD}, /* 凛 */
    {0x51DD, 0xC4, 0xFD}, /* 凝 */
    {0x51E0, 0xBC, 0xB8}, /* 几 */
    {0x51E1, 0xB7, 0xB2}, /* 凡 */
    {0x51E4, 0xB7, 0xEF}, /* 凤 */
    {0x51EB, 0xD9, 0xEC}, /* 凫 */
    {0x51ED, 0xC6, 0xBE}, /* 凭 */
    {0x51EF, 0xBF, 0xAD}, /* 凯 */
    {0x51F0, 0xBB, 0xCB}, /* 凰 */
    {0x51F3, 0xB5, 0xCA}, /* 凳 */
    {0x51F5, 0xDB, 0xC9}, /* 凵 */
    {0x51F6, 0xD0, 0xD7}, /* 凶 */
    {0x51F8, 0xCD, 0xB9}, /* 凸 */
    {0x51F9, 0xB0, 0xBC}, /* 凹 */
    {0x51FA, 0xB3, 0xF6}, /* 出 */
    {0x51FB, 0xBB, 0xF7}, /* 击 */
    {0x51FC, 0xDB, 0xCA}, /* 凼 */
    {0x51FD, 0xBA, 0xAF}, /* 函 */
    {0x51FF, 0xD4, 0xE4}, /* 凿 */
    {0x5200, 0xB5, 0xB6}, /* 刀 */
    {0x5201, 0xB5, 0xF3}, /* 刁 */
    {0x5202, 0xD8, 0xD6}, /* 刂 */
    {0x5203, 0xC8, 0xD0}, /* 刃 */
    {0x5206, 0xB7, 0xD6}, /* 分 */
    {0x5207, 0xC7, 0xD0}, /* 切 */
    {0x5208, 0xD8, 0xD7}, /* 刈 */
    {0x520A, 0xBF, 0xAF}, /* 刊 */
    {0x520D, 0xDB, 0xBB}, /* 刍 */
    {0x520E, 0xD8, 0xD8}, /* 刎 */
    {0x5211, 0xD0, 0xCC}, /* 刑 */
    {0x5212, 0xBB, 0xAE}, /* 划 */
    {0x5216, 0xEB, 0xBE}, /* 刖 */
    {0x5217, 0xC1, 0xD0}, /* 列 */
    {0x5218, 0xC1, 0xF5}, /* 刘 */
    {0x5219, 0xD4, 0xF2}, /* 则 */
    {0x521A, 0xB8, 0xD5}, /* 刚 */
    {0x521B, 0xB4, 0xB4}, /* 创 */
    {0x521D, 0xB3, 0xF5}, /* 初 */
    {0x5220, 0xC9, 0xBE}, /* 删 */
    {0x5224, 0xC5, 0xD0}, /* 判 */
    {0x5228, 0xC5, 0xD9}, /* 刨 */
    {0x5229, 0xC0, 0xFB}, /* 利 */
    {0x522B, 0xB1, 0xF0}, /* 别 */
    {0x522D, 0xD8, 0xD9}, /* 刭 */
    {0x522E, 0xB9, 0xCE}, /* 刮 */
    {0x5230, 0xB5, 0xBD}, /* 到 */
    {0x5233, 0xD8, 0xDA}, /* 刳 */
    {0x5236, 0xD6, 0xC6}, /* 制 */
    {0x5237, 0xCB, 0xA2}, /* 刷 */
    {0x5238, 0xC8, 0xAF}, /* 券 */
    {0x5239, 0xC9, 0xB2}, /* 刹 */
    {0x523A, 0xB4, 0xCC}, /* 刺 */
    {0x523B, 0xBF, 0xCC}, /* 刻 */
    {0x523D, 0xB9, 0xF4}, /* 刽 */
    {0x523F, 0xD8, 0xDB}, /* 刿 */
    {0x5240, 0xD8, 0xDC}, /* 剀 */
    {0x5241, 0xB6, 0xE7}, /* 剁 */
    {0x5242, 0xBC, 0xC1}, /* 剂 */
    {0x5243, 0xCC, 0xEA}, /* 剃 */
    {0x524A, 0xCF, 0xF7}, /* 削 */
    {0x524C, 0xD8, 0xDD}, /* 剌 */
    {0x524D, 0xC7, 0xB0}, /* 前 */
    {0x5250, 0xB9, 0xD0}, /* 剐 */
    {0x5251, 0xBD, 0xA3}, /* 剑 */
    {0x5254, 0xCC, 0xDE}, /* 剔 */
    {0x5256, 0xC6, 0xCA}, /* 剖 */
    {0x525C, 0xD8, 0xE0}, /* 剜 */
    {0x525E, 0xD8, 0xDE}, /* 剞 */
    {0x5261, 0xD8, 0xDF}, /* 剡 */
    {0x5265, 0xB0, 0xFE}, /* 剥 */
    {0x5267, 0xBE, 0xE7}, /* 剧 */
    {0x5269, 0xCA, 0xA3}, /* 剩 */
    {0x526A, 0xBC, 0xF4}, /* 剪 */
    {0x526F, 0xB8, 0xB1}, /* 副 */
    {0x5272, 0xB8, 0xEE}, /* 割 */
    {0x527D, 0xD8, 0xE2}, /* 剽 */
    {0x527F, 0xBD, 0xCB}, /* 剿 */
    {0x5281, 0xD8, 0xE4}, /* 劁 */
    {0x5282, 0xD8, 0xE3}, /* 劂 */
    {0x5288, 0xC5, 0xFC}, /* 劈 */
    {0x5290, 0xD8, 0xE5}, /* 劐 */
    {0x5293, 0xD8, 0xE6}, /* 劓 */
    {0x529B, 0xC1, 0xA6}, /* 力 */
    {0x529D, 0xC8, 0xB0}, /* 劝 */
    {0x529E, 0xB0, 0xEC}, /* 办 */
    {0x529F, 0xB9, 0xA6}, /* 功 */
    {0x52A0, 0xBC, 0xD3}, /* 加 */
    {0x52A1, 0xCE, 0xF1}, /* 务 */
    {0x52A2, 0xDB, 0xBD}, /* 劢 */
    {0x52A3, 0xC1, 0xD3}, /* 劣 */
    {0x52A8, 0xB6, 0xAF}, /* 动 */
    {0x52A9, 0xD6, 0xFA}, /* 助 */
    {0x52AA, 0xC5, 0xAC}, /* 努 */
    {0x52AB, 0xBD, 0xD9}, /* 劫 */
    {0x52AC, 0xDB, 0xBE}, /* 劬 */
    {0x52AD, 0xDB, 0xBF}, /* 劭 */
    {0x52B1, 0xC0, 0xF8}, /* 励 */
    {0x52B2, 0xBE, 0xA2}, /* 劲 */
    {0x52B3, 0xC0, 0xCD}, /* 劳 */
    {0x52BE, 0xDB, 0xC0}, /* 劾 */
    {0x52BF, 0xCA, 0xC6}, /* 势 */
    {0x52C3, 0xB2, 0xAA}, /* 勃 */
    {0x52C7, 0xD3, 0xC2}, /* 勇 */
    {0x52C9, 0xC3, 0xE3}, /* 勉 */
    {0x52CB, 0xD1, 0xAB}, /* 勋 */
    {0x52D0, 0xDB, 0xC2}, /* 勐 */
    {0x52D2, 0xC0, 0xD5}, /* 勒 */
    {0x52D6, 0xDB, 0xC3}, /* 勖 */
    {0x52D8, 0xBF, 0xB1}, /* 勘 */
    {0x52DF, 0xC4, 0xBC}, /* 募 */
    {0x52E4, 0xC7, 0xDA}, /* 勤 */
    {0x52F0, 0xDB, 0xC4}, /* 勰 */
    {0x52F9, 0xD9, 0xE8}, /* 勹 */
    {0x52FA, 0xC9, 0xD7}, /* 勺 */
    {0x52FE, 0xB9, 0xB4}, /* 勾 */
    {0x52FF, 0xCE, 0xF0}, /* 勿 */
    {0x5300, 0xD4, 0xC8}, /* 匀 */
    {0x5305, 0xB0, 0xFC}, /* 包 */
    {0x5306, 0xB4, 0xD2}, /* 匆 */
    {0x5308, 0xD0, 0xD9}, /* 匈 */
    {0x530D, 0xD9, 0xE9}, /* 匍 */
    {0x530F, 0xDE, 0xCB}, /* 匏 */
    {0x5310, 0xD9, 0xEB}, /* 匐 */
    {0x5315, 0xD8, 0xB0}, /* 匕 */
    {0x5316, 0xBB, 0xAF}, /* 化 */
    {0x5317, 0xB1, 0xB1}, /* 北 */
    {0x5319, 0xB3, 0xD7}, /* 匙 */
    {0x531A, 0xD8, 0xCE}, /* 匚 */
    {0x531D, 0xD4, 0xD1}, /* 匝 */
    {0x5320, 0xBD, 0xB3}, /* 匠 */
    {0x5321, 0xBF, 0xEF}, /* 匡 */
    {0x5323, 0xCF, 0xBB}, /* 匣 */
    {0x5326, 0xD8, 0xD0}, /* 匦 */
    {0x532A, 0xB7, 0xCB}, /* 匪 */
    {0x532E, 0xD8, 0xD1}, /* 匮 */
    {0x5339, 0xC6, 0xA5}, /* 匹 */
    {0x533A, 0xC7, 0xF8}, /* 区 */
    {0x533B, 0xD2, 0xBD}, /* 医 */
    {0x533E, 0xD8, 0xD2}, /* 匾 */
    {0x533F, 0xC4, 0xE4}, /* 匿 */
    {0x5341, 0xCA, 0xAE}, /* 十 */
    {0x5343, 0xC7, 0xA7}, /* 千 */
    {0x5345, 0xD8, 0xA6}, /* 卅 */
    {0x5347, 0xC9, 0xFD}, /* 升 */
    {0x5348, 0xCE, 0xE7}, /* 午 */
    {0x5349, 0xBB, 0xDC}, /* 卉 */
    {0x534A, 0xB0, 0xEB}, /* 半 */
    {0x534E, 0xBB, 0xAA}, /* 华 */
    {0x534F, 0xD0, 0xAD}, /* 协 */
    {0x5351, 0xB1, 0xB0}, /* 卑 */
    {0x5352, 0xD7, 0xE4}, /* 卒 */
    {0x5353, 0xD7, 0xBF}, /* 卓 */
    {0x5355, 0xB5, 0xA5}, /* 单 */
    {0x5356, 0xC2, 0xF4}, /* 卖 */
    {0x5357, 0xC4, 0xCF}, /* 南 */
    {0x535A, 0xB2, 0xA9}, /* 博 */
    {0x535C, 0xB2, 0xB7}, /* 卜 */
    {0x535E, 0xB1, 0xE5}, /* 卞 */
    {0x535F, 0xDF, 0xB2}, /* 卟 */
    {0x5360, 0xD5, 0xBC}, /* 占 */
    {0x5361, 0xBF, 0xA8}, /* 卡 */
    {0x5362, 0xC2, 0xAC}, /* 卢 */
    {0x5363, 0xD8, 0xD5}, /* 卣 */
    {0x5364, 0xC2, 0xB1}, /* 卤 */
    {0x5366, 0xD8, 0xD4}, /* 卦 */
    {0x5367, 0xCE, 0xD4}, /* 卧 */
    {0x5369, 0xDA, 0xE0}, /* 卩 */
    {0x536B, 0xCE, 0xC0}, /* 卫 */
    {0x536E, 0xD8, 0xB4}, /* 卮 */
    {0x536F, 0xC3, 0xAE}, /* 卯 */
    {0x5370, 0xD3, 0xA1}, /* 印 */
    {0x5371, 0xCE, 0xA3}, /* 危 */
    {0x5373, 0xBC, 0xB4}, /* 即 */
    {0x5374, 0xC8, 0xB4}, /* 却 */
    {0x5375, 0xC2, 0xD1}, /* 卵 */
    {0x5377, 0xBE, 0xED}, /* 卷 */
    {0x5378, 0xD0, 0xB6}, /* 卸 */
    {0x537A, 0xDA, 0xE1}, /* 卺 */
    {0x537F, 0xC7, 0xE4}, /* 卿 */
    {0x5382, 0xB3, 0xA7}, /* 厂 */
    {0x5384, 0xB6, 0xF2}, /* 厄 */
    {0x5385, 0xCC, 0xFC}, /* 厅 */
    {0x5386, 0xC0, 0xFA}, /* 历 */
    {0x5389, 0xC0, 0xF7}, /* 厉 */
    {0x538B, 0xD1, 0xB9}, /* 压 */
    {0x538C, 0xD1, 0xE1}, /* 厌 */
    {0x538D, 0xD8, 0xC7}, /* 厍 */
    {0x5395, 0xB2, 0xDE}, /* 厕 */
    {0x5398, 0xC0, 0xE5}, /* 厘 */
    {0x539A, 0xBA, 0xF1}, /* 厚 */
    {0x539D, 0xD8, 0xC8}, /* 厝 */
    {0x539F, 0xD4, 0xAD}, /* 原 */
    {0x53A2, 0xCF, 0xE1}, /* 厢 */
    {0x53A3, 0xD8, 0xC9}, /* 厣 */
    {0x53A5, 0xD8, 0xCA}, /* 厥 */
    {0x53A6, 0xCF, 0xC3}, /* 厦 */
    {0x53A8, 0xB3, 0xF8}, /* 厨 */
    {0x53A9, 0xBE, 0xC7}, /* 厩 */
    {0x53AE, 0xD8, 0xCB}, /* 厮 */
    {0x53B6, 0xDB, 0xCC}, /* 厶 */
    {0x53BB, 0xC8, 0xA5}, /* 去 */
    {0x53BF, 0xCF, 0xD8}, /* 县 */
    {0x53C1, 0xC8, 0xFE}, /* 叁 */
    {0x53C2, 0xB2, 0xCE}, /* 参 */
    {0x53C8, 0xD3, 0xD6}, /* 又 */
    {0x53C9, 0xB2, 0xE6}, /* 叉 */
    {0x53CA, 0xBC, 0xB0}, /* 及 */
    {0x53CB, 0xD3, 0xD1}, /* 友 */
    {0x53CC, 0xCB, 0xAB}, /* 双 */
    {0x53CD, 0xB7, 0xB4}, /* 反 */
    {0x53D1, 0xB7, 0xA2}, /* 发 */
    {0x53D4, 0xCA, 0xE5}, /* 叔 */
    {0x53D6, 0xC8, 0xA1}, /* 取 */
    {0x53D7, 0xCA, 0xDC}, /* 受 */
    {0x53D8, 0xB1, 0xE4}, /* 变 */
    {0x53D9, 0xD0, 0xF0}, /* 叙 */
    {0x53DB, 0xC5, 0xD1}, /* 叛 */
    {0x53DF, 0xDB, 0xC5}, /* 叟 */
    {0x53E0, 0xB5, 0xFE}, /* 叠 */
    {0x53E3, 0xBF, 0xDA}, /* 口 */
    {0x53E4, 0xB9, 0xC5}, /* 古 */
    {0x53E5, 0xBE, 0xE4}, /* 句 */
    {0x53E6, 0xC1, 0xED}, /* 另 */
    {0x53E8, 0xDF, 0xB6}, /* 叨 */
    {0x53E9, 0xDF, 0xB5}, /* 叩 */
    {0x53EA, 0xD6, 0xBB}, /* 只 */
    {0x53EB, 0xBD, 0xD0}, /* 叫 */
    {0x53EC, 0xD5, 0xD9}, /* 召 */
    {0x53ED, 0xB0, 0xC8}, /* 叭 */
    {0x53EE, 0xB6, 0xA3}, /* 叮 */
    {0x53EF, 0xBF, 0xC9}, /* 可 */
    {0x53F0, 0xCC, 0xA8}, /* 台 */
    {0x53F1, 0xDF, 0xB3}, /* 叱 */
    {0x53F2, 0xCA, 0xB7}, /* 史 */
    {0x53F3, 0xD3, 0xD2}, /* 右 */
    {0x53F5, 0xD8, 0xCF}, /* 叵 */
    {0x53F6, 0xD2, 0xB6}, /* 叶 */
    {0x53F7, 0xBA, 0xC5}, /* 号 */
    {0x53F8, 0xCB, 0xBE}, /* 司 */
    {0x53F9, 0xCC, 0xBE}, /* 叹 */
    {0x53FB, 0xDF, 0xB7}, /* 叻 */
    {0x53FC, 0xB5, 0xF0}, /* 叼 */
    {0x53FD, 0xDF, 0xB4}, /* 叽 */
    {0x5401, 0xD3, 0xF5}, /* 吁 */
    {0x5403, 0xB3, 0xD4}, /* 吃 */
    {0x5404, 0xB8, 0xF7}, /* 各 */
    {0x5406, 0xDF, 0xBA}, /* 吆 */
    {0x5408, 0xBA, 0xCF}, /* 合 */
    {0x5409, 0xBC, 0xAA}, /* 吉 */
    {0x540A, 0xB5, 0xF5}, /* 吊 */
    {0x540C, 0xCD, 0xAC}, /* 同 */
    {0x540D, 0xC3, 0xFB}, /* 名 */
    {0x540E, 0xBA, 0xF3}, /* 后 */
    {0x540F, 0xC0, 0xF4}, /* 吏 */
    {0x5410, 0xCD, 0xC2}, /* 吐 */
    {0x5411, 0xCF, 0xF2}, /* 向 */
    {0x5412, 0xDF, 0xB8}, /* 吒 */
    {0x5413, 0xCF, 0xC5}, /* 吓 */
    {0x5415, 0xC2, 0xC0}, /* 吕 */
    {0x5416, 0xDF, 0xB9}, /* 吖 */
    {0x5417, 0xC2, 0xF0}, /* 吗 */
    {0x541B, 0xBE, 0xFD}, /* 君 */
    {0x541D, 0xC1, 0xDF}, /* 吝 */
    {0x541E, 0xCD, 0xCC}, /* 吞 */
    {0x541F, 0xD2, 0xF7}, /* 吟 */
    {0x5420, 0xB7, 0xCD}, /* 吠 */
    {0x5421, 0xDF, 0xC1}, /* 吡 */
    {0x5423, 0xDF, 0xC4}, /* 吣 */
    {0x5426, 0xB7, 0xF1}, /* 否 */
    {0x5427, 0xB0, 0xC9}, /* 吧 */
    {0x5428, 0xB6, 0xD6}, /* 吨 */
    {0x5429, 0xB7, 0xD4}, /* 吩 */
    {0x542B, 0xBA, 0xAC}, /* 含 */
    {0x542C, 0xCC, 0xFD}, /* 听 */
    {0x542D, 0xBF, 0xD4}, /* 吭 */
    {0x542E, 0xCB, 0xB1}, /* 吮 */
    {0x542F, 0xC6, 0xF4}, /* 启 */
    {0x5431, 0xD6, 0xA8}, /* 吱 */
    {0x5432, 0xDF, 0xC5}, /* 吲 */
    {0x5434, 0xCE, 0xE2}, /* 吴 */
    {0x5435, 0xB3, 0xB3}, /* 吵 */
    {0x5438, 0xCE, 0xFC}, /* 吸 */
    {0x5439, 0xB4, 0xB5}, /* 吹 */
    {0x543B, 0xCE, 0xC7}, /* 吻 */
    {0x543C, 0xBA, 0xF0}, /* 吼 */
    {0x543E, 0xCE, 0xE1}, /* 吾 */
    {0x5440, 0xD1, 0xBD}, /* 呀 */
    {0x5443, 0xDF, 0xC0}, /* 呃 */
    {0x5446, 0xB4, 0xF4}, /* 呆 */
    {0x5448, 0xB3, 0xCA}, /* 呈 */
    {0x544A, 0xB8, 0xE6}, /* 告 */
    {0x544B, 0xDF, 0xBB}, /* 呋 */
    {0x5450, 0xC4, 0xC5}, /* 呐 */
    {0x5452, 0xDF, 0xBC}, /* 呒 */
    {0x5453, 0xDF, 0xBD}, /* 呓 */
    {0x5454, 0xDF, 0xBE}, /* 呔 */
    {0x5455, 0xC5, 0xBB}, /* 呕 */
    {0x5456, 0xDF, 0xBF}, /* 呖 */
    {0x5457, 0xDF, 0xC2}, /* 呗 */
    {0x5458, 0xD4, 0xB1}, /* 员 */
    {0x5459, 0xDF, 0xC3}, /* 呙 */
    {0x545B, 0xC7, 0xBA}, /* 呛 */
    {0x545C, 0xCE, 0xD8}, /* 呜 */
    {0x5462, 0xC4, 0xD8}, /* 呢 */
    {0x5464, 0xDF, 0xCA}, /* 呤 */
    {0x5466, 0xDF, 0xCF}, /* 呦 */
    {0x5468, 0xD6, 0xDC}, /* 周 */
    {0x5471, 0xDF, 0xC9}, /* 呱 */
    {0x5472, 0xDF, 0xDA}, /* 呲 */
    {0x5473, 0xCE, 0xB6}, /* 味 */
    {0x5475, 0xBA, 0xC7}, /* 呵 */
    {0x5476, 0xDF, 0xCE}, /* 呶 */
    {0x5477, 0xDF, 0xC8}, /* 呷 */
    {0x5478, 0xC5, 0xDE}, /* 呸 */
    {0x547B, 0xC9, 0xEB}, /* 呻 */
    {0x547C, 0xBA, 0xF4}, /* 呼 */
    {0x547D, 0xC3, 0xFC}, /* 命 */
    {0x5480, 0xBE, 0xD7}, /* 咀 */
    {0x5482, 0xDF, 0xC6}, /* 咂 */
    {0x5484, 0xDF, 0xCD}, /* 咄 */
    {0x5486, 0xC5, 0xD8}, /* 咆 */
    {0x548B, 0xD5, 0xA6}, /* 咋 */
    {0x548C, 0xBA, 0xCD}, /* 和 */
    {0x548E, 0xBE, 0xCC}, /* 咎 */
    {0x548F, 0xD3, 0xBD}, /* 咏 */
    {0x5490, 0xB8, 0xC0}, /* 咐 */
    {0x5492, 0xD6, 0xE4}, /* 咒 */
    {0x5494, 0xDF, 0xC7}, /* 咔 */
    {0x5495, 0xB9, 0xBE}, /* 咕 */
    {0x5496, 0xBF, 0xA7}, /* 咖 */
    {0x5499, 0xC1, 0xFC}, /* 咙 */
    {0x549A, 0xDF, 0xCB}, /* 咚 */
    {0x549B, 0xDF, 0xCC}, /* 咛 */
    {0x549D, 0xDF, 0xD0}, /* 咝 */
    {0x54A3, 0xDF, 0xDB}, /* 咣 */
    {0x54A4, 0xDF, 0xE5}, /* 咤 */
    {0x54A6, 0xDF, 0xD7}, /* 咦 */
    {0x54A7, 0xDF, 0xD6}, /* 咧 */
    {0x54A8, 0xD7, 0xC9}, /* 咨 */
    {0x54A9, 0xDF, 0xE3}, /* 咩 */
    {0x54AA, 0xDF, 0xE4}, /* 咪 */
    {0x54AB, 0xE5, 0xEB}, /* 咫 */
    {0x54AC, 0xD2, 0xA7}, /* 咬 */
    {0x54AD, 0xDF, 0xD2}, /* 咭 */
    {0x54AF, 0xBF, 0xA9}, /* 咯 */
    {0x54B1, 0xD4, 0xDB}, /* 咱 */
    {0x54B3, 0xBF, 0xC8}, /* 咳 */
    {0x54B4, 0xDF, 0xD4}, /* 咴 */
    {0x54B8, 0xCF, 0xCC}, /* 咸 */
    {0x54BB, 0xDF, 0xDD}, /* 咻 */
    {0x54BD, 0xD1, 0xCA}, /* 咽 */
    {0x54BF, 0xDF, 0xDE}, /* 咿 */
    {0x54C0, 0xB0, 0xA7}, /* 哀 */
    {0x54C1, 0xC6, 0xB7}, /* 品 */
    {0x54C2, 0xDF, 0xD3}, /* 哂 */
    {0x54C4, 0xBA, 0xE5}, /* 哄 */
    {0x54C6, 0xB6, 0xDF}, /* 哆 */
    {0x54C7, 0xCD, 0xDB}, /* 哇 */
    {0x54C8, 0xB9, 0xFE}, /* 哈 */
    {0x54C9, 0xD4, 0xD5}, /* 哉 */
    {0x54CC, 0xDF, 0xDF}, /* 哌 */
    {0x54CD, 0xCF, 0xEC}, /* 响 */
    {0x54CE, 0xB0, 0xA5}, /* 哎 */
    {0x54CF, 0xDF, 0xE7}, /* 哏 */
    {0x54D0, 0xDF, 0xD1}, /* 哐 */
    {0x54D1, 0xD1, 0xC6}, /* 哑 */
    {0x54D2, 0xDF, 0xD5}, /* 哒 */
    {0x54D3, 0xDF, 0xD8}, /* 哓 */
    {0x54D4, 0xDF, 0xD9}, /* 哔 */
    {0x54D5, 0xDF, 0xDC}, /* 哕 */
    {0x54D7, 0xBB, 0xA9}, /* 哗 */
    {0x54D9, 0xDF, 0xE0}, /* 哙 */
    {0x54DA, 0xDF, 0xE1}, /* 哚 */
    {0x54DC, 0xDF, 0xE2}, /* 哜 */
    {0x54DD, 0xDF, 0xE6}, /* 哝 */
    {0x54DE, 0xDF, 0xE8}, /* 哞 */
    {0x54DF, 0xD3, 0xB4}, /* 哟 */
    {0x54E5, 0xB8, 0xE7}, /* 哥 */
    {0x54E6, 0xC5, 0xB6}, /* 哦 */
    {0x54E7, 0xDF, 0xEA}, /* 哧 */
    {0x54E8, 0xC9, 0xDA}, /* 哨 */
    {0x54E9, 0xC1, 0xA8}, /* 哩 */
    {0x54EA, 0xC4, 0xC4}, /* 哪 */
    {0x54ED, 0xBF, 0xDE}, /* 哭 */
    {0x54EE, 0xCF, 0xF8}, /* 哮 */
    {0x54F2, 0xD5, 0xDC}, /* 哲 */
    {0x54F3, 0xDF, 0xEE}, /* 哳 */
    {0x54FA, 0xB2, 0xB8}, /* 哺 */
    {0x54FC, 0xBA, 0xDF}, /* 哼 */
    {0x54FD, 0xDF, 0xEC}, /* 哽 */
    {0x54FF, 0xDB, 0xC1}, /* 哿 */
    {0x5501, 0xD1, 0xE4}, /* 唁 */
    {0x5506, 0xCB, 0xF4}, /* 唆 */
    {0x5507, 0xB4, 0xBD}, /* 唇 */
    {0x5509, 0xB0, 0xA6}, /* 唉 */
    {0x550F, 0xDF, 0xF1}, /* 唏 */
    {0x5510, 0xCC, 0xC6}, /* 唐 */
    {0x5511, 0xDF, 0xF2}, /* 唑 */
    {0x5514, 0xDF, 0xED}, /* 唔 */
    {0x551B, 0xDF, 0xE9}, /* 唛 */
    {0x5520, 0xDF, 0xEB}, /* 唠 */
    {0x5522, 0xDF, 0xEF}, /* 唢 */
    {0x5523, 0xDF, 0xF0}, /* 唣 */
    {0x5524, 0xBB, 0xBD}, /* 唤 */
    {0x5527, 0xDF, 0xF3}, /* 唧 */
    {0x552A, 0xDF, 0xF4}, /* 唪 */
    {0x552C, 0xBB, 0xA3}, /* 唬 */
    {0x552E, 0xCA, 0xDB}, /* 售 */
    {0x552F, 0xCE, 0xA8}, /* 唯 */
    {0x5530, 0xE0, 0xA7}, /* 唰 */
    {0x5531, 0xB3, 0xAA}, /* 唱 */
    {0x5533, 0xE0, 0xA6}, /* 唳 */
    {0x5537, 0xE0, 0xA1}, /* 唷 */
    {0x553C, 0xDF, 0xFE}, /* 唼 */
    {0x553E, 0xCD, 0xD9}, /* 唾 */
    {0x553F, 0xDF, 0xFC}, /* 唿 */
    {0x5541, 0xDF, 0xFA}, /* 啁 */
    {0x5543, 0xBF, 0xD0}, /* 啃 */
    {0x5544, 0xD7, 0xC4}, /* 啄 */
    {0x5546, 0xC9, 0xCC}, /* 商 */
    {0x5549, 0xDF, 0xF8}, /* 啉 */
    {0x554A, 0xB0, 0xA1}, /* 啊 */
    {0x5550, 0xDF, 0xFD}, /* 啐 */
    {0x5555, 0xDF, 0xFB}, /* 啕 */
    {0x5556, 0xE0, 0xA2}, /* 啖 */
    {0x555C, 0xE0, 0xA8}, /* 啜 */
    {0x5561, 0xB7, 0xC8}, /* 啡 */
    {0x5564, 0xC6, 0xA1}, /* 啤 */
    {0x5565, 0xC9, 0xB6}, /* 啥 */
    {0x5566, 0xC0, 0xB2}, /* 啦 */
    {0x5567, 0xDF, 0xF5}, /* 啧 */
    {0x556A, 0xC5, 0xBE}, /* 啪 */
    {0x556C, 0xD8, 0xC4}, /* 啬 */
    {0x556D, 0xDF, 0xF9}, /* 啭 */
    {0x556E, 0xC4, 0xF6}, /* 啮 */
    {0x5575, 0xE0, 0xA3}, /* 啵 */
    {0x5576, 0xE0, 0xA4}, /* 啶 */
    {0x5577, 0xE0, 0xA5}, /* 啷 */
    {0x5578, 0xD0, 0xA5}, /* 啸 */
    {0x557B, 0xE0, 0xB4}, /* 啻 */
    {0x557C, 0xCC, 0xE4}, /* 啼 */
    {0x557E, 0xE0, 0xB1}, /* 啾 */
    {0x5580, 0xBF, 0xA6}, /* 喀 */
    {0x5581, 0xE0, 0xAF}, /* 喁 */
    {0x5582, 0xCE, 0xB9}, /* 喂 */
    {0x5583, 0xE0, 0xAB}, /* 喃 */
    {0x5584, 0xC9, 0xC6}, /* 善 */
    {0x5587, 0xC0, 0xAE}, /* 喇 */
    {0x5588, 0xE0, 0xAE}, /* 喈 */
    {0x5589, 0xBA, 0xED}, /* 喉 */
    {0x558A, 0xBA, 0xB0}, /* 喊 */
    {0x558B, 0xE0, 0xA9}, /* 喋 */
    {0x558F, 0xDF, 0xF6}, /* 喏 */
    {0x5591, 0xE0, 0xB3}, /* 喑 */
    {0x5594, 0xE0, 0xB8}, /* 喔 */
    {0x5598, 0xB4, 0xAD}, /* 喘 */
    {0x5599, 0xE0, 0xB9}, /* 喙 */
    {0x559C, 0xCF, 0xB2}, /* 喜 */
    {0x559D, 0xBA, 0xC8}, /* 喝 */
    {0x559F, 0xE0, 0xB0}, /* 喟 */
    {0x55A7, 0xD0, 0xFA}, /* 喧 */
    {0x55B1, 0xE0, 0xAC}, /* 喱 */
    {0x55B3, 0xD4, 0xFB}, /* 喳 */
    {0x55B5, 0xDF, 0xF7}, /* 喵 */
    {0x55B7, 0xC5, 0xE7}, /* 喷 */
    {0x55B9, 0xE0, 0xAD}, /* 喹 */
    {0x55BB, 0xD3, 0xF7}, /* 喻 */
    {0x55BD, 0xE0, 0xB6}, /* 喽 */
    {0x55BE, 0xE0, 0xB7}, /* 喾 */
    {0x55C4, 0xE0, 0xC4}, /* 嗄 */
    {0x55C5, 0xD0, 0xE1}, /* 嗅 */
    {0x55C9, 0xE0, 0xBC}, /* 嗉 */
    {0x55CC, 0xE0, 0xC9}, /* 嗌 */
    {0x55CD, 0xE0, 0xCA}, /* 嗍 */
    {0x55D1, 0xE0, 0xBE}, /* 嗑 */
    {0x55D2, 0xE0, 0xAA}, /* 嗒 */
    {0x55D3, 0xC9, 0xA4}, /* 嗓 */
    {0x55D4, 0xE0, 0xC1}, /* 嗔 */
    {0x55D6, 0xE0, 0xB2}, /* 嗖 */
    {0x55DC, 0xCA, 0xC8}, /* 嗜 */
    {0x55DD, 0xE0, 0xC3}, /* 嗝 */
    {0x55DF, 0xE0, 0xB5}, /* 嗟 */
    {0x55E1, 0xCE, 0xCB}, /* 嗡 */
    {0x55E3, 0xCB, 0xC3}, /* 嗣 */
    {0x55E4, 0xE0, 0xCD}, /* 嗤 */
    {0x55E5, 0xE0, 0xC6}, /* 嗥 */
    {0x55E6, 0xE0, 0xC2}, /* 嗦 */
    {0x55E8, 0xE0, 0xCB}, /* 嗨 */
    {0x55EA, 0xE0, 0xBA}, /* 嗪 */
    {0x55EB, 0xE0, 0xBF}, /* 嗫 */
    {0x55EC, 0xE0, 0xC0}, /* 嗬 */
    {0x55EF, 0xE0, 0xC5}, /* 嗯 */
    {0x55F2, 0xE0, 0xC7}, /* 嗲 */
    {0x55F3, 0xE0, 0xC8}, /* 嗳 */
    {0x55F5, 0xE0, 0xCC}, /* 嗵 */
    {0x55F7, 0xE0, 0xBB}, /* 嗷 */
    {0x55FD, 0xCB, 0xD4}, /* 嗽 */
    {0x55FE, 0xE0, 0xD5}, /* 嗾 */
    {0x5600, 0xE0, 0xD6}, /* 嘀 */
    {0x5601, 0xE0, 0xD2}, /* 嘁 */
    {0x5608, 0xE0, 0xD0}, /* 嘈 */
    {0x5609, 0xBC, 0xCE}, /* 嘉 */
    {0x560C, 0xE0, 0xD1}, /* 嘌 */
    {0x560E, 0xB8, 0xC2}, /* 嘎 */
    {0x560F, 0xD8, 0xC5}, /* 嘏 */
    {0x5618, 0xD0, 0xEA}, /* 嘘 */
    {0x561B, 0xC2, 0xEF}, /* 嘛 */
    {0x561E, 0xE0, 0xCF}, /* 嘞 */
    {0x561F, 0xE0, 0xBD}, /* 嘟 */
    {0x5623, 0xE0, 0xD4}, /* 嘣 */
    {0x5624, 0xE0, 0xD3}, /* 嘤 */
    {0x5627, 0xE0, 0xD7}, /* 嘧 */
    {0x562C, 0xE0, 0xDC}, /* 嘬 */
    {0x562D, 0xE0, 0xD8}, /* 嘭 */
    {0x5631, 0xD6, 0xF6}, /* 嘱 */
    {0x5632, 0xB3, 0xB0}, /* 嘲 */
    {0x5634, 0xD7, 0xEC}, /* 嘴 */
    {0x5636, 0xCB, 0xBB}, /* 嘶 */
    {0x5639, 0xE0, 0xDA}, /* 嘹 */
    {0x563B, 0xCE, 0xFB}, /* 嘻 */
    {0x563F, 0xBA, 0xD9}, /* 嘿 */
    {0x564C, 0xE0, 0xE1}, /* 噌 */
    {0x564D, 0xE0, 0xDD}, /* 噍 */
    {0x564E, 0xD2, 0xAD}, /* 噎 */
    {0x5654, 0xE0, 0xE2}, /* 噔 */
    {0x5657, 0xE0, 0xDB}, /* 噗 */
    {0x5658, 0xE0, 0xD9}, /* 噘 */
    {0x5659, 0xE0, 0xDF}, /* 噙 */
    {0x565C, 0xE0, 0xE0}, /* 噜 */
    {0x5662, 0xE0, 0xDE}, /* 噢 */
    {0x5664, 0xE0, 0xE4}, /* 噤 */
    {0x5668, 0xC6, 0xF7}, /* 器 */
    {0x5669, 0xD8, 0xAC}, /* 噩 */
    {0x566A, 0xD4, 0xEB}, /* 噪 */
    {0x566B, 0xE0, 0xE6}, /* 噫 */
    {0x566C, 0xCA, 0xC9}, /* 噬 */
    {0x5671, 0xE0, 0xE5}, /* 噱 */
    {0x5676, 0xB8, 0xC1}, /* 噶 */
    {0x567B, 0xE0, 0xE7}, /* 噻 */
    {0x567C, 0xE0, 0xE8}, /* 噼 */
    {0x5685, 0xE0, 0xE9}, /* 嚅 */
    {0x5686, 0xE0, 0xE3}, /* 嚆 */
    {0x568E, 0xBA, 0xBF}, /* 嚎 */
    {0x568F, 0xCC, 0xE7}, /* 嚏 */
    {0x5693, 0xE0, 0xEA}, /* 嚓 */
    {0x56A3, 0xCF, 0xF9}, /* 嚣 */
    {0x56AF, 0xE0, 0xEB}, /* 嚯 */
    {0x56B7, 0xC8, 0xC2}, /* 嚷 */
    {0x56BC, 0xBD, 0xC0}, /* 嚼 */
    {0x56CA, 0xC4, 0xD2}, /* 囊 */
    {0x56D4, 0xE0, 0xEC}, /* 囔 */
    {0x56D7, 0xE0, 0xED}, /* 囗 */
    {0x56DA, 0xC7, 0xF4}, /* 囚 */
    {0x56DB, 0xCB, 0xC4}, /* 四 */
    {0x56DD, 0xE0, 0xEE}, /* 囝 */
    {0x56DE, 0xBB, 0xD8}, /* 回 */
    {0x56DF, 0xD8, 0xB6}, /* 囟 */
    {0x56E0, 0xD2, 0xF2}, /* 因 */
    {0x56E1, 0xE0, 0xEF}, /* 囡 */
    {0x56E2, 0xCD, 0xC5}, /* 团 */
    {0x56E4, 0xB6, 0xDA}, /* 囤 */
    {0x56EB, 0xE0, 0xF1}, /* 囫 */
    {0x56ED, 0xD4, 0xB0}, /* 园 */
    {0x56F0, 0xC0, 0xA7}, /* 困 */
    {0x56F1, 0xB4, 0xD1}, /* 囱 */
    {0x56F4, 0xCE, 0xA7}, /* 围 */
    {0x56F5, 0xE0, 0xF0}, /* 囵 */
    {0x56F9, 0xE0, 0xF2}, /* 囹 */
    {0x56FA, 0xB9, 0xCC}, /* 固 */
    {0x56FD, 0xB9, 0xFA}, /* 国 */
    {0x56FE, 0xCD, 0xBC}, /* 图 */
    {0x56FF, 0xE0, 0xF3}, /* 囿 */
    {0x5703, 0xC6, 0xD4}, /* 圃 */
    {0x5704, 0xE0, 0xF4}, /* 圄 */
    {0x5706, 0xD4, 0xB2}, /* 圆 */
    {0x5708, 0xC8, 0xA6}, /* 圈 */
    {0x5709, 0xE0, 0xF6}, /* 圉 */
    {0x570A, 0xE0, 0xF5}, /* 圊 */
    {0x571C, 0xE0, 0xF7}, /* 圜 */
    {0x571F, 0xCD, 0xC1}, /* 土 */
    {0x5723, 0xCA, 0xA5}, /* 圣 */
    {0x5728, 0xD4, 0xDA}, /* 在 */
    {0x5729, 0xDB, 0xD7}, /* 圩 */
    {0x572A, 0xDB, 0xD9}, /* 圪 */
    {0x572C, 0xDB, 0xD8}, /* 圬 */
    {0x572D, 0xB9, 0xE7}, /* 圭 */
    {0x572E, 0xDB, 0xDC}, /* 圮 */
    {0x572F, 0xDB, 0xDD}, /* 圯 */
    {0x5730, 0xB5, 0xD8}, /* 地 */
    {0x5733, 0xDB, 0xDA}, /* 圳 */
    {0x5739, 0xDB, 0xDB}, /* 圹 */
    {0x573A, 0xB3, 0xA1}, /* 场 */
    {0x573B, 0xDB, 0xDF}, /* 圻 */
    {0x573E, 0xBB, 0xF8}, /* 圾 */
    {0x5740, 0xD6, 0xB7}, /* 址 */
    {0x5742, 0xDB, 0xE0}, /* 坂 */
    {0x5747, 0xBE, 0xF9}, /* 均 */
    {0x574A, 0xB7, 0xBB}, /* 坊 */
    {0x574C, 0xDB, 0xD0}, /* 坌 */
    {0x574D, 0xCC, 0xAE}, /* 坍 */
    {0x574E, 0xBF, 0xB2}, /* 坎 */
    {0x574F, 0xBB, 0xB5}, /* 坏 */
    {0x5750, 0xD7, 0xF8}, /* 坐 */
    {0x5751, 0xBF, 0xD3}, /* 坑 */
    {0x5757, 0xBF, 0xE9}, /* 块 */
    {0x575A, 0xBC, 0xE1}, /* 坚 */
    {0x575B, 0xCC, 0xB3}, /* 坛 */
    {0x575C, 0xDB, 0xDE}, /* 坜 */
    {0x575D, 0xB0, 0xD3}, /* 坝 */
    {0x575E, 0xCE, 0xEB}, /* 坞 */
    {0x575F, 0xB7, 0xD8}, /* 坟 */
    {0x5760, 0xD7, 0xB9}, /* 坠 */
    {0x5761, 0xC6, 0xC2}, /* 坡 */
    {0x5764, 0xC0, 0xA4}, /* 坤 */
    {0x5766, 0xCC, 0xB9}, /* 坦 */
    {0x5768, 0xDB, 0xE7}, /* 坨 */
    {0x5769, 0xDB, 0xE1}, /* 坩 */
    {0x576A, 0xC6, 0xBA}, /* 坪 */
    {0x576B, 0xDB, 0xE3}, /* 坫 */
    {0x576D, 0xDB, 0xE8}, /* 坭 */
    {0x576F, 0xC5, 0xF7}, /* 坯 */
    {0x5773, 0xDB, 0xEA}, /* 坳 */
    {0x5776, 0xDB, 0xE9}, /* 坶 */
    {0x5777, 0xBF, 0xC0}, /* 坷 */
    {0x577B, 0xDB, 0xE6}, /* 坻 */
    {0x577C, 0xDB, 0xE5}, /* 坼 */
    {0x5782, 0xB4, 0xB9}, /* 垂 */
    {0x5783, 0xC0, 0xAC}, /* 垃 */
    {0x5784, 0xC2, 0xA2}, /* 垄 */
    {0x5785, 0xDB, 0xE2}, /* 垅 */
    {0x5786, 0xDB, 0xE4}, /* 垆 */
    {0x578B, 0xD0, 0xCD}, /* 型 */
    {0x578C, 0xDB, 0xED}, /* 垌 */
    {0x5792, 0xC0, 0xDD}, /* 垒 */
    {0x5793, 0xDB, 0xF2}, /* 垓 */
    {0x579B, 0xB6, 0xE2}, /* 垛 */
    {0x57A0, 0xDB, 0xF3}, /* 垠 */
    {0x57A1, 0xDB, 0xD2}, /* 垡 */
    {0x57A2, 0xB9, 0xB8}, /* 垢 */
    {0x57A3, 0xD4, 0xAB}, /* 垣 */
    {0x57A4, 0xDB, 0xEC}, /* 垤 */
    {0x57A6, 0xBF, 0xD1}, /* 垦 */
    {0x57A7, 0xDB, 0xF0}, /* 垧 */
    {0x57A9, 0xDB, 0xD1}, /* 垩 */
    {0x57AB, 0xB5, 0xE6}, /* 垫 */
    {0x57AD, 0xDB, 0xEB}, /* 垭 */
    {0x57AE, 0xBF, 0xE5}, /* 垮 */
    {0x57B2, 0xDB, 0xEE}, /* 垲 */
    {0x57B4, 0xDB, 0xF1}, /* 垴 */
    {0x57B8, 0xDB, 0xF9}, /* 垸 */
    {0x57C2, 0xB9, 0xA1}, /* 埂 */
    {0x57C3, 0xB0, 0xA3}, /* 埃 */
    {0x57CB, 0xC2, 0xF1}, /* 埋 */
    {0x57CE, 0xB3, 0xC7}, /* 城 */
    {0x57CF, 0xDB, 0xEF}, /* 埏 */
    {0x57D2, 0xDB, 0xF8}, /* 埒 */
    {0x57D4, 0xC6, 0xD2}, /* 埔 */
    {0x57D5, 0xDB, 0xF4}, /* 埕 */
    {0x57D8, 0xDB, 0xF5}, /* 埘 */
    {0x57D9, 0xDB, 0xF7}, /* 埙 */
    {0x57DA, 0xDB, 0xF6}, /* 埚 */
    {0x57DD, 0xDB, 0xFE}, /* 埝 */
    {0x57DF, 0xD3, 0xF2}, /* 域 */
    {0x57E0, 0xB2, 0xBA}, /* 埠 */
    {0x57E4, 0xDB, 0xFD}, /* 埤 */
    {0x57ED, 0xDC, 0xA4}, /* 埭 */
    {0x57EF, 0xDB, 0xFB}, /* 埯 */
    {0x57F4, 0xDB, 0xFA}, /* 埴 */
    {0x57F8, 0xDB, 0xFC}, /* 埸 */
    {0x57F9, 0xC5, 0xE0}, /* 培 */
    {0x57FA, 0xBB, 0xF9}, /* 基 */
    {0x57FD, 0xDC, 0xA3}, /* 埽 */
    {0x5800, 0xDC, 0xA5}, /* 堀 */
    {0x5802, 0xCC, 0xC3}, /* 堂 */
    {0x5806, 0xB6, 0xD1}, /* 堆 */
    {0x5807, 0xDD, 0xC0}, /* 堇 */
    {0x580B, 0xDC, 0xA1}, /* 堋 */
    {0x580D, 0xDC, 0xA2}, /* 堍 */
    {0x5811, 0xC7, 0xB5}, /* 堑 */
    {0x5815, 0xB6, 0xE9}, /* 堕 */
    {0x5819, 0xDC, 0xA7}, /* 堙 */
    {0x581E, 0xDC, 0xA6}, /* 堞 */
    {0x5820, 0xDC, 0xA9}, /* 堠 */
    {0x5821, 0xB1, 0xA4}, /* 堡 */
    {0x5824, 0xB5, 0xCC}, /* 堤 */
    {0x582A, 0xBF, 0xB0}, /* 堪 */
    {0x5830, 0xD1, 0xDF}, /* 堰 */
    {0x5835, 0xB6, 0xC2}, /* 堵 */
    {0x5844, 0xDC, 0xA8}, /* 塄 */
    {0x584C, 0xCB, 0xFA}, /* 塌 */
    {0x584D, 0xEB, 0xF3}, /* 塍 */
    {0x5851, 0xCB, 0xDC}, /* 塑 */
    {0x5854, 0xCB, 0xFE}, /* 塔 */
    {0x5858, 0xCC, 0xC1}, /* 塘 */
    {0x585E, 0xC8, 0xFB}, /* 塞 */
    {0x5865, 0xDC, 0xAA}, /* 塥 */
    {0x586B, 0xCC, 0xEE}, /* 填 */
    {0x586C, 0xDC, 0xAB}, /* 塬 */
    {0x587E, 0xDB, 0xD3}, /* 塾 */
    {0x5880, 0xDC, 0xAF}, /* 墀 */
    {0x5881, 0xDC, 0xAC}, /* 墁 */
    {0x5883, 0xBE, 0xB3}, /* 境 */
    {0x5885, 0xCA, 0xFB}, /* 墅 */
    {0x5889, 0xDC, 0xAD}, /* 墉 */
    {0x5892, 0xC9, 0xCA}, /* 墒 */
    {0x5893, 0xC4, 0xB9}, /* 墓 */
    {0x5899, 0xC7, 0xBD}, /* 墙 */
    {0x589A, 0xDC, 0xAE}, /* 墚 */
    {0x589E, 0xD4, 0xF6}, /* 增 */
    {0x589F, 0xD0, 0xE6}, /* 墟 */
    {0x58A8, 0xC4, 0xAB}, /* 墨 */
    {0x58A9, 0xB6, 0xD5}, /* 墩 */
    {0x58BC, 0xDB, 0xD4}, /* 墼 */
    {0x58C1, 0xB1, 0xDA}, /* 壁 */
    {0x58C5, 0xDB, 0xD5}, /* 壅 */
    {0x58D1, 0xDB, 0xD6}, /* 壑 */
    {0x58D5, 0xBA, 0xBE}, /* 壕 */
    {0x58E4, 0xC8, 0xC0}, /* 壤 */
    {0x58EB, 0xCA, 0xBF}, /* 士 */
    {0x58EC, 0xC8, 0xC9}, /* 壬 */
    {0x58EE, 0xD7, 0xB3}, /* 壮 */
    {0x58F0, 0xC9, 0xF9}, /* 声 */
    {0x58F3, 0xBF, 0xC7}, /* 壳 */
    {0x58F6, 0xBA, 0xF8}, /* 壶 */
    {0x58F9, 0xD2, 0xBC}, /* 壹 */
    {0x5902, 0xE2, 0xBA}, /* 夂 */
    {0x5904, 0xB4, 0xA6}, /* 处 */
    {0x5907, 0xB1, 0xB8}, /* 备 */
    {0x590D, 0xB8, 0xB4}, /* 复 */
    {0x590F, 0xCF, 0xC4}, /* 夏 */
    {0x5914, 0xD9, 0xE7}, /* 夔 */
    {0x5915, 0xCF, 0xA6}, /* 夕 */
    {0x5916, 0xCD, 0xE2}, /* 外 */
    {0x5919, 0xD9, 0xED}, /* 夙 */
    {0x591A, 0xB6, 0xE0}, /* 多 */
    {0x591C, 0xD2, 0xB9}, /* 夜 */
    {0x591F, 0xB9, 0xBB}, /* 够 */
    {0x5924, 0xE2, 0xB9}, /* 夤 */
    {0x5925, 0xE2, 0xB7}, /* 夥 */
    {0x5927, 0xB4, 0xF3}, /* 大 */
    {0x5929, 0xCC, 0xEC}, /* 天 */
    {0x592A, 0xCC, 0xAB}, /* 太 */
    {0x592B, 0xB7, 0xF2}, /* 夫 */
    {0x592D, 0xD8, 0xB2}, /* 夭 */
    {0x592E, 0xD1, 0xEB}, /* 央 */
    {0x592F, 0xBA, 0xBB}, /* 夯 */
    {0x5931, 0xCA, 0xA7}, /* 失 */
    {0x5934, 0xCD, 0xB7}, /* 头 */
    {0x5937, 0xD2, 0xC4}, /* 夷 */
    {0x5938, 0xBF, 0xE4}, /* 夸 */
    {0x5939, 0xBC, 0xD0}, /* 夹 */
    {0x593A, 0xB6, 0xE1}, /* 夺 */
    {0x593C, 0xDE, 0xC5}, /* 夼 */
    {0x5941, 0xDE, 0xC6}, /* 奁 */
    {0x5942, 0xDB, 0xBC}, /* 奂 */
    {0x5944, 0xD1, 0xD9}, /* 奄 */
    {0x5947, 0xC6, 0xE6}, /* 奇 */
    {0x5948, 0xC4, 0xCE}, /* 奈 */
    {0x5949, 0xB7, 0xEE}, /* 奉 */
    {0x594B, 0xB7, 0xDC}, /* 奋 */
    {0x594E, 0xBF, 0xFC}, /* 奎 */
    {0x594F, 0xD7, 0xE0}, /* 奏 */
    {0x5951, 0xC6, 0xF5}, /* 契 */
    {0x5954, 0xB1, 0xBC}, /* 奔 */
    {0x5955, 0xDE, 0xC8}, /* 奕 */
    {0x5956, 0xBD, 0xB1}, /* 奖 */
    {0x5957, 0xCC, 0xD7}, /* 套 */
    {0x5958, 0xDE, 0xCA}, /* 奘 */
    {0x595A, 0xDE, 0xC9}, /* 奚 */
    {0x5960, 0xB5, 0xEC}, /* 奠 */
    {0x5962, 0xC9, 0xDD}, /* 奢 */
    {0x5965, 0xB0, 0xC2}, /* 奥 */
    {0x5973, 0xC5, 0xAE}, /* 女 */
    {0x5974, 0xC5, 0xAB}, /* 奴 */
    {0x5976, 0xC4, 0xCC}, /* 奶 */
    {0x5978, 0xBC, 0xE9}, /* 奸 */
    {0x5979, 0xCB, 0xFD}, /* 她 */
    {0x597D, 0xBA, 0xC3}, /* 好 */
    {0x5981, 0xE5, 0xF9}, /* 妁 */
    {0x5982, 0xC8, 0xE7}, /* 如 */
    {0x5983, 0xE5, 0xFA}, /* 妃 */
    {0x5984, 0xCD, 0xFD}, /* 妄 */
    {0x5986, 0xD7, 0xB1}, /* 妆 */
    {0x5987, 0xB8, 0xBE}, /* 妇 */
    {0x5988, 0xC2, 0xE8}, /* 妈 */
    {0x598A, 0xC8, 0xD1}, /* 妊 */
    {0x598D, 0xE5, 0xFB}, /* 妍 */
    {0x5992, 0xB6, 0xCA}, /* 妒 */
    {0x5993, 0xBC, 0xCB}, /* 妓 */
    {0x5996, 0xD1, 0xFD}, /* 妖 */
    {0x5997, 0xE6, 0xA1}, /* 妗 */
    {0x5999, 0xC3, 0xEE}, /* 妙 */
    {0x599E, 0xE6, 0xA4}, /* 妞 */
    {0x59A3, 0xE5, 0xFE}, /* 妣 */
    {0x59A4, 0xE6, 0xA5}, /* 妤 */
    {0x59A5, 0xCD, 0xD7}, /* 妥 */
    {0x59A8, 0xB7, 0xC1}, /* 妨 */
    {0x59A9, 0xE5, 0xFC}, /* 妩 */
    {0x59AA, 0xE5, 0xFD}, /* 妪 */
    {0x59AB, 0xE6, 0xA3}, /* 妫 */
    {0x59AE, 0xC4, 0xDD}, /* 妮 */
    {0x59AF, 0xE6, 0xA8}, /* 妯 */
    {0x59B2, 0xE6, 0xA7}, /* 妲 */
    {0x59B9, 0xC3, 0xC3}, /* 妹 */
    {0x59BB, 0xC6, 0xDE}, /* 妻 */
    {0x59BE, 0xE6, 0xAA}, /* 妾 */
    {0x59C6, 0xC4, 0xB7}, /* 姆 */
    {0x59CA, 0xE6, 0xA2}, /* 姊 */
    {0x59CB, 0xCA, 0xBC}, /* 始 */
    {0x59D0, 0xBD, 0xE3}, /* 姐 */
    {0x59D1, 0xB9, 0xC3}, /* 姑 */
    {0x59D2, 0xE6, 0xA6}, /* 姒 */
    {0x59D3, 0xD0, 0xD5}, /* 姓 */
    {0x59D4, 0xCE, 0xAF}, /* 委 */
    {0x59D7, 0xE6, 0xA9}, /* 姗 */
    {0x59D8, 0xE6, 0xB0}, /* 姘 */
    {0x59DA, 0xD2, 0xA6}, /* 姚 */
    {0x59DC, 0xBD, 0xAA}, /* 姜 */
    {0x59DD, 0xE6, 0xAD}, /* 姝 */
    {0x59E3, 0xE6, 0xAF}, /* 姣 */
    {0x59E5, 0xC0, 0xD1}, /* 姥 */
    {0x59E8, 0xD2, 0xCC}, /* 姨 */
    {0x59EC, 0xBC, 0xA7}, /* 姬 */
    {0x59F9, 0xE6, 0xB1}, /* 姹 */
    {0x59FB, 0xD2, 0xF6}, /* 姻 */
    {0x59FF, 0xD7, 0xCB}, /* 姿 */
    {0x5A01, 0xCD, 0xFE}, /* 威 */
    {0x5A03, 0xCD, 0xDE}, /* 娃 */
    {0x5A04, 0xC2, 0xA6}, /* 娄 */
    {0x5A05, 0xE6, 0xAB}, /* 娅 */
    {0x5A06, 0xE6, 0xAC}, /* 娆 */
    {0x5A07, 0xBD, 0xBF}, /* 娇 */
    {0x5A08, 0xE6, 0xAE}, /* 娈 */
    {0x5A09, 0xE6, 0xB3}, /* 娉 */
    {0x5A0C, 0xE6, 0xB2}, /* 娌 */
    {0x5A11, 0xE6, 0xB6}, /* 娑 */
    {0x5A13, 0xE6, 0xB8}, /* 娓 */
    {0x5A18, 0xC4, 0xEF}, /* 娘 */
    {0x5A1C, 0xC4, 0xC8}, /* 娜 */
    {0x5A1F, 0xBE, 0xEA}, /* 娟 */
    {0x5A20, 0xC9, 0xEF}, /* 娠 */
    {0x5A23, 0xE6, 0xB7}, /* 娣 */
    {0x5A25, 0xB6, 0xF0}, /* 娥 */
    {0x5A29, 0xC3, 0xE4}, /* 娩 */
    {0x5A31, 0xD3, 0xE9}, /* 娱 */
    {0x5A32, 0xE6, 0xB4}, /* 娲 */
    {0x5A34, 0xE6, 0xB5}, /* 娴 */
    {0x5A36, 0xC8, 0xA2}, /* 娶 */
    {0x5A3C, 0xE6, 0xBD}, /* 娼 */
    {0x5A40, 0xE6, 0xB9}, /* 婀 */
    {0x5A46, 0xC6, 0xC5}, /* 婆 */
    {0x5A49, 0xCD, 0xF1}, /* 婉 */
    {0x5A4A, 0xE6, 0xBB}, /* 婊 */
    {0x5A55, 0xE6, 0xBC}, /* 婕 */
    {0x5A5A, 0xBB, 0xE9}, /* 婚 */
    {0x5A62, 0xE6, 0xBE}, /* 婢 */
    {0x5A67, 0xE6, 0xBA}, /* 婧 */
    {0x5A6A, 0xC0, 0xB7}, /* 婪 */
    {0x5A74, 0xD3, 0xA4}, /* 婴 */
    {0x5A75, 0xE6, 0xBF}, /* 婵 */
    {0x5A76, 0xC9, 0xF4}, /* 婶 */
    {0x5A77, 0xE6, 0xC3}, /* 婷 */
    {0x5A7A, 0xE6, 0xC4}, /* 婺 */
    {0x5A7F, 0xD0, 0xF6}, /* 婿 */
    {0x5A92, 0xC3, 0xBD}, /* 媒 */
    {0x5A9A, 0xC3, 0xC4}, /* 媚 */
    {0x5A9B, 0xE6, 0xC2}, /* 媛 */
    {0x5AAA, 0xE6, 0xC1}, /* 媪 */
    {0x5AB2, 0xE6, 0xC7}, /* 媲 */
    {0x5AB3, 0xCF, 0xB1}, /* 媳 */
    {0x5AB5, 0xEB, 0xF4}, /* 媵 */
    {0x5AB8, 0xE6, 0xCA}, /* 媸 */
    {0x5ABE, 0xE6, 0xC5}, /* 媾 */
    {0x5AC1, 0xBC, 0xDE}, /* 嫁 */
    {0x5AC2, 0xC9, 0xA9}, /* 嫂 */
    {0x5AC9, 0xBC, 0xB5}, /* 嫉 */
    {0x5ACC, 0xCF, 0xD3}, /* 嫌 */
    {0x5AD2, 0xE6, 0xC8}, /* 嫒 */
    {0x5AD4, 0xE6, 0xC9}, /* 嫔 */
    {0x5AD6, 0xE6, 0xCE}, /* 嫖 */
    {0x5AD8, 0xE6, 0xD0}, /* 嫘 */
    {0x5ADC, 0xE6, 0xD1}, /* 嫜 */
    {0x5AE0, 0xE6, 0xCB}, /* 嫠 */
    {0x5AE1, 0xB5, 0xD5}, /* 嫡 */
    {0x5AE3, 0xE6, 0xCC}, /* 嫣 */
    {0x5AE6, 0xE6, 0xCF}, /* 嫦 */
    {0x5AE9, 0xC4, 0xDB}, /* 嫩 */
    {0x5AEB, 0xE6, 0xC6}, /* 嫫 */
    {0x5AF1, 0xE6, 0xCD}, /* 嫱 */
    {0x5B09, 0xE6, 0xD2}, /* 嬉 */
    {0x5B16, 0xE6, 0xD4}, /* 嬖 */
    {0x5B17, 0xE6, 0xD3}, /* 嬗 */
    {0x5B32, 0xE6, 0xD5}, /* 嬲 */
    {0x5B34, 0xD9, 0xF8}, /* 嬴 */
    {0x5B37, 0xE6, 0xD6}, /* 嬷 */
    {0x5B40, 0xE6, 0xD7}, /* 孀 */
    {0x5B50, 0xD7, 0xD3}, /* 子 */
    {0x5B51, 0xE6, 0xDD}, /* 孑 */
    {0x5B53, 0xE6, 0xDE}, /* 孓 */
    {0x5B54, 0xBF, 0xD7}, /* 孔 */
    {0x5B55, 0xD4, 0xD0}, /* 孕 */
    {0x5B57, 0xD7, 0xD6}, /* 字 */
    {0x5B58, 0xB4, 0xE6}, /* 存 */
    {0x5B59, 0xCB, 0xEF}, /* 孙 */
    {0x5B5A, 0xE6, 0xDA}, /* 孚 */
    {0x5B5B, 0xD8, 0xC3}, /* 孛 */
    {0x5B5C, 0xD7, 0xCE}, /* 孜 */
    {0x5B5D, 0xD0, 0xA2}, /* 孝 */
    {0x5B5F, 0xC3, 0xCF}, /* 孟 */
    {0x5B62, 0xE6, 0xDF}, /* 孢 */
    {0x5B63, 0xBC, 0xBE}, /* 季 */
    {0x5B64, 0xB9, 0xC2}, /* 孤 */
    {0x5B65, 0xE6, 0xDB}, /* 孥 */
    {0x5B66, 0xD1, 0xA7}, /* 学 */
    {0x5B69, 0xBA, 0xA2}, /* 孩 */
    {0x5B6A, 0xC2, 0xCF}, /* 孪 */
    {0x5B6C, 0xD8, 0xAB}, /* 孬 */
    {0x5B70, 0xCA, 0xEB}, /* 孰 */
    {0x5B71, 0xE5, 0xEE}, /* 孱 */
    {0x5B73, 0xE6, 0xDC}, /* 孳 */
    {0x5B75, 0xB7, 0xF5}, /* 孵 */
    {0x5B7A, 0xC8, 0xE6}, /* 孺 */
    {0x5B7D, 0xC4, 0xF5}, /* 孽 */
    {0x5B80, 0xE5, 0xB2}, /* 宀 */
    {0x5B81, 0xC4, 0xFE}, /* 宁 */
    {0x5B83, 0xCB, 0xFC}, /* 它 */
    {0x5B84, 0xE5, 0xB3}, /* 宄 */
    {0x5B85, 0xD5, 0xAC}, /* 宅 */
    {0x5B87, 0xD3, 0xEE}, /* 宇 */
    {0x5B88, 0xCA, 0xD8}, /* 守 */
    {0x5B89, 0xB0, 0xB2}, /* 安 */
    {0x5B8B, 0xCB, 0xCE}, /* 宋 */
    {0x5B8C, 0xCD, 0xEA}, /* 完 */
    {0x5B8F, 0xBA, 0xEA}, /* 宏 */
    {0x5B93, 0xE5, 0xB5}, /* 宓 */
    {0x5B95, 0xE5, 0xB4}, /* 宕 */
    {0x5B97, 0xD7, 0xDA}, /* 宗 */
    {0x5B98, 0xB9, 0xD9}, /* 官 */
    {0x5B99, 0xD6, 0xE6}, /* 宙 */
    {0x5B9A, 0xB6, 0xA8}, /* 定 */
    {0x5B9B, 0xCD, 0xF0}, /* 宛 */
    {0x5B9C, 0xD2, 0xCB}, /* 宜 */
    {0x5B9D, 0xB1, 0xA6}, /* 宝 */
    {0x5B9E, 0xCA, 0xB5}, /* 实 */
    {0x5BA0, 0xB3, 0xE8}, /* 宠 */
    {0x5BA1, 0xC9, 0xF3}, /* 审 */
    {0x5BA2, 0xBF, 0xCD}, /* 客 */
    {0x5BA3, 0xD0, 0xFB}, /* 宣 */
    {0x5BA4, 0xCA, 0xD2}, /* 室 */
    {0x5BA5, 0xE5, 0xB6}, /* 宥 */
    {0x5BA6, 0xBB, 0xC2}, /* 宦 */
    {0x5BAA, 0xCF, 0xDC}, /* 宪 */
    {0x5BAB, 0xB9, 0xAC}, /* 宫 */
    {0x5BB0, 0xD4, 0xD7}, /* 宰 */
    {0x5BB3, 0xBA, 0xA6}, /* 害 */
    {0x5BB4, 0xD1, 0xE7}, /* 宴 */
    {0x5BB5, 0xCF, 0xFC}, /* 宵 */
    {0x5BB6, 0xBC, 0xD2}, /* 家 */
    {0x5BB8, 0xE5, 0xB7}, /* 宸 */
    {0x5BB9, 0xC8, 0xDD}, /* 容 */
    {0x5BBD, 0xBF, 0xED}, /* 宽 */
    {0x5BBE, 0xB1, 0xF6}, /* 宾 */
    {0x5BBF, 0xCB, 0xDE}, /* 宿 */
    {0x5BC2, 0xBC, 0xC5}, /* 寂 */
    {0x5BC4, 0xBC, 0xC4}, /* 寄 */
    {0x5BC5, 0xD2, 0xFA}, /* 寅 */
    {0x5BC6, 0xC3, 0xDC}, /* 密 */
    {0x5BC7, 0xBF, 0xDC}, /* 寇 */
    {0x5BCC, 0xB8, 0xBB}, /* 富 */
    {0x5BD0, 0xC3, 0xC2}, /* 寐 */
    {0x5BD2, 0xBA, 0xAE}, /* 寒 */
    {0x5BD3, 0xD4, 0xA2}, /* 寓 */
    {0x5BDD, 0xC7, 0xDE}, /* 寝 */
    {0x5BDE, 0xC4, 0xAF}, /* 寞 */
    {0x5BDF, 0xB2, 0xEC}, /* 察 */
    {0x5BE1, 0xB9, 0xD1}, /* 寡 */
    {0x5BE4, 0xE5, 0xBB}, /* 寤 */
    {0x5BE5, 0xC1, 0xC8}, /* 寥 */
    {0x5BE8, 0xD5, 0xAF}, /* 寨 */
    {0x5BEE, 0xE5, 0xBC}, /* 寮 */
    {0x5BF0, 0xE5, 0xBE}, /* 寰 */
    {0x5BF8, 0xB4, 0xE7}, /* 寸 */
    {0x5BF9, 0xB6, 0xD4}, /* 对 */
    {0x5BFA, 0xCB, 0xC2}, /* 寺 */
    {0x5BFB, 0xD1, 0xB0}, /* 寻 */
    {0x5BFC, 0xB5, 0xBC}, /* 导 */
    {0x5BFF, 0xCA, 0xD9}, /* 寿 */
    {0x5C01, 0xB7, 0xE2}, /* 封 */
    {0x5C04, 0xC9, 0xE4}, /* 射 */
    {0x5C06, 0xBD, 0xAB}, /* 将 */
    {0x5C09, 0xCE, 0xBE}, /* 尉 */
    {0x5C0A, 0xD7, 0xF0}, /* 尊 */
    {0x5C0F, 0xD0, 0xA1}, /* 小 */
    {0x5C11, 0xC9, 0xD9}, /* 少 */
    {0x5C14, 0xB6, 0xFB}, /* 尔 */
    {0x5C15, 0xE6, 0xD8}, /* 尕 */
    {0x5C16, 0xBC, 0xE2}, /* 尖 */
    {0x5C18, 0xB3, 0xBE}, /* 尘 */
    {0x5C1A, 0xC9, 0xD0}, /* 尚 */
    {0x5C1C, 0xE6, 0xD9}, /* 尜 */
    {0x5C1D, 0xB3, 0xA2}, /* 尝 */
    {0x5C22, 0xDE, 0xCC}, /* 尢 */
    {0x5C24, 0xD3, 0xC8}, /* 尤 */
    {0x5C25, 0xDE, 0xCD}, /* 尥 */
    {0x5C27, 0xD2, 0xA2}, /* 尧 */
    {0x5C2C, 0xDE, 0xCE}, /* 尬 */
    {0x5C31, 0xBE, 0xCD}, /* 就 */
    {0x5C34, 0xDE, 0xCF}, /* 尴 */
    {0x5C38, 0xCA, 0xAC}, /* 尸 */
    {0x5C39, 0xD2, 0xFC}, /* 尹 */
    {0x5C3A, 0xB3, 0xDF}, /* 尺 */
    {0x5C3B, 0xE5, 0xEA}, /* 尻 */
    {0x5C3C, 0xC4, 0xE1}, /* 尼 */
    {0x5C3D, 0xBE, 0xA1}, /* 尽 */
    {0x5C3E, 0xCE, 0xB2}, /* 尾 */
    {0x5C3F, 0xC4, 0xF2}, /* 尿 */
    {0x5C40, 0xBE, 0xD6}, /* 局 */
    {0x5C41, 0xC6, 0xA8}, /* 屁 */
    {0x5C42, 0xB2, 0xE3}, /* 层 */
    {0x5C45, 0xBE, 0xD3}, /* 居 */
    {0x5C48, 0xC7, 0xFC}, /* 屈 */
    {0x5C49, 0xCC, 0xEB}, /* 屉 */
    {0x5C4A, 0xBD, 0xEC}, /* 届 */
    {0x5C4B, 0xCE, 0xDD}, /* 屋 */
    {0x5C4E, 0xCA, 0xBA}, /* 屎 */
    {0x5C4F, 0xC6, 0xC1}, /* 屏 */
    {0x5C50, 0xE5, 0xEC}, /* 屐 */
    {0x5C51, 0xD0, 0xBC}, /* 屑 */
    {0x5C55, 0xD5, 0xB9}, /* 展 */
    {0x5C59, 0xE5, 0xED}, /* 屙 */
    {0x5C5E, 0xCA, 0xF4}, /* 属 */
    {0x5C60, 0xCD, 0xC0}, /* 屠 */
    {0x5C61, 0xC2, 0xC5}, /* 屡 */
    {0x5C63, 0xE5, 0xEF}, /* 屣 */
    {0x5C65, 0xC2, 0xC4}, /* 履 */
    {0x5C66, 0xE5, 0xF0}, /* 屦 */
    {0x5C6E, 0xE5, 0xF8}, /* 屮 */
    {0x5C6F, 0xCD, 0xCD}, /* 屯 */
    {0x5C71, 0xC9, 0xBD}, /* 山 */
    {0x5C79, 0xD2, 0xD9}, /* 屹 */
    {0x5C7A, 0xE1, 0xA8}, /* 屺 */
    {0x5C7F, 0xD3, 0xEC}, /* 屿 */
    {0x5C81, 0xCB, 0xEA}, /* 岁 */
    {0x5C82, 0xC6, 0xF1}, /* 岂 */
    {0x5C88, 0xE1, 0xAC}, /* 岈 */
    {0x5C8C, 0xE1, 0xA7}, /* 岌 */
    {0x5C8D, 0xE1, 0xA9}, /* 岍 */
    {0x5C90, 0xE1, 0xAA}, /* 岐 */
    {0x5C91, 0xE1, 0xAF}, /* 岑 */
    {0x5C94, 0xB2, 0xED}, /* 岔 */
    {0x5C96, 0xE1, 0xAB}, /* 岖 */
    {0x5C97, 0xB8, 0xDA}, /* 岗 */
    {0x5C98, 0xE1, 0xAD}, /* 岘 */
    {0x5C99, 0xE1, 0xAE}, /* 岙 */
    {0x5C9A, 0xE1, 0xB0}, /* 岚 */
    {0x5C9B, 0xB5, 0xBA}, /* 岛 */
    {0x5C9C, 0xE1, 0xB1}, /* 岜 */
    {0x5CA2, 0xE1, 0xB3}, /* 岢 */
    {0x5CA3, 0xE1, 0xB8}, /* 岣 */
    {0x5CA9, 0xD1, 0xD2}, /* 岩 */
    {0x5CAB, 0xE1, 0xB6}, /* 岫 */
    {0x5CAC, 0xE1, 0xB5}, /* 岬 */
    {0x5CAD, 0xC1, 0xEB}, /* 岭 */
    {0x5CB1, 0xE1, 0xB7}, /* 岱 */
    {0x5CB3, 0xD4, 0xC0}, /* 岳 */
    {0x5CB5, 0xE1, 0xB2}, /* 岵 */
    {0x5CB7, 0xE1, 0xBA}, /* 岷 */
    {0x5CB8, 0xB0, 0xB6}, /* 岸 */
    {0x5CBD, 0xE1, 0xB4}, /* 岽 */
    {0x5CBF, 0xBF, 0xF9}, /* 岿 */
    {0x5CC1, 0xE1, 0xB9}, /* 峁 */
    {0x5CC4, 0xE1, 0xBB}, /* 峄 */
    {0x5CCB, 0xE1, 0xBE}, /* 峋 */
    {0x5CD2, 0xE1, 0xBC}, /* 峒 */
    {0x5CD9, 0xD6, 0xC5}, /* 峙 */
    {0x5CE1, 0xCF, 0xBF}, /* 峡 */
    {0x5CE4, 0xE1, 0xBD}, /* 峤 */
    {0x5CE5, 0xE1, 0xBF}, /* 峥 */
    {0x5CE6, 0xC2, 0xCD}, /* 峦 */
    {0x5CE8, 0xB6, 0xEB}, /* 峨 */
    {0x5CEA, 0xD3, 0xF8}, /* 峪 */
    {0x5CED, 0xC7, 0xCD}, /* 峭 */
    {0x5CF0, 0xB7, 0xE5}, /* 峰 */
    {0x5CFB, 0xBE, 0xFE}, /* 峻 */
    {0x5D02, 0xE1, 0xC0}, /* 崂 */
    {0x5D03, 0xE1, 0xC1}, /* 崃 */
    {0x5D06, 0xE1, 0xC7}, /* 崆 */
    {0x5D07, 0xB3, 0xE7}, /* 崇 */
    {0x5D0E, 0xC6, 0xE9}, /* 崎 */
    {0x5D14, 0xB4, 0xDE}, /* 崔 */
    {0x5D16, 0xD1, 0xC2}, /* 崖 */
    {0x5D1B, 0xE1, 0xC8}, /* 崛 */
    {0x5D1E, 0xE1, 0xC6}, /* 崞 */
    {0x5D24, 0xE1, 0xC5}, /* 崤 */
    {0x5D26, 0xE1, 0xC3}, /* 崦 */
    {0x5D27, 0xE1, 0xC2}, /* 崧 */
    {0x5D29, 0xB1, 0xC0}, /* 崩 */
    {0x5D2D, 0xD5, 0xB8}, /* 崭 */
    {0x5D2E, 0xE1, 0xC4}, /* 崮 */
    {0x5D34, 0xE1, 0xCB}, /* 崴 */
    {0x5D3D, 0xE1, 0xCC}, /* 崽 */
    {0x5D3E, 0xE1, 0xCA}, /* 崾 */
    {0x5D47, 0xEF, 0xFA}, /* 嵇 */
    {0x5D4A, 0xE1, 0xD3}, /* 嵊 */
    {0x5D4B, 0xE1, 0xD2}, /* 嵋 */
    {0x5D4C, 0xC7, 0xB6}, /* 嵌 */
    {0x5D58, 0xE1, 0xC9}, /* 嵘 */
    {0x5D5B, 0xE1, 0xCE}, /* 嵛 */
    {0x5D5D, 0xE1, 0xD0}, /* 嵝 */
    {0x5D69, 0xE1, 0xD4}, /* 嵩 */
    {0x5D6B, 0xE1, 0xD1}, /* 嵫 */
    {0x5D6C, 0xE1, 0xCD}, /* 嵬 */
    {0x5D6F, 0xE1, 0xCF}, /* 嵯 */
    {0x5D74, 0xE1, 0xD5}, /* 嵴 */
    {0x5D82, 0xE1, 0xD6}, /* 嶂 */
    {0x5D99, 0xE1, 0xD7}, /* 嶙 */
    {0x5D9D, 0xE1, 0xD8}, /* 嶝 */
    {0x5DB7, 0xE1, 0xDA}, /* 嶷 */
    {0x5DC5, 0xE1, 0xDB}, /* 巅 */
    {0x5DCD, 0xCE, 0xA1}, /* 巍 */
    {0x5DDB, 0xE7, 0xDD}, /* 巛 */
    {0x5DDD, 0xB4, 0xA8}, /* 川 */
    {0x5DDE, 0xD6, 0xDD}, /* 州 */
    {0x5DE1, 0xD1, 0xB2}, /* 巡 */
    {0x5DE2, 0xB3, 0xB2}, /* 巢 */
    {0x5DE5, 0xB9, 0xA4}, /* 工 */
    {0x5DE6, 0xD7, 0xF3}, /* 左 */
    {0x5DE7, 0xC7, 0xC9}, /* 巧 */
    {0x5DE8, 0xBE, 0xDE}, /* 巨 */
    {0x5DE9, 0xB9, 0xAE}, /* 巩 */
    {0x5DEB, 0xCE, 0xD7}, /* 巫 */
    {0x5DEE, 0xB2, 0xEE}, /* 差 */
    {0x5DEF, 0xDB, 0xCF}, /* 巯 */
    {0x5DF1, 0xBC, 0xBA}, /* 己 */
    {0x5DF2, 0xD2, 0xD1}, /* 已 */
    {0x5DF3, 0xCB, 0xC8}, /* 巳 */
    {0x5DF4, 0xB0, 0xCD}, /* 巴 */
    {0x5DF7, 0xCF, 0xEF}, /* 巷 */
    {0x5DFD, 0xD9, 0xE3}, /* 巽 */
    {0x5DFE, 0xBD, 0xED}, /* 巾 */
    {0x5E01, 0xB1, 0xD2}, /* 币 */
    {0x5E02, 0xCA, 0xD0}, /* 市 */
    {0x5E03, 0xB2, 0xBC}, /* 布 */
    {0x5E05, 0xCB, 0xA7}, /* 帅 */
    {0x5E06, 0xB7, 0xAB}, /* 帆 */
    {0x5E08, 0xCA, 0xA6}, /* 师 */
    {0x5E0C, 0xCF, 0xA3}, /* 希 */
    {0x5E0F, 0xE0, 0xF8}, /* 帏 */
    {0x5E10, 0xD5, 0xCA}, /* 帐 */
    {0x5E11, 0xE0, 0xFB}, /* 帑 */
    {0x5E14, 0xE0, 0xFA}, /* 帔 */
    {0x5E15, 0xC5, 0xC1}, /* 帕 */
    {0x5E16, 0xCC, 0xFB}, /* 帖 */
    {0x5E18, 0xC1, 0xB1}, /* 帘 */
    {0x5E19, 0xE0, 0xF9}, /* 帙 */
    {0x5E1A, 0xD6, 0xE3}, /* 帚 */
    {0x5E1B, 0xB2, 0xAF}, /* 帛 */
    {0x5E1C, 0xD6, 0xC4}, /* 帜 */
    {0x5E1D, 0xB5, 0xDB}, /* 帝 */
    {0x5E26, 0xB4, 0xF8}, /* 带 */
    {0x5E27, 0xD6, 0xA1}, /* 帧 */
    {0x5E2D, 0xCF, 0xAF}, /* 席 */
    {0x5E2E, 0xB0, 0xEF}, /* 帮 */
    {0x5E31, 0xE0, 0xFC}, /* 帱 */
    {0x5E37, 0xE1, 0xA1}, /* 帷 */
    {0x5E38, 0xB3, 0xA3}, /* 常 */
    {0x5E3B, 0xE0, 0xFD}, /* 帻 */
    {0x5E3C, 0xE0, 0xFE}, /* 帼 */
    {0x5E3D, 0xC3, 0xB1}, /* 帽 */
    {0x5E42, 0xC3, 0xDD}, /* 幂 */
    {0x5E44, 0xE1, 0xA2}, /* 幄 */
    {0x5E45, 0xB7, 0xF9}, /* 幅 */
    {0x5E4C, 0xBB, 0xCF}, /* 幌 */
    {0x5E54, 0xE1, 0xA3}, /* 幔 */
    {0x5E55, 0xC4, 0xBB}, /* 幕 */
    {0x5E5B, 0xE1, 0xA4}, /* 幛 */
    {0x5E5E, 0xE1, 0xA5}, /* 幞 */
    {0x5E61, 0xE1, 0xA6}, /* 幡 */
    {0x5E62, 0xB4, 0xB1}, /* 幢 */
    {0x5E72, 0xB8, 0xC9}, /* 干 */
    {0x5E73, 0xC6, 0xBD}, /* 平 */
    {0x5E74, 0xC4, 0xEA}, /* 年 */
    {0x5E76, 0xB2, 0xA2}, /* 并 */
    {0x5E78, 0xD0, 0xD2}, /* 幸 */
    {0x5E7A, 0xE7, 0xDB}, /* 幺 */
    {0x5E7B, 0xBB, 0xC3}, /* 幻 */
    {0x5E7C, 0xD3, 0xD7}, /* 幼 */
    {0x5E7D, 0xD3, 0xC4}, /* 幽 */
    {0x5E7F, 0xB9, 0xE3}, /* 广 */
    {0x5E80, 0xE2, 0xCF}, /* 庀 */
    {0x5E84, 0xD7, 0xAF}, /* 庄 */
    {0x5E86, 0xC7, 0xEC}, /* 庆 */
    {0x5E87, 0xB1, 0xD3}, /* 庇 */
    {0x5E8A, 0xB4, 0xB2}, /* 床 */
    {0x5E8B, 0xE2, 0xD1}, /* 庋 */
    {0x5E8F, 0xD0, 0xF2}, /* 序 */
    {0x5E90, 0xC2, 0xAE}, /* 庐 */
    {0x5E91, 0xE2, 0xD0}, /* 庑 */
    {0x5E93, 0xBF, 0xE2}, /* 库 */
    {0x5E94, 0xD3, 0xA6}, /* 应 */
    {0x5E95, 0xB5, 0xD7}, /* 底 */
    {0x5E96, 0xE2, 0xD2}, /* 庖 */
    {0x5E97, 0xB5, 0xEA}, /* 店 */
    {0x5E99, 0xC3, 0xED}, /* 庙 */
    {0x5E9A, 0xB8, 0xFD}, /* 庚 */
    {0x5E9C, 0xB8, 0xAE}, /* 府 */
    {0x5E9E, 0xC5, 0xD3}, /* 庞 */
    {0x5E9F, 0xB7, 0xCF}, /* 废 */
    {0x5EA0, 0xE2, 0xD4}, /* 庠 */
    {0x5EA5, 0xE2, 0xD3}, /* 庥 */
    {0x5EA6, 0xB6, 0xC8}, /* 度 */
    {0x5EA7, 0xD7, 0xF9}, /* 座 */
    {0x5EAD, 0xCD, 0xA5}, /* 庭 */
    {0x5EB3, 0xE2, 0xD8}, /* 庳 */
    {0x5EB5, 0xE2, 0xD6}, /* 庵 */
    {0x5EB6, 0xCA, 0xFC}, /* 庶 */
    {0x5EB7, 0xBF, 0xB5}, /* 康 */
    {0x5EB8, 0xD3, 0xB9}, /* 庸 */
    {0x5EB9, 0xE2, 0xD5}, /* 庹 */
    {0x5EBE, 0xE2, 0xD7}, /* 庾 */
    {0x5EC9, 0xC1, 0xAE}, /* 廉 */
    {0x5ECA, 0xC0, 0xC8}, /* 廊 */
    {0x5ED1, 0xE2, 0xDB}, /* 廑 */
    {0x5ED2, 0xE2, 0xDA}, /* 廒 */
    {0x5ED3, 0xC0, 0xAA}, /* 廓 */
    {0x5ED6, 0xC1, 0xCE}, /* 廖 */
    {0x5EDB, 0xE2, 0xDC}, /* 廛 */
    {0x5EE8, 0xE2, 0xDD}, /* 廨 */
    {0x5EEA, 0xE2, 0xDE}, /* 廪 */
    {0x5EF4, 0xDB, 0xC8}, /* 廴 */
    {0x5EF6, 0xD1, 0xD3}, /* 延 */
    {0x5EF7, 0xCD, 0xA2}, /* 廷 */
    {0x5EFA, 0xBD, 0xA8}, /* 建 */
    {0x5EFE, 0xDE, 0xC3}, /* 廾 */
    {0x5EFF, 0xD8, 0xA5}, /* 廿 */
    {0x5F00, 0xBF, 0xAA}, /* 开 */
    {0x5F01, 0xDB, 0xCD}, /* 弁 */
    {0x5F02, 0xD2, 0xEC}, /* 异 */
    {0x5F03, 0xC6, 0xFA}, /* 弃 */
    {0x5F04, 0xC5, 0xAA}, /* 弄 */
    {0x5F08, 0xDE, 0xC4}, /* 弈 */
    {0x5F0A, 0xB1, 0xD7}, /* 弊 */
    {0x5F0B, 0xDF, 0xAE}, /* 弋 */
    {0x5F0F, 0xCA, 0xBD}, /* 式 */
    {0x5F11, 0xDF, 0xB1}, /* 弑 */
    {0x5F13, 0xB9, 0xAD}, /* 弓 */
    {0x5F15, 0xD2, 0xFD}, /* 引 */
    {0x5F17, 0xB8, 0xA5}, /* 弗 */
    {0x5F18, 0xBA, 0xEB}, /* 弘 */
    {0x5F1B, 0xB3, 0xDA}, /* 弛 */
    {0x5F1F, 0xB5, 0xDC}, /* 弟 */
    {0x5F20, 0xD5, 0xC5}, /* 张 */
    {0x5F25, 0xC3, 0xD6}, /* 弥 */
    {0x5F26, 0xCF, 0xD2}, /* 弦 */
    {0x5F27, 0xBB, 0xA1}, /* 弧 */
    {0x5F29, 0xE5, 0xF3}, /* 弩 */
    {0x5F2A, 0xE5, 0xF2}, /* 弪 */
    {0x5F2D, 0xE5, 0xF4}, /* 弭 */
    {0x5F2F, 0xCD, 0xE4}, /* 弯 */
    {0x5F31, 0xC8, 0xF5}, /* 弱 */
    {0x5F39, 0xB5, 0xAF}, /* 弹 */
    {0x5F3A, 0xC7, 0xBF}, /* 强 */
    {0x5F3C, 0xE5, 0xF6}, /* 弼 */
    {0x5F40, 0xEC, 0xB0}, /* 彀 */
    {0x5F50, 0xE5, 0xE6}, /* 彐 */
    {0x5F52, 0xB9, 0xE9}, /* 归 */
    {0x5F53, 0xB5, 0xB1}, /* 当 */
    {0x5F55, 0xC2, 0xBC}, /* 录 */
    {0x5F56, 0xE5, 0xE8}, /* 彖 */
    {0x5F57, 0xE5, 0xE7}, /* 彗 */
    {0x5F58, 0xE5, 0xE9}, /* 彘 */
    {0x5F5D, 0xD2, 0xCD}, /* 彝 */
    {0x5F61, 0xE1, 0xEA}, /* 彡 */
    {0x5F62, 0xD0, 0xCE}, /* 形 */
    {0x5F64, 0xCD, 0xAE}, /* 彤 */
    {0x5F66, 0xD1, 0xE5}, /* 彦 */
    {0x5F69, 0xB2, 0xCA}, /* 彩 */
    {0x5F6A, 0xB1, 0xEB}, /* 彪 */
    {0x5F6C, 0xB1, 0xF2}, /* 彬 */
    {0x5F6D, 0xC5, 0xED}, /* 彭 */
    {0x5F70, 0xD5, 0xC3}, /* 彰 */
    {0x5F71, 0xD3, 0xB0}, /* 影 */
    {0x5F73, 0xE1, 0xDC}, /* 彳 */
    {0x5F77, 0xE1, 0xDD}, /* 彷 */
    {0x5F79, 0xD2, 0xDB}, /* 役 */
    {0x5F7B, 0xB3, 0xB9}, /* 彻 */
    {0x5F7C, 0xB1, 0xCB}, /* 彼 */
    {0x5F80, 0xCD, 0xF9}, /* 往 */
    {0x5F81, 0xD5, 0xF7}, /* 征 */
    {0x5F82, 0xE1, 0xDE}, /* 徂 */
    {0x5F84, 0xBE, 0xB6}, /* 径 */
    {0x5F85, 0xB4, 0xFD}, /* 待 */
    {0x5F87, 0xE1, 0xDF}, /* 徇 */
    {0x5F88, 0xBA, 0xDC}, /* 很 */
    {0x5F89, 0xE1, 0xE0}, /* 徉 */
    {0x5F8A, 0xBB, 0xB2}, /* 徊 */
    {0x5F8B, 0xC2, 0xC9}, /* 律 */
    {0x5F8C, 0xE1, 0xE1}, /* 後 */
    {0x5F90, 0xD0, 0xEC}, /* 徐 */
    {0x5F92, 0xCD, 0xBD}, /* 徒 */
    {0x5F95, 0xE1, 0xE2}, /* 徕 */
    {0x5F97, 0xB5, 0xC3}, /* 得 */
    {0x5F98, 0xC5, 0xC7}, /* 徘 */
    {0x5F99, 0xE1, 0xE3}, /* 徙 */
    {0x5F9C, 0xE1, 0xE4}, /* 徜 */
    {0x5FA1, 0xD3, 0xF9}, /* 御 */
    {0x5FA8, 0xE1, 0xE5}, /* 徨 */
    {0x5FAA, 0xD1, 0xAD}, /* 循 */
    {0x5FAD, 0xE1, 0xE6}, /* 徭 */
    {0x5FAE, 0xCE, 0xA2}, /* 微 */
    {0x5FB5, 0xE1, 0xE7}, /* 徵 */
    {0x5FB7, 0xB5, 0xC2}, /* 德 */
    {0x5FBC, 0xE1, 0xE8}, /* 徼 */
    {0x5FBD, 0xBB, 0xD5}, /* 徽 */
    {0x5FC3, 0xD0, 0xC4}, /* 心 */
    {0x5FC4, 0xE2, 0xE0}, /* 忄 */
    {0x5FC5, 0xB1, 0xD8}, /* 必 */
    {0x5FC6, 0xD2, 0xE4}, /* 忆 */
    {0x5FC9, 0xE2, 0xE1}, /* 忉 */
    {0x5FCC, 0xBC, 0xC9}, /* 忌 */
    {0x5FCD, 0xC8, 0xCC}, /* 忍 */
    {0x5FCF, 0xE2, 0xE3}, /* 忏 */
    {0x5FD0, 0xEC, 0xFE}, /* 忐 */
    {0x5FD1, 0xEC, 0xFD}, /* 忑 */
    {0x5FD2, 0xDF, 0xAF}, /* 忒 */
    {0x5FD6, 0xE2, 0xE2}, /* 忖 */
    {0x5FD7, 0xD6, 0xBE}, /* 志 */
    {0x5FD8, 0xCD, 0xFC}, /* 忘 */
    {0x5FD9, 0xC3, 0xA6}, /* 忙 */
    {0x5FDD, 0xE3, 0xC3}, /* 忝 */
    {0x5FE0, 0xD6, 0xD2}, /* 忠 */
    {0x5FE1, 0xE2, 0xE7}, /* 忡 */
    {0x5FE4, 0xE2, 0xE8}, /* 忤 */
    {0x5FE7, 0xD3, 0xC7}, /* 忧 */
    {0x5FEA, 0xE2, 0xEC}, /* 忪 */
    {0x5FEB, 0xBF, 0xEC}, /* 快 */
    {0x5FED, 0xE2, 0xED}, /* 忭 */
    {0x5FEE, 0xE2, 0xE5}, /* 忮 */
    {0x5FF1, 0xB3, 0xC0}, /* 忱 */
    {0x5FF5, 0xC4, 0xEE}, /* 念 */
    {0x5FF8, 0xE2, 0xEE}, /* 忸 */
    {0x5FFB, 0xD0, 0xC3}, /* 忻 */
    {0x5FFD, 0xBA, 0xF6}, /* 忽 */
    {0x5FFE, 0xE2, 0xE9}, /* 忾 */
    {0x5FFF, 0xB7, 0xDE}, /* 忿 */
    {0x6000, 0xBB, 0xB3}, /* 怀 */
    {0x6001, 0xCC, 0xAC}, /* 态 */
    {0x6002, 0xCB, 0xCB}, /* 怂 */
    {0x6003, 0xE2, 0xE4}, /* 怃 */
    {0x6004, 0xE2, 0xE6}, /* 怄 */
    {0x6005, 0xE2, 0xEA}, /* 怅 */
    {0x6006, 0xE2, 0xEB}, /* 怆 */
    {0x600A, 0xE2, 0xF7}, /* 怊 */
    {0x600D, 0xE2, 0xF4}, /* 怍 */
    {0x600E, 0xD4, 0xF5}, /* 怎 */
    {0x600F, 0xE2, 0xF3}, /* 怏 */
    {0x6012, 0xC5, 0xAD}, /* 怒 */
    {0x6014, 0xD5, 0xFA}, /* 怔 */
    {0x6015, 0xC5, 0xC2}, /* 怕 */
    {0x6016, 0xB2, 0xC0}, /* 怖 */
    {0x6019, 0xE2, 0xEF}, /* 怙 */
    {0x601B, 0xE2, 0xF2}, /* 怛 */
    {0x601C, 0xC1, 0xAF}, /* 怜 */
    {0x601D, 0xCB, 0xBC}, /* 思 */
    {0x6020, 0xB5, 0xA1}, /* 怠 */
    {0x6021, 0xE2, 0xF9}, /* 怡 */
    {0x6025, 0xBC, 0xB1}, /* 急 */
    {0x6026, 0xE2, 0xF1}, /* 怦 */
    {0x6027, 0xD0, 0xD4}, /* 性 */
    {0x6028, 0xD4, 0xB9}, /* 怨 */
    {0x6029, 0xE2, 0xF5}, /* 怩 */
    {0x602A, 0xB9, 0xD6}, /* 怪 */
    {0x602B, 0xE2, 0xF6}, /* 怫 */
    {0x602F, 0xC7, 0xD3}, /* 怯 */
    {0x6035, 0xE2, 0xF0}, /* 怵 */
    {0x603B, 0xD7, 0xDC}, /* 总 */
    {0x603C, 0xED, 0xA1}, /* 怼 */
    {0x603F, 0xE2, 0xF8}, /* 怿 */
    {0x6041, 0xED, 0xA5}, /* 恁 */
    {0x6042, 0xE2, 0xFE}, /* 恂 */
    {0x6043, 0xCA, 0xD1}, /* 恃 */
    {0x604B, 0xC1, 0xB5}, /* 恋 */
    {0x604D, 0xBB, 0xD0}, /* 恍 */
    {0x6050, 0xBF, 0xD6}, /* 恐 */
    {0x6052, 0xBA, 0xE3}, /* 恒 */
    {0x6055, 0xCB, 0xA1}, /* 恕 */
    {0x6059, 0xED, 0xA6}, /* 恙 */
    {0x605A, 0xED, 0xA3}, /* 恚 */
    {0x605D, 0xED, 0xA2}, /* 恝 */
    {0x6062, 0xBB, 0xD6}, /* 恢 */
    {0x6063, 0xED, 0xA7}, /* 恣 */
    {0x6064, 0xD0, 0xF4}, /* 恤 */
    {0x6067, 0xED, 0xA4}, /* 恧 */
    {0x6068, 0xBA, 0xDE}, /* 恨 */
    {0x6069, 0xB6, 0xF7}, /* 恩 */
    {0x606A, 0xE3, 0xA1}, /* 恪 */
    {0x606B, 0xB6, 0xB2}, /* 恫 */
    {0x606C, 0xCC, 0xF1}, /* 恬 */
    {0x606D, 0xB9, 0xA7}, /* 恭 */
    {0x606F, 0xCF, 0xA2}, /* 息 */
    {0x6070, 0xC7, 0xA1}, /* 恰 */
    {0x6073, 0xBF, 0xD2}, /* 恳 */
    {0x6076, 0xB6, 0xF1}, /* 恶 */
    {0x6078, 0xE2, 0xFA}, /* 恸 */
    {0x6079, 0xE2, 0xFB}, /* 恹 */
    {0x607A, 0xE2, 0xFD}, /* 恺 */
    {0x607B, 0xE2, 0xFC}, /* 恻 */
    {0x607C, 0xC4, 0xD5}, /* 恼 */
    {0x607D, 0xE3, 0xA2}, /* 恽 */
    {0x607F, 0xD3, 0xC1}, /* 恿 */
    {0x6083, 0xE3, 0xA7}, /* 悃 */
    {0x6084, 0xC7, 0xC4}, /* 悄 */
    {0x6089, 0xCF, 0xA4}, /* 悉 */
    {0x608C, 0xE3, 0xA9}, /* 悌 */
    {0x608D, 0xBA, 0xB7}, /* 悍 */
    {0x6092, 0xE3, 0xA8}, /* 悒 */
    {0x6094, 0xBB, 0xDA}, /* 悔 */
    {0x6096, 0xE3, 0xA3}, /* 悖 */
    {0x609A, 0xE3, 0xA4}, /* 悚 */
    {0x609B, 0xE3, 0xAA}, /* 悛 */
    {0x609D, 0xE3, 0xA6}, /* 悝 */
    {0x609F, 0xCE, 0xF2}, /* 悟 */
    {0x60A0, 0xD3, 0xC6}, /* 悠 */
    {0x60A3, 0xBB, 0xBC}, /* 患 */
    {0x60A6, 0xD4, 0xC3}, /* 悦 */
    {0x60A8, 0xC4, 0xFA}, /* 您 */
    {0x60AB, 0xED, 0xA8}, /* 悫 */
    {0x60AC, 0xD0, 0xFC}, /* 悬 */
    {0x60AD, 0xE3, 0xA5}, /* 悭 */
    {0x60AF, 0xC3, 0xF5}, /* 悯 */
    {0x60B1, 0xE3, 0xAD}, /* 悱 */
    {0x60B2, 0xB1, 0xAF}, /* 悲 */
    {0x60B4, 0xE3, 0xB2}, /* 悴 */
    {0x60B8, 0xBC, 0xC2}, /* 悸 */
    {0x60BB, 0xE3, 0xAC}, /* 悻 */
    {0x60BC, 0xB5, 0xBF}, /* 悼 */
    {0x60C5, 0xC7, 0xE9}, /* 情 */
    {0x60C6, 0xE3, 0xB0}, /* 惆 */
    {0x60CA, 0xBE, 0xAA}, /* 惊 */
    {0x60CB, 0xCD, 0xEF}, /* 惋 */
    {0x60D1, 0xBB, 0xF3}, /* 惑 */
    {0x60D5, 0xCC, 0xE8}, /* 惕 */
    {0x60D8, 0xE3, 0xAF}, /* 惘 */
    {0x60DA, 0xE3, 0xB1}, /* 惚 */
    {0x60DC, 0xCF, 0xA7}, /* 惜 */
    {0x60DD, 0xE3, 0xAE}, /* 惝 */
    {0x60DF, 0xCE, 0xA9}, /* 惟 */
    {0x60E0, 0xBB, 0xDD}, /* 惠 */
    {0x60E6, 0xB5, 0xEB}, /* 惦 */
    {0x60E7, 0xBE, 0xE5}, /* 惧 */
    {0x60E8, 0xB2, 0xD2}, /* 惨 */
    {0x60E9, 0xB3, 0xCD}, /* 惩 */
    {0x60EB, 0xB1, 0xB9}, /* 惫 */
    {0x60EC, 0xE3, 0xAB}, /* 惬 */
    {0x60ED, 0xB2, 0xD1}, /* 惭 */
    {0x60EE, 0xB5, 0xAC}, /* 惮 */
    {0x60EF, 0xB9, 0xDF}, /* 惯 */
    {0x60F0, 0xB6, 0xE8}, /* 惰 */
    {0x60F3, 0xCF, 0xEB}, /* 想 */
    {0x60F4, 0xE3, 0xB7}, /* 惴 */
    {0x60F6, 0xBB, 0xCC}, /* 惶 */
    {0x60F9, 0xC8, 0xC7}, /* 惹 */
    {0x60FA, 0xD0, 0xCA}, /* 惺 */
    {0x6100, 0xE3, 0xB8}, /* 愀 */
    {0x6101, 0xB3, 0xEE}, /* 愁 */
    {0x6106, 0xED, 0xA9}, /* 愆 */
    {0x6108, 0xD3, 0xFA}, /* 愈 */
    {0x6109, 0xD3, 0xE4}, /* 愉 */
    {0x610D, 0xED, 0xAA}, /* 愍 */
    {0x610E, 0xE3, 0xB9}, /* 愎 */
    {0x610F, 0xD2, 0xE2}, /* 意 */
    {0x6115, 0xE3, 0xB5}, /* 愕 */
    {0x611A, 0xD3, 0xDE}, /* 愚 */
    {0x611F, 0xB8, 0xD0}, /* 感 */
    {0x6120, 0xE3, 0xB3}, /* 愠 */
    {0x6123, 0xE3, 0xB6}, /* 愣 */
    {0x6124, 0xB7, 0xDF}, /* 愤 */
    {0x6126, 0xE3, 0xB4}, /* 愦 */
    {0x6127, 0xC0, 0xA2}, /* 愧 */
    {0x612B, 0xE3, 0xBA}, /* 愫 */
    {0x613F, 0xD4, 0xB8}, /* 愿 */
    {0x6148, 0xB4, 0xC8}, /* 慈 */
    {0x614A, 0xE3, 0xBB}, /* 慊 */
    {0x614C, 0xBB, 0xC5}, /* 慌 */
    {0x614E, 0xC9, 0xF7}, /* 慎 */
    {0x6151, 0xC9, 0xE5}, /* 慑 */
    {0x6155, 0xC4, 0xBD}, /* 慕 */
    {0x615D, 0xED, 0xAB}, /* 慝 */
    {0x6162, 0xC2, 0xFD}, /* 慢 */
    {0x6167, 0xBB, 0xDB}, /* 慧 */
    {0x6168, 0xBF, 0xAE}, /* 慨 */
    {0x6170, 0xCE, 0xBF}, /* 慰 */
    {0x6175, 0xE3, 0xBC}, /* 慵 */
    {0x6177, 0xBF, 0xB6}, /* 慷 */
    {0x618B, 0xB1, 0xEF}, /* 憋 */
    {0x618E, 0xD4, 0xF7}, /* 憎 */
    {0x6194, 0xE3, 0xBE}, /* 憔 */
    {0x619D, 0xED, 0xAD}, /* 憝 */
    {0x61A7, 0xE3, 0xBF}, /* 憧 */
    {0x61A8, 0xBA, 0xA9}, /* 憨 */
    {0x61A9, 0xED, 0xAC}, /* 憩 */
    {0x61AC, 0xE3, 0xBD}, /* 憬 */
    {0x61B7, 0xE3, 0xC0}, /* 憷 */
    {0x61BE, 0xBA, 0xB6}, /* 憾 */
    {0x61C2, 0xB6, 0xAE}, /* 懂 */
    {0x61C8, 0xD0, 0xB8}, /* 懈 */
    {0x61CA, 0xB0, 0xC3}, /* 懊 */
    {0x61CB, 0xED, 0xAE}, /* 懋 */
    {0x61D1, 0xED, 0xAF}, /* 懑 */
    {0x61D2, 0xC0, 0xC1}, /* 懒 */
    {0x61D4, 0xE3, 0xC1}, /* 懔 */
    {0x61E6, 0xC5, 0xB3}, /* 懦 */
    {0x61F5, 0xE3, 0xC2}, /* 懵 */
    {0x61FF, 0xDC, 0xB2}, /* 懿 */
    {0x6206, 0xED, 0xB0}, /* 戆 */
    {0x6208, 0xB8, 0xEA}, /* 戈 */
    {0x620A, 0xCE, 0xEC}, /* 戊 */
    {0x620B, 0xEA, 0xA7}, /* 戋 */
    {0x620C, 0xD0, 0xE7}, /* 戌 */
    {0x620D, 0xCA, 0xF9}, /* 戍 */
    {0x620E, 0xC8, 0xD6}, /* 戎 */
    {0x620F, 0xCF, 0xB7}, /* 戏 */
    {0x6210, 0xB3, 0xC9}, /* 成 */
    {0x6211, 0xCE, 0xD2}, /* 我 */
    {0x6212, 0xBD, 0xE4}, /* 戒 */
    {0x6215, 0xE3, 0xDE}, /* 戕 */
    {0x6216, 0xBB, 0xF2}, /* 或 */
    {0x6217, 0xEA, 0xA8}, /* 戗 */
    {0x6218, 0xD5, 0xBD}, /* 战 */
    {0x621A, 0xC6, 0xDD}, /* 戚 */
    {0x621B, 0xEA, 0xA9}, /* 戛 */
    {0x621F, 0xEA, 0xAA}, /* 戟 */
    {0x6221, 0xEA, 0xAC}, /* 戡 */
    {0x6222, 0xEA, 0xAB}, /* 戢 */
    {0x6224, 0xEA, 0xAE}, /* 戤 */
    {0x6225, 0xEA, 0xAD}, /* 戥 */
    {0x622A, 0xBD, 0xD8}, /* 截 */
    {0x622C, 0xEA, 0xAF}, /* 戬 */
    {0x622E, 0xC2, 0xBE}, /* 戮 */
    {0x6233, 0xB4, 0xC1}, /* 戳 */
    {0x6234, 0xB4, 0xF7}, /* 戴 */
    {0x6237, 0xBB, 0xA7}, /* 户 */
    {0x623D, 0xEC, 0xE6}, /* 戽 */
    {0x623E, 0xEC, 0xE5}, /* 戾 */
    {0x623F, 0xB7, 0xBF}, /* 房 */
    {0x6240, 0xCB, 0xF9}, /* 所 */
    {0x6241, 0xB1, 0xE2}, /* 扁 */
    {0x6243, 0xEC, 0xE7}, /* 扃 */
    {0x6247, 0xC9, 0xC8}, /* 扇 */
    {0x6248, 0xEC, 0xE8}, /* 扈 */
    {0x6249, 0xEC, 0xE9}, /* 扉 */
    {0x624B, 0xCA, 0xD6}, /* 手 */
    {0x624C, 0xDE, 0xD0}, /* 扌 */
    {0x624D, 0xB2, 0xC5}, /* 才 */
    {0x624E, 0xD4, 0xFA}, /* 扎 */
    {0x6251, 0xC6, 0xCB}, /* 扑 */
    {0x6252, 0xB0, 0xC7}, /* 扒 */
    {0x6253, 0xB4, 0xF2}, /* 打 */
    {0x6254, 0xC8, 0xD3}, /* 扔 */
    {0x6258, 0xCD, 0xD0}, /* 托 */
    {0x625B, 0xBF, 0xB8}, /* 扛 */
    {0x6263, 0xBF, 0xDB}, /* 扣 */
    {0x6266, 0xC7, 0xA4}, /* 扦 */
    {0x6267, 0xD6, 0xB4}, /* 执 */
    {0x6269, 0xC0, 0xA9}, /* 扩 */
    {0x626A, 0xDE, 0xD1}, /* 扪 */
    {0x626B, 0xC9, 0xA8}, /* 扫 */
    {0x626C, 0xD1, 0xEF}, /* 扬 */
    {0x626D, 0xC5, 0xA4}, /* 扭 */
    {0x626E, 0xB0, 0xE7}, /* 扮 */
    {0x626F, 0xB3, 0xB6}, /* 扯 */
    {0x6270, 0xC8, 0xC5}, /* 扰 */
    {0x6273, 0xB0, 0xE2}, /* 扳 */
    {0x6276, 0xB7, 0xF6}, /* 扶 */
    {0x6279, 0xC5, 0xFA}, /* 批 */
    {0x627C, 0xB6, 0xF3}, /* 扼 */
    {0x627E, 0xD5, 0xD2}, /* 找 */
    {0x627F, 0xB3, 0xD0}, /* 承 */
    {0x6280, 0xBC, 0xBC}, /* 技 */
    {0x6284, 0xB3, 0xAD}, /* 抄 */
    {0x6289, 0xBE, 0xF1}, /* 抉 */
    {0x628A, 0xB0, 0xD1}, /* 把 */
    {0x6291, 0xD2, 0xD6}, /* 抑 */
    {0x6292, 0xCA, 0xE3}, /* 抒 */
    {0x6293, 0xD7, 0xA5}, /* 抓 */
    {0x6295, 0xCD, 0xB6}, /* 投 */
    {0x6296, 0xB6, 0xB6}, /* 抖 */
    {0x6297, 0xBF, 0xB9}, /* 抗 */
    {0x6298, 0xD5, 0xDB}, /* 折 */
    {0x629A, 0xB8, 0xA7}, /* 抚 */
    {0x629B, 0xC5, 0xD7}, /* 抛 */
    {0x629F, 0xDE, 0xD2}, /* 抟 */
    {0x62A0, 0xBF, 0xD9}, /* 抠 */
    {0x62A1, 0xC2, 0xD5}, /* 抡 */
    {0x62A2, 0xC7, 0xC0}, /* 抢 */
    {0x62A4, 0xBB, 0xA4}, /* 护 */
    {0x62A5, 0xB1, 0xA8}, /* 报 */
    {0x62A8, 0xC5, 0xEA}, /* 抨 */
    {0x62AB, 0xC5, 0xFB}, /* 披 */
    {0x62AC, 0xCC, 0xA7}, /* 抬 */
    {0x62B1, 0xB1, 0xA7}, /* 抱 */
    {0x62B5, 0xB5, 0xD6}, /* 抵 */
    {0x62B9, 0xC4, 0xA8}, /* 抹 */
    {0x62BB, 0xDE, 0xD3}, /* 抻 */
    {0x62BC, 0xD1, 0xBA}, /* 押 */
    {0x62BD, 0xB3, 0xE9}, /* 抽 */
    {0x62BF, 0xC3, 0xF2}, /* 抿 */
    {0x62C2, 0xB7, 0xF7}, /* 拂 */
    {0x62C4, 0xD6, 0xF4}, /* 拄 */
    {0x62C5, 0xB5, 0xA3}, /* 担 */
    {0x62C6, 0xB2, 0xF0}, /* 拆 */
    {0x62C7, 0xC4, 0xB4}, /* 拇 */
    {0x62C8, 0xC4, 0xE9}, /* 拈 */
    {0x62C9, 0xC0, 0xAD}, /* 拉 */
    {0x62CA, 0xDE, 0xD4}, /* 拊 */
    {0x62CC, 0xB0, 0xE8}, /* 拌 */
    {0x62CD, 0xC5, 0xC4}, /* 拍 */
    {0x62CE, 0xC1, 0xE0}, /* 拎 */
    {0x62D0, 0xB9, 0xD5}, /* 拐 */
    {0x62D2, 0xBE, 0xDC}, /* 拒 */
    {0x62D3, 0xCD, 0xD8}, /* 拓 */
    {0x62D4, 0xB0, 0xCE}, /* 拔 */
    {0x62D6, 0xCD, 0xCF}, /* 拖 */
    {0x62D7, 0xDE, 0xD6}, /* 拗 */
    {0x62D8, 0xBE, 0xD0}, /* 拘 */
    {0x62D9, 0xD7, 0xBE}, /* 拙 */
    {0x62DA, 0xDE, 0xD5}, /* 拚 */
    {0x62DB, 0xD5, 0xD0}, /* 招 */
    {0x62DC, 0xB0, 0xDD}, /* 拜 */
    {0x62DF, 0xC4, 0xE2}, /* 拟 */
    {0x62E2, 0xC2, 0xA3}, /* 拢 */
    {0x62E3, 0xBC, 0xF0}, /* 拣 */
    {0x62E5, 0xD3, 0xB5}, /* 拥 */
    {0x62E6, 0xC0, 0xB9}, /* 拦 */
    {0x62E7, 0xC5, 0xA1}, /* 拧 */
    {0x62E8, 0xB2, 0xA6}, /* 拨 */
    {0x62E9, 0xD4, 0xF1}, /* 择 */
    {0x62EC, 0xC0, 0xA8}, /* 括 */
    {0x62ED, 0xCA, 0xC3}, /* 拭 */
    {0x62EE, 0xDE, 0xD7}, /* 拮 */
    {0x62EF, 0xD5, 0xFC}, /* 拯 */
    {0x62F1, 0xB9, 0xB0}, /* 拱 */
    {0x62F3, 0xC8, 0xAD}, /* 拳 */
    {0x62F4, 0xCB, 0xA9}, /* 拴 */
    {0x62F6, 0xDE, 0xD9}, /* 拶 */
    {0x62F7, 0xBF, 0xBD}, /* 拷 */
    {0x62FC, 0xC6, 0xB4}, /* 拼 */
    {0x62FD, 0xD7, 0xA7}, /* 拽 */
    {0x62FE, 0xCA, 0xB0}, /* 拾 */
    {0x62FF, 0xC4, 0xC3}, /* 拿 */
    {0x6301, 0xB3, 0xD6}, /* 持 */
    {0x6302, 0xB9, 0xD2}, /* 挂 */
    {0x6307, 0xD6, 0xB8}, /* 指 */
    {0x6308, 0xEA, 0xFC}, /* 挈 */
    {0x6309, 0xB0, 0xB4}, /* 按 */
    {0x630E, 0xBF, 0xE6}, /* 挎 */
    {0x6311, 0xCC, 0xF4}, /* 挑 */
    {0x6316, 0xCD, 0xDA}, /* 挖 */
    {0x631A, 0xD6, 0xBF}, /* 挚 */
    {0x631B, 0xC2, 0xCE}, /* 挛 */
    {0x631D, 0xCE, 0xCE}, /* 挝 */
    {0x631E, 0xCC, 0xA2}, /* 挞 */
    {0x631F, 0xD0, 0xAE}, /* 挟 */
    {0x6320, 0xC4, 0xD3}, /* 挠 */
    {0x6321, 0xB5, 0xB2}, /* 挡 */
    {0x6322, 0xDE, 0xD8}, /* 挢 */
    {0x6323, 0xD5, 0xF5}, /* 挣 */
    {0x6324, 0xBC, 0xB7}, /* 挤 */
    {0x6325, 0xBB, 0xD3}, /* 挥 */
    {0x6328, 0xB0, 0xA4}, /* 挨 */
    {0x632A, 0xC5, 0xB2}, /* 挪 */
    {0x632B, 0xB4, 0xEC}, /* 挫 */
    {0x632F, 0xD5, 0xF1}, /* 振 */
    {0x6332, 0xEA, 0xFD}, /* 挲 */
    {0x6339, 0xDE, 0xDA}, /* 挹 */
    {0x633A, 0xCD, 0xA6}, /* 挺 */
    {0x633D, 0xCD, 0xEC}, /* 挽 */
    {0x6342, 0xCE, 0xE6}, /* 捂 */
    {0x6343, 0xDE, 0xDC}, /* 捃 */
    {0x6345, 0xCD, 0xB1}, /* 捅 */
    {0x6346, 0xC0, 0xA6}, /* 捆 */
    {0x6349, 0xD7, 0xBD}, /* 捉 */
    {0x634B, 0xDE, 0xDB}, /* 捋 */
    {0x634C, 0xB0, 0xC6}, /* 捌 */
    {0x634D, 0xBA, 0xB4}, /* 捍 */
    {0x634E, 0xC9, 0xD3}, /* 捎 */
    {0x634F, 0xC4, 0xF3}, /* 捏 */
    {0x6350, 0xBE, 0xE8}, /* 捐 */
    {0x6355, 0xB2, 0xB6}, /* 捕 */
    {0x635E, 0xC0, 0xCC}, /* 捞 */
    {0x635F, 0xCB, 0xF0}, /* 损 */
    {0x6361, 0xBC, 0xF1}, /* 捡 */
    {0x6362, 0xBB, 0xBB}, /* 换 */
    {0x6363, 0xB5, 0xB7}, /* 捣 */
    {0x6367, 0xC5, 0xF5}, /* 捧 */
    {0x6369, 0xDE, 0xE6}, /* 捩 */
    {0x636D, 0xDE, 0xE3}, /* 捭 */
    {0x636E, 0xBE, 0xDD}, /* 据 */
    {0x6371, 0xDE, 0xDF}, /* 捱 */
    {0x6376, 0xB4, 0xB7}, /* 捶 */
    {0x6377, 0xBD, 0xDD}, /* 捷 */
    {0x637A, 0xDE, 0xE0}, /* 捺 */
    {0x637B, 0xC4, 0xED}, /* 捻 */
    {0x6380, 0xCF, 0xC6}, /* 掀 */
    {0x6382, 0xB5, 0xE0}, /* 掂 */
    {0x6387, 0xB6, 0xDE}, /* 掇 */
    {0x6388, 0xCA, 0xDA}, /* 授 */
    {0x6389, 0xB5, 0xF4}, /* 掉 */
    {0x638A, 0xDE, 0xE5}, /* 掊 */
    {0x638C, 0xD5, 0xC6}, /* 掌 */
    {0x638E, 0xDE, 0xE1}, /* 掎 */
    {0x638F, 0xCC, 0xCD}, /* 掏 */
    {0x6390, 0xC6, 0xFE}, /* 掐 */
    {0x6392, 0xC5, 0xC5}, /* 排 */
    {0x6396, 0xD2, 0xB4}, /* 掖 */
    {0x6398, 0xBE, 0xF2}, /* 掘 */
    {0x63A0, 0xC2, 0xD3}, /* 掠 */
    {0x63A2, 0xCC, 0xBD}, /* 探 */
    {0x63A3, 0xB3, 0xB8}, /* 掣 */
    {0x63A5, 0xBD, 0xD3}, /* 接 */
    {0x63A7, 0xBF, 0xD8}, /* 控 */
    {0x63A8, 0xCD, 0xC6}, /* 推 */
    {0x63A9, 0xD1, 0xDA}, /* 掩 */
    {0x63AA, 0xB4, 0xEB}, /* 措 */
    {0x63AC, 0xDE, 0xE4}, /* 掬 */
    {0x63AD, 0xDE, 0xDD}, /* 掭 */
    {0x63AE, 0xDE, 0xE7}, /* 掮 */
    {0x63B0, 0xEA, 0xFE}, /* 掰 */
    {0x63B3, 0xC2, 0xB0}, /* 掳 */
    {0x63B4, 0xDE, 0xE2}, /* 掴 */
    {0x63B7, 0xD6, 0xC0}, /* 掷 */
    {0x63B8, 0xB5, 0xA7}, /* 掸 */
    {0x63BA, 0xB2, 0xF4}, /* 掺 */
    {0x63BC, 0xDE, 0xE8}, /* 掼 */
    {0x63BE, 0xDE, 0xF2}, /* 掾 */
    {0x63C4, 0xDE, 0xED}, /* 揄 */
    {0x63C6, 0xDE, 0xF1}, /* 揆 */
    {0x63C9, 0xC8, 0xE0}, /* 揉 */
    {0x63CD, 0xD7, 0xE1}, /* 揍 */
    {0x63CE, 0xDE, 0xEF}, /* 揎 */
    {0x63CF, 0xC3, 0xE8}, /* 描 */
    {0x63D0, 0xCC, 0xE1}, /* 提 */
    {0x63D2, 0xB2, 0xE5}, /* 插 */
    {0x63D6, 0xD2, 0xBE}, /* 揖 */
    {0x63DE, 0xDE, 0xEE}, /* 揞 */
    {0x63E0, 0xDE, 0xEB}, /* 揠 */
    {0x63E1, 0xCE, 0xD5}, /* 握 */
    {0x63E3, 0xB4, 0xA7}, /* 揣 */
    {0x63E9, 0xBF, 0xAB}, /* 揩 */
    {0x63EA, 0xBE, 0xBE}, /* 揪 */
    {0x63ED, 0xBD, 0xD2}, /* 揭 */
    {0x63F2, 0xDE, 0xE9}, /* 揲 */
    {0x63F4, 0xD4, 0xAE}, /* 援 */
    {0x63F6, 0xDE, 0xDE}, /* 揶 */
    {0x63F8, 0xDE, 0xEA}, /* 揸 */
    {0x63FD, 0xC0, 0xBF}, /* 揽 */
    {0x63FF, 0xDE, 0xEC}, /* 揿 */
    {0x6400, 0xB2, 0xF3}, /* 搀 */
    {0x6401, 0xB8, 0xE9}, /* 搁 */
    {0x6402, 0xC2, 0xA7}, /* 搂 */
    {0x6405, 0xBD, 0xC1}, /* 搅 */
    {0x640B, 0xDE, 0xF5}, /* 搋 */
    {0x640C, 0xDE, 0xF8}, /* 搌 */
    {0x640F, 0xB2, 0xAB}, /* 搏 */
    {0x6410, 0xB4, 0xA4}, /* 搐 */
    {0x6413, 0xB4, 0xEA}, /* 搓 */
    {0x6414, 0xC9, 0xA6}, /* 搔 */
    {0x641B, 0xDE, 0xF6}, /* 搛 */
    {0x641C, 0xCB, 0xD1}, /* 搜 */
    {0x641E, 0xB8, 0xE3}, /* 搞 */
    {0x6420, 0xDE, 0xF7}, /* 搠 */
    {0x6421, 0xDE, 0xFA}, /* 搡 */
    {0x6426, 0xDE, 0xF9}, /* 搦 */
    {0x642A, 0xCC, 0xC2}, /* 搪 */
    {0x642C, 0xB0, 0xE1}, /* 搬 */
    {0x642D, 0xB4, 0xEE}, /* 搭 */
    {0x6434, 0xE5, 0xBA}, /* 搴 */
    {0x643A, 0xD0, 0xAF}, /* 携 */
    {0x643D, 0xB2, 0xEB}, /* 搽 */
    {0x643F, 0xEB, 0xA1}, /* 搿 */
    {0x6441, 0xDE, 0xF4}, /* 摁 */
    {0x6444, 0xC9, 0xE3}, /* 摄 */
    {0x6445, 0xDE, 0xF3}, /* 摅 */
    {0x6446, 0xB0, 0xDA}, /* 摆 */
    {0x6447, 0xD2, 0xA1}, /* 摇 */
    {0x6448, 0xB1, 0xF7}, /* 摈 */
    {0x644A, 0xCC, 0xAF}, /* 摊 */
    {0x6452, 0xDE, 0xF0}, /* 摒 */
    {0x6454, 0xCB, 0xA4}, /* 摔 */
    {0x6458, 0xD5, 0xAA}, /* 摘 */
    {0x645E, 0xDE, 0xFB}, /* 摞 */
    {0x6467, 0xB4, 0xDD}, /* 摧 */
    {0x6469, 0xC4, 0xA6}, /* 摩 */
    {0x646D, 0xDE, 0xFD}, /* 摭 */
    {0x6478, 0xC3, 0xFE}, /* 摸 */
    {0x6479, 0xC4, 0xA1}, /* 摹 */
    {0x647A, 0xDF, 0xA1}, /* 摺 */
    {0x6482, 0xC1, 0xCC}, /* 撂 */
    {0x6484, 0xDE, 0xFC}, /* 撄 */
    {0x6485, 0xBE, 0xEF}, /* 撅 */
    {0x6487, 0xC6, 0xB2}, /* 撇 */
    {0x6491, 0xB3, 0xC5}, /* 撑 */
    {0x6492, 0xC8, 0xF6}, /* 撒 */
    {0x6495, 0xCB, 0xBA}, /* 撕 */
    {0x6496, 0xDE, 0xFE}, /* 撖 */
    {0x6499, 0xDF, 0xA4}, /* 撙 */
    {0x649E, 0xD7, 0xB2}, /* 撞 */
    {0x64A4, 0xB3, 0xB7}, /* 撤 */
    {0x64A9, 0xC1, 0xC3}, /* 撩 */
    {0x64AC, 0xC7, 0xCB}, /* 撬 */
    {0x64AD, 0xB2, 0xA5}, /* 播 */
    {0x64AE, 0xB4, 0xE9}, /* 撮 */
    {0x64B0, 0xD7, 0xAB}, /* 撰 */
    {0x64B5, 0xC4, 0xEC}, /* 撵 */
    {0x64B7, 0xDF, 0xA2}, /* 撷 */
    {0x64B8, 0xDF, 0xA3}, /* 撸 */
    {0x64BA, 0xDF, 0xA5}, /* 撺 */
    {0x64BC, 0xBA, 0xB3}, /* 撼 */
    {0x64C0, 0xDF, 0xA6}, /* 擀 */
    {0x64C2, 0xC0, 0xDE}, /* 擂 */
    {0x64C5, 0xC9, 0xC3}, /* 擅 */
    {0x64CD, 0xB2, 0xD9}, /* 操 */
    {0x64CE, 0xC7, 0xE6}, /* 擎 */
    {0x64D0, 0xDF, 0xA7}, /* 擐 */
    {0x64D2, 0xC7, 0xDC}, /* 擒 */
    {0x64D7, 0xDF, 0xA8}, /* 擗 */
    {0x64D8, 0xEB, 0xA2}, /* 擘 */
    {0x64DE, 0xCB, 0xD3}, /* 擞 */
    {0x64E2, 0xDF, 0xAA}, /* 擢 */
    {0x64E4, 0xDF, 0xA9}, /* 擤 */
    {0x64E6, 0xB2, 0xC1}, /* 擦 */
    {0x6500, 0xC5, 0xCA}, /* 攀 */
    {0x6509, 0xDF, 0xAB}, /* 攉 */
    {0x6512, 0xD4, 0xDC}, /* 攒 */
    {0x6518, 0xC8, 0xC1}, /* 攘 */
    {0x6525, 0xDF, 0xAC}, /* 攥 */
    {0x652B, 0xBE, 0xF0}, /* 攫 */
    {0x652E, 0xDF, 0xAD}, /* 攮 */
    {0x652F, 0xD6, 0xA7}, /* 支 */
    {0x6534, 0xEA, 0xB7}, /* 攴 */
    {0x6535, 0xEB, 0xB6}, /* 攵 */
    {0x6536, 0xCA, 0xD5}, /* 收 */
    {0x6538, 0xD8, 0xFC}, /* 攸 */
    {0x6539, 0xB8, 0xC4}, /* 改 */
    {0x653B, 0xB9, 0xA5}, /* 攻 */
    {0x653E, 0xB7, 0xC5}, /* 放 */
    {0x653F, 0xD5, 0xFE}, /* 政 */
    {0x6545, 0xB9, 0xCA}, /* 故 */
    {0x6548, 0xD0, 0xA7}, /* 效 */
    {0x6549, 0xF4, 0xCD}, /* 敉 */
    {0x654C, 0xB5, 0xD0}, /* 敌 */
    {0x654F, 0xC3, 0xF4}, /* 敏 */
    {0x6551, 0xBE, 0xC8}, /* 救 */
    {0x6555, 0xEB, 0xB7}, /* 敕 */
    {0x6556, 0xB0, 0xBD}, /* 敖 */
    {0x6559, 0xBD, 0xCC}, /* 教 */
    {0x655B, 0xC1, 0xB2}, /* 敛 */
    {0x655D, 0xB1, 0xD6}, /* 敝 */
    {0x655E, 0xB3, 0xA8}, /* 敞 */
    {0x6562, 0xB8, 0xD2}, /* 敢 */
    {0x6563, 0xC9, 0xA2}, /* 散 */
    {0x6566, 0xB6, 0xD8}, /* 敦 */
    {0x656B, 0xEB, 0xB8}, /* 敫 */
    {0x656C, 0xBE, 0xB4}, /* 敬 */
    {0x6570, 0xCA, 0xFD}, /* 数 */
    {0x6572, 0xC7, 0xC3}, /* 敲 */
    {0x6574, 0xD5, 0xFB}, /* 整 */
    {0x6577, 0xB7, 0xF3}, /* 敷 */
    {0x6587, 0xCE, 0xC4}, /* 文 */
    {0x658B, 0xD5, 0xAB}, /* 斋 */
    {0x658C, 0xB1, 0xF3}, /* 斌 */
    {0x6590, 0xEC, 0xB3}, /* 斐 */
    {0x6591, 0xB0, 0xDF}, /* 斑 */
    {0x6593, 0xEC, 0xB5}, /* 斓 */
    {0x6597, 0xB6, 0xB7}, /* 斗 */
    {0x6599, 0xC1, 0xCF}, /* 料 */
    {0x659B, 0xF5, 0xFA}, /* 斛 */
    {0x659C, 0xD0, 0xB1}, /* 斜 */
    {0x659F, 0xD5, 0xE5}, /* 斟 */
    {0x65A1, 0xCE, 0xD3}, /* 斡 */
    {0x65A4, 0xBD, 0xEF}, /* 斤 */
    {0x65A5, 0xB3, 0xE2}, /* 斥 */
    {0x65A7, 0xB8, 0xAB}, /* 斧 */
    {0x65A9, 0xD5, 0xB6}, /* 斩 */
    {0x65AB, 0xED, 0xBD}, /* 斫 */
    {0x65AD, 0xB6, 0xCF}, /* 断 */
    {0x65AF, 0xCB, 0xB9}, /* 斯 */
    {0x65B0, 0xD0, 0xC2}, /* 新 */
    {0x65B9, 0xB7, 0xBD}, /* 方 */
    {0x65BC, 0xEC, 0xB6}, /* 於 */
    {0x65BD, 0xCA, 0xA9}, /* 施 */
    {0x65C1, 0xC5, 0xD4}, /* 旁 */
    {0x65C3, 0xEC, 0xB9}, /* 旃 */
    {0x65C4, 0xEC, 0xB8}, /* 旄 */
    {0x65C5, 0xC2, 0xC3}, /* 旅 */
    {0x65C6, 0xEC, 0xB7}, /* 旆 */
    {0x65CB, 0xD0, 0xFD}, /* 旋 */
    {0x65CC, 0xEC, 0xBA}, /* 旌 */
    {0x65CE, 0xEC, 0xBB}, /* 旎 */
    {0x65CF, 0xD7, 0xE5}, /* 族 */
    {0x65D2, 0xEC, 0xBC}, /* 旒 */
    {0x65D6, 0xEC, 0xBD}, /* 旖 */
    {0x65D7, 0xC6, 0xEC}, /* 旗 */
    {0x65E0, 0xCE, 0xDE}, /* 无 */
    {0x65E2, 0xBC, 0xC8}, /* 既 */
    {0x65E5, 0xC8, 0xD5}, /* 日 */
    {0x65E6, 0xB5, 0xA9}, /* 旦 */
    {0x65E7, 0xBE, 0xC9}, /* 旧 */
    {0x65E8, 0xD6, 0xBC}, /* 旨 */
    {0x65E9, 0xD4, 0xE7}, /* 早 */
    {0x65EC, 0xD1, 0xAE}, /* 旬 */
    {0x65ED, 0xD0, 0xF1}, /* 旭 */
    {0x65EE, 0xEA, 0xB8}, /* 旮 */
    {0x65EF, 0xEA, 0xB9}, /* 旯 */
    {0x65F0, 0xEA, 0xBA}, /* 旰 */
    {0x65F1, 0xBA, 0xB5}, /* 旱 */
    {0x65F6, 0xCA, 0xB1}, /* 时 */
    {0x65F7, 0xBF, 0xF5}, /* 旷 */
    {0x65FA, 0xCD, 0xFA}, /* 旺 */
    {0x6600, 0xEA, 0xC0}, /* 昀 */
    {0x6602, 0xB0, 0xBA}, /* 昂 */
    {0x6603, 0xEA, 0xBE}, /* 昃 */
    {0x6606, 0xC0, 0xA5}, /* 昆 */
    {0x660A, 0xEA, 0xBB}, /* 昊 */
    {0x660C, 0xB2, 0xFD}, /* 昌 */
    {0x660E, 0xC3, 0xF7}, /* 明 */
    {0x660F, 0xBB, 0xE8}, /* 昏 */
    {0x6613, 0xD2, 0xD7}, /* 易 */
    {0x6614, 0xCE, 0xF4}, /* 昔 */
    {0x6615, 0xEA, 0xBF}, /* 昕 */
    {0x6619, 0xEA, 0xBC}, /* 昙 */
    {0x661D, 0xEA, 0xC3}, /* 昝 */
    {0x661F, 0xD0, 0xC7}, /* 星 */
    {0x6620, 0xD3, 0xB3}, /* 映 */
    {0x6625, 0xB4, 0xBA}, /* 春 */
    {0x6627, 0xC3, 0xC1}, /* 昧 */
    {0x6628, 0xD7, 0xF2}, /* 昨 */
    {0x662D, 0xD5, 0xD1}, /* 昭 */
    {0x662F, 0xCA, 0xC7}, /* 是 */
    {0x6631, 0xEA, 0xC5}, /* 昱 */
    {0x6634, 0xEA, 0xC4}, /* 昴 */
    {0x6635, 0xEA, 0xC7}, /* 昵 */
    {0x6636, 0xEA, 0xC6}, /* 昶 */
    {0x663C, 0xD6, 0xE7}, /* 昼 */
    {0x663E, 0xCF, 0xD4}, /* 显 */
    {0x6641, 0xEA, 0xCB}, /* 晁 */
    {0x6643, 0xBB, 0xCE}, /* 晃 */
    {0x664B, 0xBD, 0xFA}, /* 晋 */
    {0x664C, 0xC9, 0xCE}, /* 晌 */
    {0x664F, 0xEA, 0xCC}, /* 晏 */
    {0x6652, 0xC9, 0xB9}, /* 晒 */
    {0x6653, 0xCF, 0xFE}, /* 晓 */
    {0x6654, 0xEA, 0xCA}, /* 晔 */
    {0x6655, 0xD4, 0xCE}, /* 晕 */
    {0x6656, 0xEA, 0xCD}, /* 晖 */
    {0x6657, 0xEA, 0xCF}, /* 晗 */
    {0x665A, 0xCD, 0xED}, /* 晚 */
    {0x665F, 0xEA, 0xC9}, /* 晟 */
    {0x6661, 0xEA, 0xCE}, /* 晡 */
    {0x6664, 0xCE, 0xEE}, /* 晤 */
    {0x6666, 0xBB, 0xDE}, /* 晦 */
    {0x6668, 0xB3, 0xBF}, /* 晨 */
    {0x666E, 0xC6, 0xD5}, /* 普 */
    {0x666F, 0xBE, 0xB0}, /* 景 */
    {0x6670, 0xCE, 0xFA}, /* 晰 */
    {0x6674, 0xC7, 0xE7}, /* 晴 */
    {0x6676, 0xBE, 0xA7}, /* 晶 */
    {0x6677, 0xEA, 0xD0}, /* 晷 */
    {0x667A, 0xD6, 0xC7}, /* 智 */
    {0x667E, 0xC1, 0xC0}, /* 晾 */
    {0x6682, 0xD4, 0xDD}, /* 暂 */
    {0x6684, 0xEA, 0xD1}, /* 暄 */
    {0x6687, 0xCF, 0xBE}, /* 暇 */
    {0x668C, 0xEA, 0xD2}, /* 暌 */
    {0x6691, 0xCA, 0xEE}, /* 暑 */
    {0x6696, 0xC5, 0xAF}, /* 暖 */
    {0x6697, 0xB0, 0xB5}, /* 暗 */
    {0x669D, 0xEA, 0xD4}, /* 暝 */
    {0x66A7, 0xEA, 0xD3}, /* 暧 */
    {0x66A8, 0xF4, 0xDF}, /* 暨 */
    {0x66AE, 0xC4, 0xBA}, /* 暮 */
    {0x66B4, 0xB1, 0xA9}, /* 暴 */
    {0x66B9, 0xE5, 0xDF}, /* 暹 */
    {0x66BE, 0xEA, 0xD5}, /* 暾 */
    {0x66D9, 0xCA, 0xEF}, /* 曙 */
    {0x66DB, 0xEA, 0xD6}, /* 曛 */
    {0x66DC, 0xEA, 0xD7}, /* 曜 */
    {0x66DD, 0xC6, 0xD8}, /* 曝 */
    {0x66E6, 0xEA, 0xD8}, /* 曦 */
    {0x66E9, 0xEA, 0xD9}, /* 曩 */
    {0x66F0, 0xD4, 0xBB}, /* 曰 */
    {0x66F2, 0xC7, 0xFA}, /* 曲 */
    {0x66F3, 0xD2, 0xB7}, /* 曳 */
    {0x66F4, 0xB8, 0xFC}, /* 更 */
    {0x66F7, 0xEA, 0xC2}, /* 曷 */
    {0x66F9, 0xB2, 0xDC}, /* 曹 */
    {0x66FC, 0xC2, 0xFC}, /* 曼 */
    {0x66FE, 0xD4, 0xF8}, /* 曾 */
    {0x66FF, 0xCC, 0xE6}, /* 替 */
    {0x6700, 0xD7, 0xEE}, /* 最 */
    {0x6708, 0xD4, 0xC2}, /* 月 */
    {0x6709, 0xD3, 0xD0}, /* 有 */
    {0x670A, 0xEB, 0xC3}, /* 朊 */
    {0x670B, 0xC5, 0xF3}, /* 朋 */
    {0x670D, 0xB7, 0xFE}, /* 服 */
    {0x6710, 0xEB, 0xD4}, /* 朐 */
    {0x6714, 0xCB, 0xB7}, /* 朔 */
    {0x6715, 0xEB, 0xDE}, /* 朕 */
    {0x6717, 0xC0, 0xCA}, /* 朗 */
    {0x671B, 0xCD, 0xFB}, /* 望 */
    {0x671D, 0xB3, 0xAF}, /* 朝 */
    {0x671F, 0xC6, 0xDA}, /* 期 */
    {0x6726, 0xEB, 0xFC}, /* 朦 */
    {0x6728, 0xC4, 0xBE}, /* 木 */
    {0x672A, 0xCE, 0xB4}, /* 未 */
    {0x672B, 0xC4, 0xA9}, /* 末 */
    {0x672C, 0xB1, 0xBE}, /* 本 */
    {0x672D, 0xD4, 0xFD}, /* 札 */
    {0x672F, 0xCA, 0xF5}, /* 术 */
    {0x6731, 0xD6, 0xEC}, /* 朱 */
    {0x6734, 0xC6, 0xD3}, /* 朴 */
    {0x6735, 0xB6, 0xE4}, /* 朵 */
    {0x673A, 0xBB, 0xFA}, /* 机 */
    {0x673D, 0xD0, 0xE0}, /* 朽 */
    {0x6740, 0xC9, 0xB1}, /* 杀 */
    {0x6742, 0xD4, 0xD3}, /* 杂 */
    {0x6743, 0xC8, 0xA8}, /* 权 */
    {0x6746, 0xB8, 0xCB}, /* 杆 */
    {0x6748, 0xE8, 0xBE}, /* 杈 */
    {0x6749, 0xC9, 0xBC}, /* 杉 */
    {0x674C, 0xE8, 0xBB}, /* 杌 */
    {0x674E, 0xC0, 0xEE}, /* 李 */
    {0x674F, 0xD0, 0xD3}, /* 杏 */
    {0x6750, 0xB2, 0xC4}, /* 材 */
    {0x6751, 0xB4, 0xE5}, /* 村 */
    {0x6753, 0xE8, 0xBC}, /* 杓 */
    {0x6756, 0xD5, 0xC8}, /* 杖 */
    {0x675C, 0xB6, 0xC5}, /* 杜 */
    {0x675E, 0xE8, 0xBD}, /* 杞 */
    {0x675F, 0xCA, 0xF8}, /* 束 */
    {0x6760, 0xB8, 0xDC}, /* 杠 */
    {0x6761, 0xCC, 0xF5}, /* 条 */
    {0x6765, 0xC0, 0xB4}, /* 来 */
    {0x6768, 0xD1, 0xEE}, /* 杨 */
    {0x6769, 0xE8, 0xBF}, /* 杩 */
    {0x676A, 0xE8, 0xC2}, /* 杪 */
    {0x676D, 0xBA, 0xBC}, /* 杭 */
    {0x676F, 0xB1, 0xAD}, /* 杯 */
    {0x6770, 0xBD, 0xDC}, /* 杰 */
    {0x6772, 0xEA, 0xBD}, /* 杲 */
    {0x6773, 0xE8, 0xC3}, /* 杳 */
    {0x6775, 0xE8, 0xC6}, /* 杵 */
    {0x6777, 0xE8, 0xCB}, /* 杷 */
    {0x677C, 0xE8, 0xCC}, /* 杼 */
    {0x677E, 0xCB, 0xC9}, /* 松 */
    {0x677F, 0xB0, 0xE5}, /* 板 */
    {0x6781, 0xBC, 0xAB}, /* 极 */
    {0x6784, 0xB9, 0xB9}, /* 构 */
    {0x6787, 0xE8, 0xC1}, /* 枇 */
    {0x6789, 0xCD, 0xF7}, /* 枉 */
    {0x678B, 0xE8, 0xCA}, /* 枋 */
    {0x6790, 0xCE, 0xF6}, /* 析 */
    {0x6795, 0xD5, 0xED}, /* 枕 */
    {0x6797, 0xC1, 0xD6}, /* 林 */
    {0x6798, 0xE8, 0xC4}, /* 枘 */
    {0x679A, 0xC3, 0xB6}, /* 枚 */
    {0x679C, 0xB9, 0xFB}, /* 果 */
    {0x679D, 0xD6, 0xA6}, /* 枝 */
    {0x679E, 0xE8, 0xC8}, /* 枞 */
    {0x67A2, 0xCA, 0xE0}, /* 枢 */
    {0x67A3, 0xD4, 0xE6}, /* 枣 */
    {0x67A5, 0xE8, 0xC0}, /* 枥 */
    {0x67A7, 0xE8, 0xC5}, /* 枧 */
    {0x67A8, 0xE8, 0xC7}, /* 枨 */
    {0x67AA, 0xC7, 0xB9}, /* 枪 */
    {0x67AB, 0xB7, 0xE3}, /* 枫 */
    {0x67AD, 0xE8, 0xC9}, /* 枭 */
    {0x67AF, 0xBF, 0xDD}, /* 枯 */
    {0x67B0, 0xE8, 0xD2}, /* 枰 */
    {0x67B3, 0xE8, 0xD7}, /* 枳 */
    {0x67B5, 0xE8, 0xD5}, /* 枵 */
    {0x67B6, 0xBC, 0xDC}, /* 架 */
    {0x67B7, 0xBC, 0xCF}, /* 枷 */
    {0x67B8, 0xE8, 0xDB}, /* 枸 */
    {0x67C1, 0xE8, 0xDE}, /* 柁 */
    {0x67C3, 0xE8, 0xDA}, /* 柃 */
    {0x67C4, 0xB1, 0xFA}, /* 柄 */
    {0x67CF, 0xB0, 0xD8}, /* 柏 */
    {0x67D0, 0xC4, 0xB3}, /* 某 */
    {0x67D1, 0xB8, 0xCC}, /* 柑 */
    {0x67D2, 0xC6, 0xE2}, /* 柒 */
    {0x67D3, 0xC8, 0xBE}, /* 染 */
    {0x67D4, 0xC8, 0xE1}, /* 柔 */
    {0x67D8, 0xE8, 0xCF}, /* 柘 */
    {0x67D9, 0xE8, 0xD4}, /* 柙 */
    {0x67DA, 0xE8, 0xD6}, /* 柚 */
    {0x67DC, 0xB9, 0xF1}, /* 柜 */
    {0x67DD, 0xE8, 0xD8}, /* 柝 */
    {0x67DE, 0xD7, 0xF5}, /* 柞 */
    {0x67E0, 0xC4, 0xFB}, /* 柠 */
    {0x67E2, 0xE8, 0xDC}, /* 柢 */
    {0x67E5, 0xB2, 0xE9}, /* 查 */
    {0x67E9, 0xE8, 0xD1}, /* 柩 */
    {0x67EC, 0xBC, 0xED}, /* 柬 */
    {0x67EF, 0xBF, 0xC2}, /* 柯 */
    {0x67F0, 0xE8, 0xCD}, /* 柰 */
    {0x67F1, 0xD6, 0xF9}, /* 柱 */
    {0x67F3, 0xC1, 0xF8}, /* 柳 */
    {0x67F4, 0xB2, 0xF1}, /* 柴 */
    {0x67FD, 0xE8, 0xDF}, /* 柽 */
    {0x67FF, 0xCA, 0xC1}, /* 柿 */
    {0x6800, 0xE8, 0xD9}, /* 栀 */
    {0x6805, 0xD5, 0xA4}, /* 栅 */
    {0x6807, 0xB1, 0xEA}, /* 标 */
    {0x6808, 0xD5, 0xBB}, /* 栈 */
    {0x6809, 0xE8, 0xCE}, /* 栉 */
    {0x680A, 0xE8, 0xD0}, /* 栊 */
    {0x680B, 0xB6, 0xB0}, /* 栋 */
    {0x680C, 0xE8, 0xD3}, /* 栌 */
    {0x680E, 0xE8, 0xDD}, /* 栎 */
    {0x680F, 0xC0, 0xB8}, /* 栏 */
    {0x6811, 0xCA, 0xF7}, /* 树 */
    {0x6813, 0xCB, 0xA8}, /* 栓 */
    {0x6816, 0xC6, 0xDC}, /* 栖 */
    {0x6817, 0xC0, 0xF5}, /* 栗 */
    {0x681D, 0xE8, 0xE9}, /* 栝 */
    {0x6821, 0xD0, 0xA3}, /* 校 */
    {0x6829, 0xE8, 0xF2}, /* 栩 */
    {0x682A, 0xD6, 0xEA}, /* 株 */
    {0x6832, 0xE8, 0xE0}, /* 栲 */
    {0x6833, 0xE8, 0xE1}, /* 栳 */
    {0x6837, 0xD1, 0xF9}, /* 样 */
    {0x6838, 0xBA, 0xCB}, /* 核 */
    {0x6839, 0xB8, 0xF9}, /* 根 */
    {0x683C, 0xB8, 0xF1}, /* 格 */
    {0x683D, 0xD4, 0xD4}, /* 栽 */
    {0x683E, 0xE8, 0xEF}, /* 栾 */
    {0x6840, 0xE8, 0xEE}, /* 桀 */
    {0x6841, 0xE8, 0xEC}, /* 桁 */
    {0x6842, 0xB9, 0xF0}, /* 桂 */
    {0x6843, 0xCC, 0xD2}, /* 桃 */
    {0x6844, 0xE8, 0xE6}, /* 桄 */
    {0x6845, 0xCE, 0xA6}, /* 桅 */
    {0x6846, 0xBF, 0xF2}, /* 框 */
    {0x6848, 0xB0, 0xB8}, /* 案 */
    {0x6849, 0xE8, 0xF1}, /* 桉 */
    {0x684A, 0xE8, 0xF0}, /* 桊 */
    {0x684C, 0xD7, 0xC0}, /* 桌 */
    {0x684E, 0xE8, 0xE4}, /* 桎 */
    {0x6850, 0xCD, 0xA9}, /* 桐 */
    {0x6851, 0xC9, 0xA3}, /* 桑 */
    {0x6853, 0xBB, 0xB8}, /* 桓 */
    {0x6854, 0xBD, 0xDB}, /* 桔 */
    {0x6855, 0xE8, 0xEA}, /* 桕 */
    {0x6860, 0xE8, 0xE2}, /* 桠 */
    {0x6861, 0xE8, 0xE3}, /* 桡 */
    {0x6862, 0xE8, 0xE5}, /* 桢 */
    {0x6863, 0xB5, 0xB5}, /* 档 */
    {0x6864, 0xE8, 0xE7}, /* 桤 */
    {0x6865, 0xC7, 0xC5}, /* 桥 */
    {0x6866, 0xE8, 0xEB}, /* 桦 */
    {0x6867, 0xE8, 0xED}, /* 桧 */
    {0x6868, 0xBD, 0xB0}, /* 桨 */
    {0x6869, 0xD7, 0xAE}, /* 桩 */
    {0x686B, 0xE8, 0xF8}, /* 桫 */
    {0x6874, 0xE8, 0xF5}, /* 桴 */
    {0x6876, 0xCD, 0xB0}, /* 桶 */
    {0x6877, 0xE8, 0xF6}, /* 桷 */
    {0x6881, 0xC1, 0xBA}, /* 梁 */
    {0x6883, 0xE8, 0xE8}, /* 梃 */
    {0x6885, 0xC3, 0xB7}, /* 梅 */
    {0x6886, 0xB0, 0xF0}, /* 梆 */
    {0x688F, 0xE8, 0xF4}, /* 梏 */
    {0x6893, 0xE8, 0xF7}, /* 梓 */
    {0x6897, 0xB9, 0xA3}, /* 梗 */
    {0x68A2, 0xC9, 0xD2}, /* 梢 */
    {0x68A6, 0xC3, 0xCE}, /* 梦 */
    {0x68A7, 0xCE, 0xE0}, /* 梧 */
    {0x68A8, 0xC0, 0xE6}, /* 梨 */
    {0x68AD, 0xCB, 0xF3}, /* 梭 */
    {0x68AF, 0xCC, 0xDD}, /* 梯 */
    {0x68B0, 0xD0, 0xB5}, /* 械 */
    {0x68B3, 0xCA, 0xE1}, /* 梳 */
    {0x68B5, 0xE8, 0xF3}, /* 梵 */
    {0x68C0, 0xBC, 0xEC}, /* 检 */
    {0x68C2, 0xE8, 0xF9}, /* 棂 */
    {0x68C9, 0xC3, 0xDE}, /* 棉 */
    {0x68CB, 0xC6, 0xE5}, /* 棋 */
    {0x68CD, 0xB9, 0xF7}, /* 棍 */
    {0x68D2, 0xB0, 0xF4}, /* 棒 */
    {0x68D5, 0xD7, 0xD8}, /* 棕 */
    {0x68D8, 0xBC, 0xAC}, /* 棘 */
    {0x68DA, 0xC5, 0xEF}, /* 棚 */
    {0x68E0, 0xCC, 0xC4}, /* 棠 */
    {0x68E3, 0xE9, 0xA6}, /* 棣 */
    {0x68EE, 0xC9, 0xAD}, /* 森 */
    {0x68F0, 0xE9, 0xA2}, /* 棰 */
    {0x68F1, 0xC0, 0xE2}, /* 棱 */
    {0x68F5, 0xBF, 0xC3}, /* 棵 */
    {0x68F9, 0xE8, 0xFE}, /* 棹 */
    {0x68FA, 0xB9, 0xD7}, /* 棺 */
    {0x68FC, 0xE8, 0xFB}, /* 棼 */
    {0x6901, 0xE9, 0xA4}, /* 椁 */
    {0x6905, 0xD2, 0xCE}, /* 椅 */
    {0x690B, 0xE9, 0xA3}, /* 椋 */
    {0x690D, 0xD6, 0xB2}, /* 植 */
    {0x690E, 0xD7, 0xB5}, /* 椎 */
    {0x6910, 0xE9, 0xA7}, /* 椐 */
    {0x6912, 0xBD, 0xB7}, /* 椒 */
    {0x691F, 0xE8, 0xFC}, /* 椟 */
    {0x6920, 0xE8, 0xFD}, /* 椠 */
    {0x6924, 0xE9, 0xA1}, /* 椤 */
    {0x692D, 0xCD, 0xD6}, /* 椭 */
    {0x6930, 0xD2, 0xAC}, /* 椰 */
    {0x6934, 0xE9, 0xB2}, /* 椴 */
    {0x6939, 0xE9, 0xA9}, /* 椹 */
    {0x693D, 0xB4, 0xAA}, /* 椽 */
    {0x693F, 0xB4, 0xBB}, /* 椿 */
    {0x6942, 0xE9, 0xAB}, /* 楂 */
    {0x6954, 0xD0, 0xA8}, /* 楔 */
    {0x6957, 0xE9, 0xA5}, /* 楗 */
    {0x695A, 0xB3, 0xFE}, /* 楚 */
    {0x695D, 0xE9, 0xAC}, /* 楝 */
    {0x695E, 0xC0, 0xE3}, /* 楞 */
    {0x6960, 0xE9, 0xAA}, /* 楠 */
    {0x6963, 0xE9, 0xB9}, /* 楣 */
    {0x6966, 0xE9, 0xB8}, /* 楦 */
    {0x696B, 0xE9, 0xAE}, /* 楫 */
    {0x696E, 0xE8, 0xFA}, /* 楮 */
    {0x6971, 0xE9, 0xA8}, /* 楱 */
    {0x6977, 0xBF, 0xAC}, /* 楷 */
    {0x6978, 0xE9, 0xB1}, /* 楸 */
    {0x6979, 0xE9, 0xBA}, /* 楹 */
    {0x697C, 0xC2, 0xA5}, /* 楼 */
    {0x6980, 0xE9, 0xAF}, /* 榀 */
    {0x6982, 0xB8, 0xC5}, /* 概 */
    {0x6984, 0xE9, 0xAD}, /* 榄 */
    {0x6986, 0xD3, 0xDC}, /* 榆 */
    {0x6987, 0xE9, 0xB4}, /* 榇 */
    {0x6988, 0xE9, 0xB5}, /* 榈 */
    {0x6989, 0xE9, 0xB7}, /* 榉 */
    {0x698D, 0xE9, 0xC7}, /* 榍 */
    {0x6994, 0xC0, 0xC6}, /* 榔 */
    {0x6995, 0xE9, 0xC5}, /* 榕 */
    {0x6998, 0xE9, 0xB0}, /* 榘 */
    {0x699B, 0xE9, 0xBB}, /* 榛 */
    {0x699C, 0xB0, 0xF1}, /* 榜 */
    {0x69A7, 0xE9, 0xBC}, /* 榧 */
    {0x69A8, 0xD5, 0xA5}, /* 榨 */
    {0x69AB, 0xE9, 0xBE}, /* 榫 */
    {0x69AD, 0xE9, 0xBF}, /* 榭 */
    {0x69B1, 0xE9, 0xC1}, /* 榱 */
    {0x69B4, 0xC1, 0xF1}, /* 榴 */
    {0x69B7, 0xC8, 0xB6}, /* 榷 */
    {0x69BB, 0xE9, 0xBD}, /* 榻 */
    {0x69C1, 0xE9, 0xC2}, /* 槁 */
    {0x69CA, 0xE9, 0xC3}, /* 槊 */
    {0x69CC, 0xE9, 0xB3}, /* 槌 */
    {0x69CE, 0xE9, 0xB6}, /* 槎 */
    {0x69D0, 0xBB, 0xB1}, /* 槐 */
    {0x69D4, 0xE9, 0xC0}, /* 槔 */
    {0x69DB, 0xBC, 0xF7}, /* 槛 */
    {0x69DF, 0xE9, 0xC4}, /* 槟 */
    {0x69E0, 0xE9, 0xC6}, /* 槠 */
    {0x69ED, 0xE9, 0xCA}, /* 槭 */
    {0x69F2, 0xE9, 0xCE}, /* 槲 */
    {0x69FD, 0xB2, 0xDB}, /* 槽 */
    {0x69FF, 0xE9, 0xC8}, /* 槿 */
    {0x6A0A, 0xB7, 0xAE}, /* 樊 */
    {0x6A17, 0xE9, 0xCB}, /* 樗 */
    {0x6A18, 0xE9, 0xCC}, /* 樘 */
    {0x6A1F, 0xD5, 0xC1}, /* 樟 */
    {0x6A21, 0xC4, 0xA3}, /* 模 */
    {0x6A28, 0xE9, 0xD8}, /* 樨 */
    {0x6A2A, 0xBA, 0xE1}, /* 横 */
    {0x6A2F, 0xE9, 0xC9}, /* 樯 */
    {0x6A31, 0xD3, 0xA3}, /* 樱 */
    {0x6A35, 0xE9, 0xD4}, /* 樵 */
    {0x6A3D, 0xE9, 0xD7}, /* 樽 */
    {0x6A3E, 0xE9, 0xD0}, /* 樾 */
    {0x6A44, 0xE9, 0xCF}, /* 橄 */
    {0x6A47, 0xC7, 0xC1}, /* 橇 */
    {0x6A50, 0xE9, 0xD2}, /* 橐 */
    {0x6A58, 0xE9, 0xD9}, /* 橘 */
    {0x6A59, 0xB3, 0xC8}, /* 橙 */
    {0x6A5B, 0xE9, 0xD3}, /* 橛 */
    {0x6A61, 0xCF, 0xF0}, /* 橡 */
    {0x6A65, 0xE9, 0xCD}, /* 橥 */
    {0x6A71, 0xB3, 0xF7}, /* 橱 */
    {0x6A79, 0xE9, 0xD6}, /* 橹 */
    {0x6A7C, 0xE9, 0xDA}, /* 橼 */
    {0x6A80, 0xCC, 0xB4}, /* 檀 */
    {0x6A84, 0xCF, 0xAD}, /* 檄 */
    {0x6A8E, 0xE9, 0xD5}, /* 檎 */
    {0x6A90, 0xE9, 0xDC}, /* 檐 */
    {0x6A91, 0xE9, 0xDB}, /* 檑 */
    {0x6A97, 0xE9, 0xDE}, /* 檗 */
    {0x6AA0, 0xE9, 0xD1}, /* 檠 */
    {0x6AA9, 0xE9, 0xDD}, /* 檩 */
    {0x6AAB, 0xE9, 0xDF}, /* 檫 */
    {0x6AAC, 0xC3, 0xCA}, /* 檬 */
    {0x6B20, 0xC7, 0xB7}, /* 欠 */
    {0x6B21, 0xB4, 0xCE}, /* 次 */
    {0x6B22, 0xBB, 0xB6}, /* 欢 */
    {0x6B23, 0xD0, 0xC0}, /* 欣 */
    {0x6B24, 0xEC, 0xA3}, /* 欤 */
    {0x6B27, 0xC5, 0xB7}, /* 欧 */
    {0x6B32, 0xD3, 0xFB}, /* 欲 */
    {0x6B37, 0xEC, 0xA4}, /* 欷 */
    {0x6B39, 0xEC, 0xA5}, /* 欹 */
    {0x6B3A, 0xC6, 0xDB}, /* 欺 */
    {0x6B3E, 0xBF, 0xEE}, /* 款 */
    {0x6B43, 0xEC, 0xA6}, /* 歃 */
    {0x6B46, 0xEC, 0xA7}, /* 歆 */
    {0x6B47, 0xD0, 0xAA}, /* 歇 */
    {0x6B49, 0xC7, 0xB8}, /* 歉 */
    {0x6B4C, 0xB8, 0xE8}, /* 歌 */
    {0x6B59, 0xEC, 0xA8}, /* 歙 */
    {0x6B62, 0xD6, 0xB9}, /* 止 */
    {0x6B63, 0xD5, 0xFD}, /* 正 */
    {0x6B64, 0xB4, 0xCB}, /* 此 */
    {0x6B65, 0xB2, 0xBD}, /* 步 */
    {0x6B66, 0xCE, 0xE4}, /* 武 */
    {0x6B67, 0xC6, 0xE7}, /* 歧 */
    {0x6B6A, 0xCD, 0xE1}, /* 歪 */
    {0x6B79, 0xB4, 0xF5}, /* 歹 */
    {0x6B7B, 0xCB, 0xC0}, /* 死 */
    {0x6B7C, 0xBC, 0xDF}, /* 歼 */
    {0x6B81, 0xE9, 0xE2}, /* 殁 */
    {0x6B82, 0xE9, 0xE3}, /* 殂 */
    {0x6B83, 0xD1, 0xEA}, /* 殃 */
    {0x6B84, 0xE9, 0xE5}, /* 殄 */
    {0x6B86, 0xB4, 0xF9}, /* 殆 */
    {0x6B87, 0xE9, 0xE4}, /* 殇 */
    {0x6B89, 0xD1, 0xB3}, /* 殉 */
    {0x6B8A, 0xCA, 0xE2}, /* 殊 */
    {0x6B8B, 0xB2, 0xD0}, /* 残 */
    {0x6B8D, 0xE9, 0xE8}, /* 殍 */
    {0x6B92, 0xE9, 0xE6}, /* 殒 */
    {0x6B93, 0xE9, 0xE7}, /* 殓 */
    {0x6B96, 0xD6, 0xB3}, /* 殖 */
    {0x6B9A, 0xE9, 0xE9}, /* 殚 */
    {0x6B9B, 0xE9, 0xEA}, /* 殛 */
    {0x6BA1, 0xE9, 0xEB}, /* 殡 */
    {0x6BAA, 0xE9, 0xEC}, /* 殪 */
    {0x6BB3, 0xEC, 0xAF}, /* 殳 */
    {0x6BB4, 0xC5, 0xB9}, /* 殴 */
    {0x6BB5, 0xB6, 0xCE}, /* 段 */
    {0x6BB7, 0xD2, 0xF3}, /* 殷 */
    {0x6BBF, 0xB5, 0xEE}, /* 殿 */
    {0x6BC1, 0xBB, 0xD9}, /* 毁 */
    {0x6BC2, 0xEC, 0xB1}, /* 毂 */
    {0x6BC5, 0xD2, 0xE3}, /* 毅 */
    {0x6BCB, 0xCE, 0xE3}, /* 毋 */
    {0x6BCD, 0xC4, 0xB8}, /* 母 */
    {0x6BCF, 0xC3, 0xBF}, /* 每 */
    {0x6BD2, 0xB6, 0xBE}, /* 毒 */
    {0x6BD3, 0xD8, 0xB9}, /* 毓 */
    {0x6BD4, 0xB1, 0xC8}, /* 比 */
    {0x6BD5, 0xB1, 0xCF}, /* 毕 */
    {0x6BD6, 0xB1, 0xD1}, /* 毖 */
    {0x6BD7, 0xC5, 0xFE}, /* 毗 */
    {0x6BD9, 0xB1, 0xD0}, /* 毙 */
    {0x6BDB, 0xC3, 0xAB}, /* 毛 */
    {0x6BE1, 0xD5, 0xB1}, /* 毡 */
    {0x6BEA, 0xEB, 0xA4}, /* 毪 */
    {0x6BEB, 0xBA, 0xC1}, /* 毫 */
    {0x6BEF, 0xCC, 0xBA}, /* 毯 */
    {0x6BF3, 0xEB, 0xA5}, /* 毳 */
    {0x6BF5, 0xEB, 0xA7}, /* 毵 */
    {0x6BF9, 0xEB, 0xA8}, /* 毹 */
    {0x6BFD, 0xEB, 0xA6}, /* 毽 */
    {0x6C05, 0xEB, 0xA9}, /* 氅 */
    {0x6C06, 0xEB, 0xAB}, /* 氆 */
    {0x6C07, 0xEB, 0xAA}, /* 氇 */
    {0x6C0D, 0xEB, 0xAC}, /* 氍 */
    {0x6C0F, 0xCA, 0xCF}, /* 氏 */
    {0x6C10, 0xD8, 0xB5}, /* 氐 */
    {0x6C11, 0xC3, 0xF1}, /* 民 */
    {0x6C13, 0xC3, 0xA5}, /* 氓 */
    {0x6C14, 0xC6, 0xF8}, /* 气 */
    {0x6C15, 0xEB, 0xAD}, /* 氕 */
    {0x6C16, 0xC4, 0xCA}, /* 氖 */
    {0x6C18, 0xEB, 0xAE}, /* 氘 */
    {0x6C19, 0xEB, 0xAF}, /* 氙 */
    {0x6C1A, 0xEB, 0xB0}, /* 氚 */
    {0x6C1B, 0xB7, 0xD5}, /* 氛 */
    {0x6C1F, 0xB7, 0xFA}, /* 氟 */
    {0x6C21, 0xEB, 0xB1}, /* 氡 */
    {0x6C22, 0xC7, 0xE2}, /* 氢 */
    {0x6C24, 0xEB, 0xB3}, /* 氤 */
    {0x6C26, 0xBA, 0xA4}, /* 氦 */
    {0x6C27, 0xD1, 0xF5}, /* 氧 */
    {0x6C28, 0xB0, 0xB1}, /* 氨 */
    {0x6C29, 0xEB, 0xB2}, /* 氩 */
    {0x6C2A, 0xEB, 0xB4}, /* 氪 */
    {0x6C2E, 0xB5, 0xAA}, /* 氮 */
    {0x6C2F, 0xC2, 0xC8}, /* 氯 */
    {0x6C30, 0xC7, 0xE8}, /* 氰 */
    {0x6C32, 0xEB, 0xB5}, /* 氲 */
    {0x6C34, 0xCB, 0xAE}, /* 水 */
    {0x6C35, 0xE3, 0xDF}, /* 氵 */
    {0x6C38, 0xD3, 0xC0}, /* 永 */
    {0x6C3D, 0xD9, 0xDB}, /* 氽 */
    {0x6C40, 0xCD, 0xA1}, /* 汀 */
    {0x6C41, 0xD6, 0xAD}, /* 汁 */
    {0x6C42, 0xC7, 0xF3}, /* 求 */
    {0x6C46, 0xD9, 0xE0}, /* 汆 */
    {0x6C47, 0xBB, 0xE3}, /* 汇 */
    {0x6C49, 0xBA, 0xBA}, /* 汉 */
    {0x6C4A, 0xE3, 0xE2}, /* 汊 */
    {0x6C50, 0xCF, 0xAB}, /* 汐 */
    {0x6C54, 0xE3, 0xE0}, /* 汔 */
    {0x6C55, 0xC9, 0xC7}, /* 汕 */
    {0x6C57, 0xBA, 0xB9}, /* 汗 */
    {0x6C5B, 0xD1, 0xB4}, /* 汛 */
    {0x6C5C, 0xE3, 0xE1}, /* 汜 */
    {0x6C5D, 0xC8, 0xEA}, /* 汝 */
    {0x6C5E, 0xB9, 0xAF}, /* 汞 */
    {0x6C5F, 0xBD, 0xAD}, /* 江 */
    {0x6C60, 0xB3, 0xD8}, /* 池 */
    {0x6C61, 0xCE, 0xDB}, /* 污 */
    {0x6C64, 0xCC, 0xC0}, /* 汤 */
    {0x6C68, 0xE3, 0xE8}, /* 汨 */
    {0x6C69, 0xE3, 0xE9}, /* 汩 */
    {0x6C6A, 0xCD, 0xF4}, /* 汪 */
    {0x6C70, 0xCC, 0xAD}, /* 汰 */
    {0x6C72, 0xBC, 0xB3}, /* 汲 */
    {0x6C74, 0xE3, 0xEA}, /* 汴 */
    {0x6C76, 0xE3, 0xEB}, /* 汶 */
    {0x6C79, 0xD0, 0xDA}, /* 汹 */
    {0x6C7D, 0xC6, 0xFB}, /* 汽 */
    {0x6C7E, 0xB7, 0xDA}, /* 汾 */
    {0x6C81, 0xC7, 0xDF}, /* 沁 */
    {0x6C82, 0xD2, 0xCA}, /* 沂 */
    {0x6C83, 0xCE, 0xD6}, /* 沃 */
    {0x6C85, 0xE3, 0xE4}, /* 沅 */
    {0x6C86, 0xE3, 0xEC}, /* 沆 */
    {0x6C88, 0xC9, 0xF2}, /* 沈 */
    {0x6C89, 0xB3, 0xC1}, /* 沉 */
    {0x6C8C, 0xE3, 0xE7}, /* 沌 */
    {0x6C8F, 0xC6, 0xE3}, /* 沏 */
    {0x6C90, 0xE3, 0xE5}, /* 沐 */
    {0x6C93, 0xED, 0xB3}, /* 沓 */
    {0x6C94, 0xE3, 0xE6}, /* 沔 */
    {0x6C99, 0xC9, 0xB3}, /* 沙 */
    {0x6C9B, 0xC5, 0xE6}, /* 沛 */
    {0x6C9F, 0xB9, 0xB5}, /* 沟 */
    {0x6CA1, 0xC3, 0xBB}, /* 没 */
    {0x6CA3, 0xE3, 0xE3}, /* 沣 */
    {0x6CA4, 0xC5, 0xBD}, /* 沤 */
    {0x6CA5, 0xC1, 0xA4}, /* 沥 */
    {0x6CA6, 0xC2, 0xD9}, /* 沦 */
    {0x6CA7, 0xB2, 0xD7}, /* 沧 */
    {0x6CA9, 0xE3, 0xED}, /* 沩 */
    {0x6CAA, 0xBB, 0xA6}, /* 沪 */
    {0x6CAB, 0xC4, 0xAD}, /* 沫 */
    {0x6CAD, 0xE3, 0xF0}, /* 沭 */
    {0x6CAE, 0xBE, 0xDA}, /* 沮 */
    {0x6CB1, 0xE3, 0xFB}, /* 沱 */
    {0x6CB2, 0xE3, 0xF5}, /* 沲 */
    {0x6CB3, 0xBA, 0xD3}, /* 河 */
    {0x6CB8, 0xB7, 0xD0}, /* 沸 */
    {0x6CB9, 0xD3, 0xCD}, /* 油 */
    {0x6CBB, 0xD6, 0xCE}, /* 治 */
    {0x6CBC, 0xD5, 0xD3}, /* 沼 */
    {0x6CBD, 0xB9, 0xC1}, /* 沽 */
    {0x6CBE, 0xD5, 0xB4}, /* 沾 */
    {0x6CBF, 0xD1, 0xD8}, /* 沿 */
    {0x6CC4, 0xD0, 0xB9}, /* 泄 */
    {0x6CC5, 0xC7, 0xF6}, /* 泅 */
    {0x6CC9, 0xC8, 0xAA}, /* 泉 */
    {0x6CCA, 0xB2, 0xB4}, /* 泊 */
    {0x6CCC, 0xC3, 0xDA}, /* 泌 */
    {0x6CD0, 0xE3, 0xEE}, /* 泐 */
    {0x6CD3, 0xE3, 0xFC}, /* 泓 */
    {0x6CD4, 0xE3, 0xEF}, /* 泔 */
    {0x6CD5, 0xB7, 0xA8}, /* 法 */
    {0x6CD6, 0xE3, 0xF7}, /* 泖 */
    {0x6CD7, 0xE3, 0xF4}, /* 泗 */
    {0x6CDB, 0xB7, 0xBA}, /* 泛 */
    {0x6CDE, 0xC5, 0xA2}, /* 泞 */
    {0x6CE0, 0xE3, 0xF6}, /* 泠 */
    {0x6CE1, 0xC5, 0xDD}, /* 泡 */
    {0x6CE2, 0xB2, 0xA8}, /* 波 */
    {0x6CE3, 0xC6, 0xFC}, /* 泣 */
    {0x6CE5, 0xC4, 0xE0}, /* 泥 */
    {0x6CE8, 0xD7, 0xA2}, /* 注 */
    {0x6CEA, 0xC0, 0xE1}, /* 泪 */
    {0x6CEB, 0xE3, 0xF9}, /* 泫 */
    {0x6CEE, 0xE3, 0xFA}, /* 泮 */
    {0x6CEF, 0xE3, 0xFD}, /* 泯 */
    {0x6CF0, 0xCC, 0xA9}, /* 泰 */
    {0x6CF1, 0xE3, 0xF3}, /* 泱 */
    {0x6CF3, 0xD3, 0xBE}, /* 泳 */
    {0x6CF5, 0xB1, 0xC3}, /* 泵 */
    {0x6CF6, 0xED, 0xB4}, /* 泶 */
    {0x6CF7, 0xE3, 0xF1}, /* 泷 */
    {0x6CF8, 0xE3, 0xF2}, /* 泸 */
    {0x6CFA, 0xE3, 0xF8}, /* 泺 */
    {0x6CFB, 0xD0, 0xBA}, /* 泻 */
    {0x6CFC, 0xC6, 0xC3}, /* 泼 */
    {0x6CFD, 0xD4, 0xF3}, /* 泽 */
    {0x6CFE, 0xE3, 0xFE}, /* 泾 */
    {0x6D01, 0xBD, 0xE0}, /* 洁 */
    {0x6D04, 0xE4, 0xA7}, /* 洄 */
    {0x6D07, 0xE4, 0xA6}, /* 洇 */
    {0x6D0B, 0xD1, 0xF3}, /* 洋 */
    {0x6D0C, 0xE4, 0xA3}, /* 洌 */
    {0x6D0E, 0xE4, 0xA9}, /* 洎 */
    {0x6D12, 0xC8, 0xF7}, /* 洒 */
    {0x6D17, 0xCF, 0xB4}, /* 洗 */
    {0x6D19, 0xE4, 0xA8}, /* 洙 */
    {0x6D1A, 0xE4, 0xAE}, /* 洚 */
    {0x6D1B, 0xC2, 0xE5}, /* 洛 */
    {0x6D1E, 0xB6, 0xB4}, /* 洞 */
    {0x6D25, 0xBD, 0xF2}, /* 津 */
    {0x6D27, 0xE4, 0xA2}, /* 洧 */
    {0x6D2A, 0xBA, 0xE9}, /* 洪 */
    {0x6D2B, 0xE4, 0xAA}, /* 洫 */
    {0x6D2E, 0xE4, 0xAC}, /* 洮 */
    {0x6D31, 0xB6, 0xFD}, /* 洱 */
    {0x6D32, 0xD6, 0xDE}, /* 洲 */
    {0x6D33, 0xE4, 0xB2}, /* 洳 */
    {0x6D35, 0xE4, 0xAD}, /* 洵 */
    {0x6D39, 0xE4, 0xA1}, /* 洹 */
    {0x6D3B, 0xBB, 0xEE}, /* 活 */
    {0x6D3C, 0xCD, 0xDD}, /* 洼 */
    {0x6D3D, 0xC7, 0xA2}, /* 洽 */
    {0x6D3E, 0xC5, 0xC9}, /* 派 */
    {0x6D41, 0xC1, 0xF7}, /* 流 */
    {0x6D43, 0xE4, 0xA4}, /* 浃 */
    {0x6D45, 0xC7, 0xB3}, /* 浅 */
    {0x6D46, 0xBD, 0xAC}, /* 浆 */
    {0x6D47, 0xBD, 0xBD}, /* 浇 */
    {0x6D48, 0xE4, 0xA5}, /* 浈 */
    {0x6D4A, 0xD7, 0xC7}, /* 浊 */
    {0x6D4B, 0xB2, 0xE2}, /* 测 */
    {0x6D4D, 0xE4, 0xAB}, /* 浍 */
    {0x6D4E, 0xBC, 0xC3}, /* 济 */
    {0x6D4F, 0xE4, 0xAF}, /* 浏 */
    {0x6D51, 0xBB, 0xEB}, /* 浑 */
    {0x6D52, 0xE4, 0xB0}, /* 浒 */
    {0x6D53, 0xC5, 0xA8}, /* 浓 */
    {0x6D54, 0xE4, 0xB1}, /* 浔 */
    {0x6D59, 0xD5, 0xE3}, /* 浙 */
    {0x6D5A, 0xBF, 0xA3}, /* 浚 */
    {0x6D5C, 0xE4, 0xBA}, /* 浜 */
    {0x6D5E, 0xE4, 0xB7}, /* 浞 */
    {0x6D60, 0xE4, 0xBB}, /* 浠 */
    {0x6D63, 0xE4, 0xBD}, /* 浣 */
    {0x6D66, 0xC6, 0xD6}, /* 浦 */
    {0x6D69, 0xBA, 0xC6}, /* 浩 */
    {0x6D6A, 0xC0, 0xCB}, /* 浪 */
    {0x6D6E, 0xB8, 0xA1}, /* 浮 */
    {0x6D6F, 0xE4, 0xB4}, /* 浯 */
    {0x6D74, 0xD4, 0xA1}, /* 浴 */
    {0x6D77, 0xBA, 0xA3}, /* 海 */
    {0x6D78, 0xBD, 0xFE}, /* 浸 */
    {0x6D7C, 0xE4, 0xBC}, /* 浼 */
    {0x6D82, 0xCD, 0xBF}, /* 涂 */
    {0x6D85, 0xC4, 0xF9}, /* 涅 */
    {0x6D88, 0xCF, 0xFB}, /* 消 */
    {0x6D89, 0xC9, 0xE6}, /* 涉 */
    {0x6D8C, 0xD3, 0xBF}, /* 涌 */
    {0x6D8E, 0xCF, 0xD1}, /* 涎 */
    {0x6D91, 0xE4, 0xB3}, /* 涑 */
    {0x6D93, 0xE4, 0xB8}, /* 涓 */
    {0x6D94, 0xE4, 0xB9}, /* 涔 */
    {0x6D95, 0xCC, 0xE9}, /* 涕 */
    {0x6D9B, 0xCC, 0xCE}, /* 涛 */
    {0x6D9D, 0xC0, 0xD4}, /* 涝 */
    {0x6D9E, 0xE4, 0xB5}, /* 涞 */
    {0x6D9F, 0xC1, 0xB0}, /* 涟 */
    {0x6DA0, 0xE4, 0xB6}, /* 涠 */
    {0x6DA1, 0xCE, 0xD0}, /* 涡 */
    {0x6DA3, 0xBB, 0xC1}, /* 涣 */
    {0x6DA4, 0xB5, 0xD3}, /* 涤 */
    {0x6DA6, 0xC8, 0xF3}, /* 润 */
    {0x6DA7, 0xBD, 0xA7}, /* 涧 */
    {0x6DA8, 0xD5, 0xC7}, /* 涨 */
    {0x6DA9, 0xC9, 0xAC}, /* 涩 */
    {0x6DAA, 0xB8, 0xA2}, /* 涪 */
    {0x6DAB, 0xE4, 0xCA}, /* 涫 */
    {0x6DAE, 0xE4, 0xCC}, /* 涮 */
    {0x6DAF, 0xD1, 0xC4}, /* 涯 */
    {0x6DB2, 0xD2, 0xBA}, /* 液 */
    {0x6DB5, 0xBA, 0xAD}, /* 涵 */
    {0x6DB8, 0xBA, 0xD4}, /* 涸 */
    {0x6DBF, 0xE4, 0xC3}, /* 涿 */
    {0x6DC0, 0xB5, 0xED}, /* 淀 */
    {0x6DC4, 0xD7, 0xCD}, /* 淄 */
    {0x6DC5, 0xE4, 0xC0}, /* 淅 */
    {0x6DC6, 0xCF, 0xFD}, /* 淆 */
    {0x6DC7, 0xE4, 0xBF}, /* 淇 */
    {0x6DCB, 0xC1, 0xDC}, /* 淋 */
    {0x6DCC, 0xCC, 0xCA}, /* 淌 */
    {0x6DD1, 0xCA, 0xE7}, /* 淑 */
    {0x6DD6, 0xC4, 0xD7}, /* 淖 */
    {0x6DD8, 0xCC, 0xD4}, /* 淘 */
    {0x6DD9, 0xE4, 0xC8}, /* 淙 */
    {0x6DDD, 0xE4, 0xC7}, /* 淝 */
    {0x6DDE, 0xE4, 0xC1}, /* 淞 */
    {0x6DE0, 0xE4, 0xC4}, /* 淠 */
    {0x6DE1, 0xB5, 0xAD}, /* 淡 */
    {0x6DE4, 0xD3, 0xD9}, /* 淤 */
    {0x6DE6, 0xE4, 0xC6}, /* 淦 */
    {0x6DEB, 0xD2, 0xF9}, /* 淫 */
    {0x6DEC, 0xB4, 0xE3}, /* 淬 */
    {0x6DEE, 0xBB, 0xB4}, /* 淮 */
    {0x6DF1, 0xC9, 0xEE}, /* 深 */
    {0x6DF3, 0xB4, 0xBE}, /* 淳 */
    {0x6DF7, 0xBB, 0xEC}, /* 混 */
    {0x6DF9, 0xD1, 0xCD}, /* 淹 */
    {0x6DFB, 0xCC, 0xED}, /* 添 */
    {0x6DFC, 0xED, 0xB5}, /* 淼 */
    {0x6E05, 0xC7, 0xE5}, /* 清 */
    {0x6E0A, 0xD4, 0xA8}, /* 渊 */
    {0x6E0C, 0xE4, 0xCB}, /* 渌 */
    {0x6E0D, 0xD7, 0xD5}, /* 渍 */
    {0x6E0E, 0xE4, 0xC2}, /* 渎 */
    {0x6E10, 0xBD, 0xA5}, /* 渐 */
    {0x6E11, 0xE4, 0xC5}, /* 渑 */
    {0x6E14, 0xD3, 0xE6}, /* 渔 */
    {0x6E16, 0xE4, 0xC9}, /* 渖 */
    {0x6E17, 0xC9, 0xF8}, /* 渗 */
    {0x6E1A, 0xE4, 0xBE}, /* 渚 */
    {0x6E1D, 0xD3, 0xE5}, /* 渝 */
    {0x6E20, 0xC7, 0xFE}, /* 渠 */
    {0x6E21, 0xB6, 0xC9}, /* 渡 */
    {0x6E23, 0xD4, 0xFC}, /* 渣 */
    {0x6E24, 0xB2, 0xB3}, /* 渤 */
    {0x6E25, 0xE4, 0xD7}, /* 渥 */
    {0x6E29, 0xCE, 0xC2}, /* 温 */
    {0x6E2B, 0xE4, 0xCD}, /* 渫 */
    {0x6E2D, 0xCE, 0xBC}, /* 渭 */
    {0x6E2F, 0xB8, 0xDB}, /* 港 */
    {0x6E32, 0xE4, 0xD6}, /* 渲 */
    {0x6E34, 0xBF, 0xCA}, /* 渴 */
    {0x6E38, 0xD3, 0xCE}, /* 游 */
    {0x6E3A, 0xC3, 0xEC}, /* 渺 */
    {0x6E43, 0xC5, 0xC8}, /* 湃 */
    {0x6E44, 0xE4, 0xD8}, /* 湄 */
    {0x6E4D, 0xCD, 0xC4}, /* 湍 */
    {0x6E4E, 0xE4, 0xCF}, /* 湎 */
    {0x6E53, 0xE4, 0xD4}, /* 湓 */
    {0x6E54, 0xE4, 0xD5}, /* 湔 */
    {0x6E56, 0xBA, 0xFE}, /* 湖 */
    {0x6E58, 0xCF, 0xE6}, /* 湘 */
    {0x6E5B, 0xD5, 0xBF}, /* 湛 */
    {0x6E5F, 0xE4, 0xD2}, /* 湟 */
    {0x6E6B, 0xE4, 0xD0}, /* 湫 */
    {0x6E6E, 0xE4, 0xCE}, /* 湮 */
    {0x6E7E, 0xCD, 0xE5}, /* 湾 */
    {0x6E7F, 0xCA, 0xAA}, /* 湿 */
    {0x6E83, 0xC0, 0xA3}, /* 溃 */
    {0x6E85, 0xBD, 0xA6}, /* 溅 */
    {0x6E86, 0xE4, 0xD3}, /* 溆 */
    {0x6E89, 0xB8, 0xC8}, /* 溉 */
    {0x6E8F, 0xE4, 0xE7}, /* 溏 */
    {0x6E90, 0xD4, 0xB4}, /* 源 */
    {0x6E98, 0xE4, 0xDB}, /* 溘 */
    {0x6E9C, 0xC1, 0xEF}, /* 溜 */
    {0x6E9F, 0xE4, 0xE9}, /* 溟 */
    {0x6EA2, 0xD2, 0xE7}, /* 溢 */
    {0x6EA5, 0xE4, 0xDF}, /* 溥 */
    {0x6EA7, 0xE4, 0xE0}, /* 溧 */
    {0x6EAA, 0xCF, 0xAA}, /* 溪 */
    {0x6EAF, 0xCB, 0xDD}, /* 溯 */
    {0x6EB1, 0xE4, 0xDA}, /* 溱 */
    {0x6EB2, 0xE4, 0xD1}, /* 溲 */
    {0x6EB4, 0xE4, 0xE5}, /* 溴 */
    {0x6EB6, 0xC8, 0xDC}, /* 溶 */
    {0x6EB7, 0xE4, 0xE3}, /* 溷 */
    {0x6EBA, 0xC4, 0xE7}, /* 溺 */
    {0x6EBB, 0xE4, 0xE2}, /* 溻 */
    {0x6EBD, 0xE4, 0xE1}, /* 溽 */
    {0x6EC1, 0xB3, 0xFC}, /* 滁 */
    {0x6EC2, 0xE4, 0xE8}, /* 滂 */
    {0x6EC7, 0xB5, 0xE1}, /* 滇 */
    {0x6ECB, 0xD7, 0xCC}, /* 滋 */
    {0x6ECF, 0xE4, 0xE6}, /* 滏 */
    {0x6ED1, 0xBB, 0xAC}, /* 滑 */
    {0x6ED3, 0xD7, 0xD2}, /* 滓 */
    {0x6ED4, 0xCC, 0xCF}, /* 滔 */
    {0x6ED5, 0xEB, 0xF8}, /* 滕 */
    {0x6ED7, 0xE4, 0xE4}, /* 滗 */
    {0x6EDA, 0xB9, 0xF6}, /* 滚 */
    {0x6EDE, 0xD6, 0xCD}, /* 滞 */
    {0x6EDF, 0xE4, 0xD9}, /* 滟 */
    {0x6EE0, 0xE4, 0xDC}, /* 滠 */
    {0x6EE1, 0xC2, 0xFA}, /* 满 */
    {0x6EE2, 0xE4, 0xDE}, /* 滢 */
    {0x6EE4, 0xC2, 0xCB}, /* 滤 */
    {0x6EE5, 0xC0, 0xC4}, /* 滥 */
    {0x6EE6, 0xC2, 0xD0}, /* 滦 */
    {0x6EE8, 0xB1, 0xF5}, /* 滨 */
    {0x6EE9, 0xCC, 0xB2}, /* 滩 */
    {0x6EF4, 0xB5, 0xCE}, /* 滴 */
    {0x6EF9, 0xE4, 0xEF}, /* 滹 */
    {0x6F02, 0xC6, 0xAF}, /* 漂 */
    {0x6F06, 0xC6, 0xE1}, /* 漆 */
    {0x6F09, 0xE4, 0xF5}, /* 漉 */
    {0x6F0F, 0xC2, 0xA9}, /* 漏 */
    {0x6F13, 0xC0, 0xEC}, /* 漓 */
    {0x6F14, 0xD1, 0xDD}, /* 演 */
    {0x6F15, 0xE4, 0xEE}, /* 漕 */
    {0x6F20, 0xC4, 0xAE}, /* 漠 */
    {0x6F24, 0xE4, 0xED}, /* 漤 */
    {0x6F29, 0xE4, 0xF6}, /* 漩 */
    {0x6F2A, 0xE4, 0xF4}, /* 漪 */
    {0x6F2B, 0xC2, 0xFE}, /* 漫 */
    {0x6F2D, 0xE4, 0xDD}, /* 漭 */
    {0x6F2F, 0xE4, 0xF0}, /* 漯 */
    {0x6F31, 0xCA, 0xFE}, /* 漱 */
    {0x6F33, 0xD5, 0xC4}, /* 漳 */
    {0x6F36, 0xE4, 0xF1}, /* 漶 */
    {0x6F3E, 0xD1, 0xFA}, /* 漾 */
    {0x6F46, 0xE4, 0xEB}, /* 潆 */
    {0x6F47, 0xE4, 0xEC}, /* 潇 */
    {0x6F4B, 0xE4, 0xF2}, /* 潋 */
    {0x6F4D, 0xCE, 0xAB}, /* 潍 */
    {0x6F58, 0xC5, 0xCB}, /* 潘 */
    {0x6F5C, 0xC7, 0xB1}, /* 潜 */
    {0x6F5E, 0xC2, 0xBA}, /* 潞 */
    {0x6F62, 0xE4, 0xEA}, /* 潢 */
    {0x6F66, 0xC1, 0xCA}, /* 潦 */
    {0x6F6D, 0xCC, 0xB6}, /* 潭 */
    {0x6F6E, 0xB3, 0xB1}, /* 潮 */
    {0x6F72, 0xE4, 0xFB}, /* 潲 */
    {0x6F74, 0xE4, 0xF3}, /* 潴 */
    {0x6F78, 0xE4, 0xFA}, /* 潸 */
    {0x6F7A, 0xE4, 0xFD}, /* 潺 */
    {0x6F7C, 0xE4, 0xFC}, /* 潼 */
    {0x6F84, 0xB3, 0xCE}, /* 澄 */
    {0x6F88, 0xB3, 0xBA}, /* 澈 */
    {0x6F89, 0xE4, 0xF7}, /* 澉 */
    {0x6F8C, 0xE4, 0xF9}, /* 澌 */
    {0x6F8D, 0xE4, 0xF8}, /* 澍 */
    {0x6F8E, 0xC5, 0xEC}, /* 澎 */
    {0x6F9C, 0xC0, 0xBD}, /* 澜 */
    {0x6FA1, 0xD4, 0xE8}, /* 澡 */
    {0x6FA7, 0xE5, 0xA2}, /* 澧 */
    {0x6FB3, 0xB0, 0xC4}, /* 澳 */
    {0x6FB6, 0xE5, 0xA4}, /* 澶 */
    {0x6FB9, 0xE5, 0xA3}, /* 澹 */
    {0x6FC0, 0xBC, 0xA4}, /* 激 */
    {0x6FC2, 0xE5, 0xA5}, /* 濂 */
    {0x6FC9, 0xE5, 0xA1}, /* 濉 */
    {0x6FD1, 0xE4, 0xFE}, /* 濑 */
    {0x6FD2, 0xB1, 0xF4}, /* 濒 */
    {0x6FDE, 0xE5, 0xA8}, /* 濞 */
    {0x6FE0, 0xE5, 0xA9}, /* 濠 */
    {0x6FE1, 0xE5, 0xA6}, /* 濡 */
    {0x6FEE, 0xE5, 0xA7}, /* 濮 */
    {0x6FEF, 0xE5, 0xAA}, /* 濯 */
    {0x7011, 0xC6, 0xD9}, /* 瀑 */
    {0x701A, 0xE5, 0xAB}, /* 瀚 */
    {0x701B, 0xE5, 0xAD}, /* 瀛 */
    {0x7023, 0xE5, 0xAC}, /* 瀣 */
    {0x7035, 0xE5, 0xAF}, /* 瀵 */
    {0x7039, 0xE5, 0xAE}, /* 瀹 */
    {0x704C, 0xB9, 0xE0}, /* 灌 */
    {0x704F, 0xE5, 0xB0}, /* 灏 */
    {0x705E, 0xE5, 0xB1}, /* 灞 */
    {0x706B, 0xBB, 0xF0}, /* 火 */
    {0x706C, 0xEC, 0xE1}, /* 灬 */
    {0x706D, 0xC3, 0xF0}, /* 灭 */
    {0x706F, 0xB5, 0xC6}, /* 灯 */
    {0x7070, 0xBB, 0xD2}, /* 灰 */
    {0x7075, 0xC1, 0xE9}, /* 灵 */
    {0x7076, 0xD4, 0xEE}, /* 灶 */
    {0x7078, 0xBE, 0xC4}, /* 灸 */
    {0x707C, 0xD7, 0xC6}, /* 灼 */
    {0x707E, 0xD4, 0xD6}, /* 灾 */
    {0x707F, 0xB2, 0xD3}, /* 灿 */
    {0x7080, 0xEC, 0xBE}, /* 炀 */
    {0x7085, 0xEA, 0xC1}, /* 炅 */
    {0x7089, 0xC2, 0xAF}, /* 炉 */
    {0x708A, 0xB4, 0xB6}, /* 炊 */
    {0x708E, 0xD1, 0xD7}, /* 炎 */
    {0x7092, 0xB3, 0xB4}, /* 炒 */
    {0x7094, 0xC8, 0xB2}, /* 炔 */
    {0x7095, 0xBF, 0xBB}, /* 炕 */
    {0x7096, 0xEC, 0xC0}, /* 炖 */
    {0x7099, 0xD6, 0xCB}, /* 炙 */
    {0x709C, 0xEC, 0xBF}, /* 炜 */
    {0x709D, 0xEC, 0xC1}, /* 炝 */
    {0x70AB, 0xEC, 0xC5}, /* 炫 */
    {0x70AC, 0xBE, 0xE6}, /* 炬 */
    {0x70AD, 0xCC, 0xBF}, /* 炭 */
    {0x70AE, 0xC5, 0xDA}, /* 炮 */
    {0x70AF, 0xBE, 0xBC}, /* 炯 */
    {0x70B1, 0xEC, 0xC6}, /* 炱 */
    {0x70B3, 0xB1, 0xFE}, /* 炳 */
    {0x70B7, 0xEC, 0xC4}, /* 炷 */
    {0x70B8, 0xD5, 0xA8}, /* 炸 */
    {0x70B9, 0xB5, 0xE3}, /* 点 */
    {0x70BB, 0xEC, 0xC2}, /* 炻 */
    {0x70BC, 0xC1, 0xB6}, /* 炼 */
    {0x70BD, 0xB3, 0xE3}, /* 炽 */
    {0x70C0, 0xEC, 0xC3}, /* 烀 */
    {0x70C1, 0xCB, 0xB8}, /* 烁 */
    {0x70C2, 0xC0, 0xC3}, /* 烂 */
    {0x70C3, 0xCC, 0xFE}, /* 烃 */
    {0x70C8, 0xC1, 0xD2}, /* 烈 */
    {0x70CA, 0xEC, 0xC8}, /* 烊 */
    {0x70D8, 0xBA, 0xE6}, /* 烘 */
    {0x70D9, 0xC0, 0xD3}, /* 烙 */
    {0x70DB, 0xD6, 0xF2}, /* 烛 */
    {0x70DF, 0xD1, 0xCC}, /* 烟 */
    {0x70E4, 0xBF, 0xBE}, /* 烤 */
    {0x70E6, 0xB7, 0xB3}, /* 烦 */
    {0x70E7, 0xC9, 0xD5}, /* 烧 */
    {0x70E8, 0xEC, 0xC7}, /* 烨 */
    {0x70E9, 0xBB, 0xE2}, /* 烩 */
    {0x70EB, 0xCC, 0xCC}, /* 烫 */
    {0x70EC, 0xBD, 0xFD}, /* 烬 */
    {0x70ED, 0xC8, 0xC8}, /* 热 */
    {0x70EF, 0xCF, 0xA9}, /* 烯 */
    {0x70F7, 0xCD, 0xE9}, /* 烷 */
    {0x70F9, 0xC5, 0xEB}, /* 烹 */
    {0x70FD, 0xB7, 0xE9}, /* 烽 */
    {0x7109, 0xD1, 0xC9}, /* 焉 */
    {0x710A, 0xBA, 0xB8}, /* 焊 */
    {0x7110, 0xEC, 0xC9}, /* 焐 */
    {0x7113, 0xEC, 0xCA}, /* 焓 */
    {0x7115, 0xBB, 0xC0}, /* 焕 */
    {0x7116, 0xEC, 0xCB}, /* 焖 */
    {0x7118, 0xEC, 0xE2}, /* 焘 */
    {0x7119, 0xB1, 0xBA}, /* 焙 */
    {0x711A, 0xB7, 0xD9}, /* 焚 */
    {0x7126, 0xBD, 0xB9}, /* 焦 */
    {0x712F, 0xEC, 0xCC}, /* 焯 */
    {0x7130, 0xD1, 0xE6}, /* 焰 */
    {0x7131, 0xEC, 0xCD}, /* 焱 */
    {0x7136, 0xC8, 0xBB}, /* 然 */
    {0x7145, 0xEC, 0xD1}, /* 煅 */
    {0x714A, 0xEC, 0xD3}, /* 煊 */
    {0x714C, 0xBB, 0xCD}, /* 煌 */
    {0x714E, 0xBC, 0xE5}, /* 煎 */
    {0x715C, 0xEC, 0xCF}, /* 煜 */
    {0x715E, 0xC9, 0xB7}, /* 煞 */
    {0x7164, 0xC3, 0xBA}, /* 煤 */
    {0x7166, 0xEC, 0xE3}, /* 煦 */
    {0x7167, 0xD5, 0xD5}, /* 照 */
    {0x7168, 0xEC, 0xD0}, /* 煨 */
    {0x716E, 0xD6, 0xF3}, /* 煮 */
    {0x7172, 0xEC, 0xD2}, /* 煲 */
    {0x7173, 0xEC, 0xCE}, /* 煳 */
    {0x7178, 0xEC, 0xD4}, /* 煸 */
    {0x717A, 0xEC, 0xD5}, /* 煺 */
    {0x717D, 0xC9, 0xBF}, /* 煽 */
    {0x7184, 0xCF, 0xA8}, /* 熄 */
    {0x718A, 0xD0, 0xDC}, /* 熊 */
    {0x718F, 0xD1, 0xAC}, /* 熏 */
    {0x7194, 0xC8, 0xDB}, /* 熔 */
    {0x7198, 0xEC, 0xD6}, /* 熘 */
    {0x7199, 0xCE, 0xF5}, /* 熙 */
    {0x719F, 0xCA, 0xEC}, /* 熟 */
    {0x71A0, 0xEC, 0xDA}, /* 熠 */
    {0x71A8, 0xEC, 0xD9}, /* 熨 */
    {0x71AC, 0xB0, 0xBE}, /* 熬 */
    {0x71B3, 0xEC, 0xD7}, /* 熳 */
    {0x71B5, 0xEC, 0xD8}, /* 熵 */
    {0x71B9, 0xEC, 0xE4}, /* 熹 */
    {0x71C3, 0xC8, 0xBC}, /* 燃 */
    {0x71CE, 0xC1, 0xC7}, /* 燎 */
    {0x71D4, 0xEC, 0xDC}, /* 燔 */
    {0x71D5, 0xD1, 0xE0}, /* 燕 */
    {0x71E0, 0xEC, 0xDB}, /* 燠 */
    {0x71E5, 0xD4, 0xEF}, /* 燥 */
    {0x71E7, 0xEC, 0xDD}, /* 燧 */
    {0x71EE, 0xDB, 0xC6}, /* 燮 */
    {0x71F9, 0xEC, 0xDE}, /* 燹 */
    {0x7206, 0xB1, 0xAC}, /* 爆 */
    {0x721D, 0xEC, 0xDF}, /* 爝 */
    {0x7228, 0xEC, 0xE0}, /* 爨 */
    {0x722A, 0xD7, 0xA6}, /* 爪 */
    {0x722C, 0xC5, 0xC0}, /* 爬 */
    {0x7230, 0xEB, 0xBC}, /* 爰 */
    {0x7231, 0xB0, 0xAE}, /* 爱 */
    {0x7235, 0xBE, 0xF4}, /* 爵 */
    {0x7236, 0xB8, 0xB8}, /* 父 */
    {0x7237, 0xD2, 0xAF}, /* 爷 */
    {0x7238, 0xB0, 0xD6}, /* 爸 */
    {0x7239, 0xB5, 0xF9}, /* 爹 */
    {0x723B, 0xD8, 0xB3}, /* 爻 */
    {0x723D, 0xCB, 0xAC}, /* 爽 */
    {0x723F, 0xE3, 0xDD}, /* 爿 */
    {0x7247, 0xC6, 0xAC}, /* 片 */
    {0x7248, 0xB0, 0xE6}, /* 版 */
    {0x724C, 0xC5, 0xC6}, /* 牌 */
    {0x724D, 0xEB, 0xB9}, /* 牍 */
    {0x7252, 0xEB, 0xBA}, /* 牒 */
    {0x7256, 0xEB, 0xBB}, /* 牖 */
    {0x7259, 0xD1, 0xC0}, /* 牙 */
    {0x725B, 0xC5, 0xA3}, /* 牛 */
    {0x725D, 0xEA, 0xF2}, /* 牝 */
    {0x725F, 0xC4, 0xB2}, /* 牟 */
    {0x7261, 0xC4, 0xB5}, /* 牡 */
    {0x7262, 0xC0, 0xCE}, /* 牢 */
    {0x7266, 0xEA, 0xF3}, /* 牦 */
    {0x7267, 0xC4, 0xC1}, /* 牧 */
    {0x7269, 0xCE, 0xEF}, /* 物 */
    {0x726E, 0xEA, 0xF0}, /* 牮 */
    {0x726F, 0xEA, 0xF4}, /* 牯 */
    {0x7272, 0xC9, 0xFC}, /* 牲 */
    {0x7275, 0xC7, 0xA3}, /* 牵 */
    {0x7279, 0xCC, 0xD8}, /* 特 */
    {0x727A, 0xCE, 0xFE}, /* 牺 */
    {0x727E, 0xEA, 0xF5}, /* 牾 */
    {0x727F, 0xEA, 0xF6}, /* 牿 */
    {0x7280, 0xCF, 0xAC}, /* 犀 */
    {0x7281, 0xC0, 0xE7}, /* 犁 */
    {0x7284, 0xEA, 0xF7}, /* 犄 */
    {0x728A, 0xB6, 0xBF}, /* 犊 */
    {0x728B, 0xEA, 0xF8}, /* 犋 */
    {0x728D, 0xEA, 0xF9}, /* 犍 */
    {0x728F, 0xEA, 0xFA}, /* 犏 */
    {0x7292, 0xEA, 0xFB}, /* 犒 */
    {0x729F, 0xEA, 0xF1}, /* 犟 */
    {0x72AC, 0xC8, 0xAE}, /* 犬 */
    {0x72AD, 0xE1, 0xEB}, /* 犭 */
    {0x72AF, 0xB7, 0xB8}, /* 犯 */
    {0x72B0, 0xE1, 0xEC}, /* 犰 */
    {0x72B4, 0xE1, 0xED}, /* 犴 */
    {0x72B6, 0xD7, 0xB4}, /* 状 */
    {0x72B7, 0xE1, 0xEE}, /* 犷 */
    {0x72B8, 0xE1, 0xEF}, /* 犸 */
    {0x72B9, 0xD3, 0xCC}, /* 犹 */
    {0x72C1, 0xE1, 0xF1}, /* 狁 */
    {0x72C2, 0xBF, 0xF1}, /* 狂 */
    {0x72C3, 0xE1, 0xF0}, /* 狃 */
    {0x72C4, 0xB5, 0xD2}, /* 狄 */
    {0x72C8, 0xB1, 0xB7}, /* 狈 */
    {0x72CD, 0xE1, 0xF3}, /* 狍 */
    {0x72CE, 0xE1, 0xF2}, /* 狎 */
    {0x72D0, 0xBA, 0xFC}, /* 狐 */
    {0x72D2, 0xE1, 0xF4}, /* 狒 */
    {0x72D7, 0xB9, 0xB7}, /* 狗 */
    {0x72D9, 0xBE, 0xD1}, /* 狙 */
    {0x72DE, 0xC4, 0xFC}, /* 狞 */
    {0x72E0, 0xBA, 0xDD}, /* 狠 */
    {0x72E1, 0xBD, 0xC6}, /* 狡 */
    {0x72E8, 0xE1, 0xF5}, /* 狨 */
    {0x72E9, 0xE1, 0xF7}, /* 狩 */
    {0x72EC, 0xB6, 0xC0}, /* 独 */
    {0x72ED, 0xCF, 0xC1}, /* 狭 */
    {0x72EE, 0xCA, 0xA8}, /* 狮 */
    {0x72EF, 0xE1, 0xF6}, /* 狯 */
    {0x72F0, 0xD5, 0xF8}, /* 狰 */
    {0x72F1, 0xD3, 0xFC}, /* 狱 */
    {0x72F2, 0xE1, 0xF8}, /* 狲 */
    {0x72F3, 0xE1, 0xFC}, /* 狳 */
    {0x72F4, 0xE1, 0xF9}, /* 狴 */
    {0x72F7, 0xE1, 0xFA}, /* 狷 */
    {0x72F8, 0xC0, 0xEA}, /* 狸 */
    {0x72FA, 0xE1, 0xFE}, /* 狺 */
    {0x72FB, 0xE2, 0xA1}, /* 狻 */
    {0x72FC, 0xC0, 0xC7}, /* 狼 */
    {0x7301, 0xE1, 0xFB}, /* 猁 */
    {0x7303, 0xE1, 0xFD}, /* 猃 */
    {0x730A, 0xE2, 0xA5}, /* 猊 */
    {0x730E, 0xC1, 0xD4}, /* 猎 */
    {0x7313, 0xE2, 0xA3}, /* 猓 */
    {0x7315, 0xE2, 0xA8}, /* 猕 */
    {0x7316, 0xB2, 0xFE}, /* 猖 */
    {0x7317, 0xE2, 0xA2}, /* 猗 */
    {0x731B, 0xC3, 0xCD}, /* 猛 */
    {0x731C, 0xB2, 0xC2}, /* 猜 */
    {0x731D, 0xE2, 0xA7}, /* 猝 */
    {0x731E, 0xE2, 0xA6}, /* 猞 */
    {0x7321, 0xE2, 0xA4}, /* 猡 */
    {0x7322, 0xE2, 0xA9}, /* 猢 */
    {0x7325, 0xE2, 0xAB}, /* 猥 */
    {0x7329, 0xD0, 0xC9}, /* 猩 */
    {0x732A, 0xD6, 0xED}, /* 猪 */
    {0x732B, 0xC3, 0xA8}, /* 猫 */
    {0x732C, 0xE2, 0xAC}, /* 猬 */
    {0x732E, 0xCF, 0xD7}, /* 献 */
    {0x7331, 0xE2, 0xAE}, /* 猱 */
    {0x7334, 0xBA, 0xEF}, /* 猴 */
    {0x7337, 0xE9, 0xE0}, /* 猷 */
    {0x7338, 0xE2, 0xAD}, /* 猸 */
    {0x7339, 0xE2, 0xAA}, /* 猹 */
    {0x733E, 0xBB, 0xAB}, /* 猾 */
    {0x733F, 0xD4, 0xB3}, /* 猿 */
    {0x734D, 0xE2, 0xB0}, /* 獍 */
    {0x7350, 0xE2, 0xAF}, /* 獐 */
    {0x7352, 0xE9, 0xE1}, /* 獒 */
    {0x7357, 0xE2, 0xB1}, /* 獗 */
    {0x7360, 0xE2, 0xB2}, /* 獠 */
    {0x736C, 0xE2, 0xB3}, /* 獬 */
    {0x736D, 0xCC, 0xA1}, /* 獭 */
    {0x736F, 0xE2, 0xB4}, /* 獯 */
    {0x737E, 0xE2, 0xB5}, /* 獾 */
    {0x7384, 0xD0, 0xFE}, /* 玄 */
    {0x7387, 0xC2, 0xCA}, /* 率 */
    {0x7389, 0xD3, 0xF1}, /* 玉 */
    {0x738B, 0xCD, 0xF5}, /* 王 */
    {0x738E, 0xE7, 0xE0}, /* 玎 */
    {0x7391, 0xE7, 0xE1}, /* 玑 */
    {0x7396, 0xBE, 0xC1}, /* 玖 */
    {0x739B, 0xC2, 0xEA}, /* 玛 */
    {0x739F, 0xE7, 0xE4}, /* 玟 */
    {0x73A2, 0xE7, 0xE3}, /* 玢 */
    {0x73A9, 0xCD, 0xE6}, /* 玩 */
    {0x73AB, 0xC3, 0xB5}, /* 玫 */
    {0x73AE, 0xE7, 0xE2}, /* 玮 */
    {0x73AF, 0xBB, 0xB7}, /* 环 */
    {0x73B0, 0xCF, 0xD6}, /* 现 */
    {0x73B2, 0xC1, 0xE1}, /* 玲 */
    {0x73B3, 0xE7, 0xE9}, /* 玳 */
    {0x73B7, 0xE7, 0xE8}, /* 玷 */
    {0x73BA, 0xE7, 0xF4}, /* 玺 */
    {0x73BB, 0xB2, 0xA3}, /* 玻 */
    {0x73C0, 0xE7, 0xEA}, /* 珀 */
    {0x73C2, 0xE7, 0xE6}, /* 珂 */
    {0x73C8, 0xE7, 0xEC}, /* 珈 */
    {0x73C9, 0xE7, 0xEB}, /* 珉 */
    {0x73CA, 0xC9, 0xBA}, /* 珊 */
    {0x73CD, 0xD5, 0xE4}, /* 珍 */
    {0x73CF, 0xE7, 0xE5}, /* 珏 */
    {0x73D0, 0xB7, 0xA9}, /* 珐 */
    {0x73D1, 0xE7, 0xE7}, /* 珑 */
    {0x73D9, 0xE7, 0xEE}, /* 珙 */
    {0x73DE, 0xE7, 0xF3}, /* 珞 */
    {0x73E0, 0xD6, 0xE9}, /* 珠 */
    {0x73E5, 0xE7, 0xED}, /* 珥 */
    {0x73E7, 0xE7, 0xF2}, /* 珧 */
    {0x73E9, 0xE7, 0xF1}, /* 珩 */
    {0x73ED, 0xB0, 0xE0}, /* 班 */
    {0x73F2, 0xE7, 0xF5}, /* 珲 */
    {0x7403, 0xC7, 0xF2}, /* 球 */
    {0x7405, 0xC0, 0xC5}, /* 琅 */
    {0x7406, 0xC0, 0xED}, /* 理 */
    {0x7409, 0xC1, 0xF0}, /* 琉 */
    {0x740A, 0xE7, 0xF0}, /* 琊 */
    {0x740F, 0xE7, 0xF6}, /* 琏 */
    {0x7410, 0xCB, 0xF6}, /* 琐 */
    {0x741A, 0xE8, 0xA2}, /* 琚 */
    {0x741B, 0xE8, 0xA1}, /* 琛 */
    {0x7422, 0xD7, 0xC1}, /* 琢 */
    {0x7425, 0xE7, 0xFA}, /* 琥 */
    {0x7426, 0xE7, 0xF9}, /* 琦 */
    {0x7428, 0xE7, 0xFB}, /* 琨 */
    {0x742A, 0xE7, 0xF7}, /* 琪 */
    {0x742C, 0xE7, 0xFE}, /* 琬 */
    {0x742E, 0xE7, 0xFD}, /* 琮 */
    {0x7430, 0xE7, 0xFC}, /* 琰 */
    {0x7433, 0xC1, 0xD5}, /* 琳 */
    {0x7434, 0xC7, 0xD9}, /* 琴 */
    {0x7435, 0xC5, 0xFD}, /* 琵 */
    {0x7436, 0xC5, 0xC3}, /* 琶 */
    {0x743C, 0xC7, 0xED}, /* 琼 */
    {0x7441, 0xE8, 0xA3}, /* 瑁 */
    {0x7455, 0xE8, 0xA6}, /* 瑕 */
    {0x7457, 0xE8, 0xA5}, /* 瑗 */
    {0x7459, 0xE8, 0xA7}, /* 瑙 */
    {0x745A, 0xBA, 0xF7}, /* 瑚 */
    {0x745B, 0xE7, 0xF8}, /* 瑛 */
    {0x745C, 0xE8, 0xA4}, /* 瑜 */
    {0x745E, 0xC8, 0xF0}, /* 瑞 */
    {0x745F, 0xC9, 0xAA}, /* 瑟 */
    {0x746D, 0xE8, 0xA9}, /* 瑭 */
    {0x7470, 0xB9, 0xE5}, /* 瑰 */
    {0x7476, 0xD1, 0xFE}, /* 瑶 */
    {0x7477, 0xE8, 0xA8}, /* 瑷 */
    {0x747E, 0xE8, 0xAA}, /* 瑾 */
    {0x7480, 0xE8, 0xAD}, /* 璀 */
    {0x7481, 0xE8, 0xAE}, /* 璁 */
    {0x7483, 0xC1, 0xA7}, /* 璃 */
    {0x7487, 0xE8, 0xAF}, /* 璇 */
    {0x748B, 0xE8, 0xB0}, /* 璋 */
    {0x748E, 0xE8, 0xAC}, /* 璎 */
    {0x7490, 0xE8, 0xB4}, /* 璐 */
    {0x749C, 0xE8, 0xAB}, /* 璜 */
    {0x749E, 0xE8, 0xB1}, /* 璞 */
    {0x74A7, 0xE8, 0xB5}, /* 璧 */
    {0x74A8, 0xE8, 0xB2}, /* 璨 */
    {0x74A9, 0xE8, 0xB3}, /* 璩 */
    {0x74BA, 0xE8, 0xB7}, /* 璺 */
    {0x74D2, 0xE8, 0xB6}, /* 瓒 */
    {0x74DC, 0xB9, 0xCF}, /* 瓜 */
    {0x74DE, 0xF0, 0xAC}, /* 瓞 */
    {0x74E0, 0xF0, 0xAD}, /* 瓠 */
    {0x74E2, 0xC6, 0xB0}, /* 瓢 */
    {0x74E3, 0xB0, 0xEA}, /* 瓣 */
    {0x74E4, 0xC8, 0xBF}, /* 瓤 */
    {0x74E6, 0xCD, 0xDF}, /* 瓦 */
    {0x74EE, 0xCE, 0xCD}, /* 瓮 */
    {0x74EF, 0xEA, 0xB1}, /* 瓯 */
    {0x74F4, 0xEA, 0xB2}, /* 瓴 */
    {0x74F6, 0xC6, 0xBF}, /* 瓶 */
    {0x74F7, 0xB4, 0xC9}, /* 瓷 */
    {0x74FF, 0xEA, 0xB3}, /* 瓿 */
    {0x7504, 0xD5, 0xE7}, /* 甄 */
    {0x750D, 0xDD, 0xF9}, /* 甍 */
    {0x750F, 0xEA, 0xB4}, /* 甏 */
    {0x7511, 0xEA, 0xB5}, /* 甑 */
    {0x7513, 0xEA, 0xB6}, /* 甓 */
    {0x7518, 0xB8, 0xCA}, /* 甘 */
    {0x7519, 0xDF, 0xB0}, /* 甙 */
    {0x751A, 0xC9, 0xF5}, /* 甚 */
    {0x751C, 0xCC, 0xF0}, /* 甜 */
    {0x751F, 0xC9, 0xFA}, /* 生 */
    {0x7525, 0xC9, 0xFB}, /* 甥 */
    {0x7528, 0xD3, 0xC3}, /* 用 */
    {0x7529, 0xCB, 0xA6}, /* 甩 */
    {0x752B, 0xB8, 0xA6}, /* 甫 */
    {0x752C, 0xF0, 0xAE}, /* 甬 */
    {0x752D, 0xB1, 0xC2}, /* 甭 */
    {0x752F, 0xE5, 0xB8}, /* 甯 */
    {0x7530, 0xCC, 0xEF}, /* 田 */
    {0x7531, 0xD3, 0xC9}, /* 由 */
    {0x7532, 0xBC, 0xD7}, /* 甲 */
    {0x7533, 0xC9, 0xEA}, /* 申 */
    {0x7535, 0xB5, 0xE7}, /* 电 */
    {0x7537, 0xC4, 0xD0}, /* 男 */
    {0x7538, 0xB5, 0xE9}, /* 甸 */
    {0x753A, 0xEE, 0xAE}, /* 町 */
    {0x753B, 0xBB, 0xAD}, /* 画 */
    {0x753E, 0xE7, 0xDE}, /* 甾 */
    {0x7540, 0xEE, 0xAF}, /* 畀 */
    {0x7545, 0xB3, 0xA9}, /* 畅 */
    {0x7548, 0xEE, 0xB2}, /* 畈 */
    {0x754B, 0xEE, 0xB1}, /* 畋 */
    {0x754C, 0xBD, 0xE7}, /* 界 */
    {0x754E, 0xEE, 0xB0}, /* 畎 */
    {0x754F, 0xCE, 0xB7}, /* 畏 */
    {0x7554, 0xC5, 0xCF}, /* 畔 */
    {0x7559, 0xC1, 0xF4}, /* 留 */
    {0x755A, 0xDB, 0xCE}, /* 畚 */
    {0x755B, 0xEE, 0xB3}, /* 畛 */
    {0x755C, 0xD0, 0xF3}, /* 畜 */
    {0x7565, 0xC2, 0xD4}, /* 略 */
    {0x7566, 0xC6, 0xE8}, /* 畦 */
    {0x756A, 0xB7, 0xAC}, /* 番 */
    {0x7572, 0xEE, 0xB4}, /* 畲 */
    {0x7574, 0xB3, 0xEB}, /* 畴 */
    {0x7578, 0xBB, 0xFB}, /* 畸 */
    {0x7579, 0xEE, 0xB5}, /* 畹 */
    {0x757F, 0xE7, 0xDC}, /* 畿 */
    {0x7583, 0xEE, 0xB6}, /* 疃 */
    {0x7586, 0xBD, 0xAE}, /* 疆 */
    {0x758B, 0xF1, 0xE2}, /* 疋 */
    {0x758F, 0xCA, 0xE8}, /* 疏 */
    {0x7591, 0xD2, 0xC9}, /* 疑 */
    {0x7592, 0xF0, 0xDA}, /* 疒 */
    {0x7594, 0xF0, 0xDB}, /* 疔 */
    {0x7596, 0xF0, 0xDC}, /* 疖 */
    {0x7597, 0xC1, 0xC6}, /* 疗 */
    {0x7599, 0xB8, 0xED}, /* 疙 */
    {0x759A, 0xBE, 0xCE}, /* 疚 */
    {0x759D, 0xF0, 0xDE}, /* 疝 */
    {0x759F, 0xC5, 0xB1}, /* 疟 */
    {0x75A0, 0xF0, 0xDD}, /* 疠 */
    {0x75A1, 0xD1, 0xF1}, /* 疡 */
    {0x75A3, 0xF0, 0xE0}, /* 疣 */
    {0x75A4, 0xB0, 0xCC}, /* 疤 */
    {0x75A5, 0xBD, 0xEA}, /* 疥 */
    {0x75AB, 0xD2, 0xDF}, /* 疫 */
    {0x75AC, 0xF0, 0xDF}, /* 疬 */
    {0x75AE, 0xB4, 0xAF}, /* 疮 */
    {0x75AF, 0xB7, 0xE8}, /* 疯 */
    {0x75B0, 0xF0, 0xE6}, /* 疰 */
    {0x75B1, 0xF0, 0xE5}, /* 疱 */
    {0x75B2, 0xC6, 0xA3}, /* 疲 */
    {0x75B3, 0xF0, 0xE1}, /* 疳 */
    {0x75B4, 0xF0, 0xE2}, /* 疴 */
    {0x75B5, 0xB4, 0xC3}, /* 疵 */
    {0x75B8, 0xF0, 0xE3}, /* 疸 */
    {0x75B9, 0xD5, 0xEE}, /* 疹 */
    {0x75BC, 0xCC, 0xDB}, /* 疼 */
    {0x75BD, 0xBE, 0xD2}, /* 疽 */
    {0x75BE, 0xBC, 0xB2}, /* 疾 */
    {0x75C2, 0xF0, 0xE8}, /* 痂 */
    {0x75C3, 0xF0, 0xE7}, /* 痃 */
    {0x75C4, 0xF0, 0xE4}, /* 痄 */
    {0x75C5, 0xB2, 0xA1}, /* 病 */
    {0x75C7, 0xD6, 0xA2}, /* 症 */
    {0x75C8, 0xD3, 0xB8}, /* 痈 */
    {0x75C9, 0xBE, 0xB7}, /* 痉 */
    {0x75CA, 0xC8, 0xAC}, /* 痊 */
    {0x75CD, 0xF0, 0xEA}, /* 痍 */
    {0x75D2, 0xD1, 0xF7}, /* 痒 */
    {0x75D4, 0xD6, 0xCC}, /* 痔 */
    {0x75D5, 0xBA, 0xDB}, /* 痕 */
    {0x75D6, 0xF0, 0xE9}, /* 痖 */
    {0x75D8, 0xB6, 0xBB}, /* 痘 */
    {0x75DB, 0xCD, 0xB4}, /* 痛 */
    {0x75DE, 0xC6, 0xA6}, /* 痞 */
    {0x75E2, 0xC1, 0xA1}, /* 痢 */
    {0x75E3, 0xF0, 0xEB}, /* 痣 */
    {0x75E4, 0xF0, 0xEE}, /* 痤 */
    {0x75E6, 0xF0, 0xED}, /* 痦 */
    {0x75E7, 0xF0, 0xF0}, /* 痧 */
    {0x75E8, 0xF0, 0xEC}, /* 痨 */
    {0x75EA, 0xBB, 0xBE}, /* 痪 */
    {0x75EB, 0xF0, 0xEF}, /* 痫 */
    {0x75F0, 0xCC, 0xB5}, /* 痰 */
    {0x75F1, 0xF0, 0xF2}, /* 痱 */
    {0x75F4, 0xB3, 0xD5}, /* 痴 */
    {0x75F9, 0xB1, 0xD4}, /* 痹 */
    {0x75FC, 0xF0, 0xF3}, /* 痼 */
    {0x75FF, 0xF0, 0xF4}, /* 痿 */
    {0x7600, 0xF0, 0xF6}, /* 瘀 */
    {0x7601, 0xB4, 0xE1}, /* 瘁 */
    {0x7603, 0xF0, 0xF1}, /* 瘃 */
    {0x7605, 0xF0, 0xF7}, /* 瘅 */
    {0x760A, 0xF0, 0xFA}, /* 瘊 */
    {0x760C, 0xF0, 0xF8}, /* 瘌 */
    {0x7610, 0xF0, 0xF5}, /* 瘐 */
    {0x7615, 0xF0, 0xFD}, /* 瘕 */
    {0x7617, 0xF0, 0xF9}, /* 瘗 */
    {0x7618, 0xF0, 0xFC}, /* 瘘 */
    {0x7619, 0xF0, 0xFE}, /* 瘙 */
    {0x761B, 0xF1, 0xA1}, /* 瘛 */
    {0x761F, 0xCE, 0xC1}, /* 瘟 */
    {0x7620, 0xF1, 0xA4}, /* 瘠 */
    {0x7622, 0xF1, 0xA3}, /* 瘢 */
    {0x7624, 0xC1, 0xF6}, /* 瘤 */
    {0x7625, 0xF0, 0xFB}, /* 瘥 */
    {0x7626, 0xCA, 0xDD}, /* 瘦 */
    {0x7629, 0xB4, 0xF1}, /* 瘩 */
    {0x762A, 0xB1, 0xF1}, /* 瘪 */
    {0x762B, 0xCC, 0xB1}, /* 瘫 */
    {0x762D, 0xF1, 0xA6}, /* 瘭 */
    {0x7630, 0xF1, 0xA7}, /* 瘰 */
    {0x7633, 0xF1, 0xAC}, /* 瘳 */
    {0x7634, 0xD5, 0xCE}, /* 瘴 */
    {0x7635, 0xF1, 0xA9}, /* 瘵 */
    {0x7638, 0xC8, 0xB3}, /* 瘸 */
    {0x763C, 0xF1, 0xA2}, /* 瘼 */
    {0x763E, 0xF1, 0xAB}, /* 瘾 */
    {0x763F, 0xF1, 0xA8}, /* 瘿 */
    {0x7640, 0xF1, 0xA5}, /* 癀 */
    {0x7643, 0xF1, 0xAA}, /* 癃 */
    {0x764C, 0xB0, 0xA9}, /* 癌 */
    {0x764D, 0xF1, 0xAD}, /* 癍 */
    {0x7654, 0xF1, 0xAF}, /* 癔 */
    {0x7656, 0xF1, 0xB1}, /* 癖 */
    {0x765C, 0xF1, 0xB0}, /* 癜 */
    {0x765E, 0xF1, 0xAE}, /* 癞 */
    {0x7663, 0xD1, 0xA2}, /* 癣 */
    {0x766B, 0xF1, 0xB2}, /* 癫 */
    {0x766F, 0xF1, 0xB3}, /* 癯 */
    {0x7678, 0xB9, 0xEF}, /* 癸 */
    {0x767B, 0xB5, 0xC7}, /* 登 */
    {0x767D, 0xB0, 0xD7}, /* 白 */
    {0x767E, 0xB0, 0xD9}, /* 百 */
    {0x7682, 0xD4, 0xED}, /* 皂 */
    {0x7684, 0xB5, 0xC4}, /* 的 */
    {0x7686, 0xBD, 0xD4}, /* 皆 */
    {0x7687, 0xBB, 0xCA}, /* 皇 */
    {0x7688, 0xF0, 0xA7}, /* 皈 */
    {0x768B, 0xB8, 0xDE}, /* 皋 */
    {0x768E, 0xF0, 0xA8}, /* 皎 */
    {0x7691, 0xB0, 0xA8}, /* 皑 */
    {0x7693, 0xF0, 0xA9}, /* 皓 */
    {0x7696, 0xCD, 0xEE}, /* 皖 */
    {0x7699, 0xF0, 0xAA}, /* 皙 */
    {0x76A4, 0xF0, 0xAB}, /* 皤 */
    {0x76AE, 0xC6, 0xA4}, /* 皮 */
    {0x76B1, 0xD6, 0xE5}, /* 皱 */
    {0x76B2, 0xF1, 0xE4}, /* 皲 */
    {0x76B4, 0xF1, 0xE5}, /* 皴 */
    {0x76BF, 0xC3, 0xF3}, /* 皿 */
    {0x76C2, 0xD3, 0xDB}, /* 盂 */
    {0x76C5, 0xD6, 0xD1}, /* 盅 */
    {0x76C6, 0xC5, 0xE8}, /* 盆 */
    {0x76C8, 0xD3, 0xAF}, /* 盈 */
    {0x76CA, 0xD2, 0xE6}, /* 益 */
    {0x76CD, 0xEE, 0xC1}, /* 盍 */
    {0x76CE, 0xB0, 0xBB}, /* 盎 */
    {0x76CF, 0xD5, 0xB5}, /* 盏 */
    {0x76D0, 0xD1, 0xCE}, /* 盐 */
    {0x76D1, 0xBC, 0xE0}, /* 监 */
    {0x76D2, 0xBA, 0xD0}, /* 盒 */
    {0x76D4, 0xBF, 0xF8}, /* 盔 */
    {0x76D6, 0xB8, 0xC7}, /* 盖 */
    {0x76D7, 0xB5, 0xC1}, /* 盗 */
    {0x76D8, 0xC5, 0xCC}, /* 盘 */
    {0x76DB, 0xCA, 0xA2}, /* 盛 */
    {0x76DF, 0xC3, 0xCB}, /* 盟 */
    {0x76E5, 0xEE, 0xC2}, /* 盥 */
    {0x76EE, 0xC4, 0xBF}, /* 目 */
    {0x76EF, 0xB6, 0xA2}, /* 盯 */
    {0x76F1, 0xED, 0xEC}, /* 盱 */
    {0x76F2, 0xC3, 0xA4}, /* 盲 */
    {0x76F4, 0xD6, 0xB1}, /* 直 */
    {0x76F8, 0xCF, 0xE0}, /* 相 */
    {0x76F9, 0xED, 0xEF}, /* 盹 */
    {0x76FC, 0xC5, 0xCE}, /* 盼 */
    {0x76FE, 0xB6, 0xDC}, /* 盾 */
    {0x7701, 0xCA, 0xA1}, /* 省 */
    {0x7704, 0xED, 0xED}, /* 眄 */
    {0x7707, 0xED, 0xF0}, /* 眇 */
    {0x7708, 0xED, 0xF1}, /* 眈 */
    {0x7709, 0xC3, 0xBC}, /* 眉 */
    {0x770B, 0xBF, 0xB4}, /* 看 */
    {0x770D, 0xED, 0xEE}, /* 眍 */
    {0x7719, 0xED, 0xF4}, /* 眙 */
    {0x771A, 0xED, 0xF2}, /* 眚 */
    {0x771F, 0xD5, 0xE6}, /* 真 */
    {0x7720, 0xC3, 0xDF}, /* 眠 */
    {0x7722, 0xED, 0xF3}, /* 眢 */
    {0x7726, 0xED, 0xF6}, /* 眦 */
    {0x7728, 0xD5, 0xA3}, /* 眨 */
    {0x7729, 0xD1, 0xA3}, /* 眩 */
    {0x772D, 0xED, 0xF5}, /* 眭 */
    {0x772F, 0xC3, 0xD0}, /* 眯 */
    {0x7735, 0xED, 0xF7}, /* 眵 */
    {0x7736, 0xBF, 0xF4}, /* 眶 */
    {0x7737, 0xBE, 0xEC}, /* 眷 */
    {0x7738, 0xED, 0xF8}, /* 眸 */
    {0x773A, 0xCC, 0xF7}, /* 眺 */
    {0x773C, 0xD1, 0xDB}, /* 眼 */
    {0x7740, 0xD7, 0xC5}, /* 着 */
    {0x7741, 0xD5, 0xF6}, /* 睁 */
    {0x7743, 0xED, 0xFC}, /* 睃 */
    {0x7747, 0xED, 0xFB}, /* 睇 */
    {0x7750, 0xED, 0xF9}, /* 睐 */
    {0x7751, 0xED, 0xFA}, /* 睑 */
    {0x775A, 0xED, 0xFD}, /* 睚 */
    {0x775B, 0xBE, 0xA6}, /* 睛 */
    {0x7761, 0xCB, 0xAF}, /* 睡 */
    {0x7762, 0xEE, 0xA1}, /* 睢 */
    {0x7763, 0xB6, 0xBD}, /* 督 */
    {0x7765, 0xEE, 0xA2}, /* 睥 */
    {0x7766, 0xC4, 0xC0}, /* 睦 */
    {0x7768, 0xED, 0xFE}, /* 睨 */
    {0x776B, 0xBD, 0xDE}, /* 睫 */
    {0x776C, 0xB2, 0xC7}, /* 睬 */
    {0x7779, 0xB6, 0xC3}, /* 睹 */
    {0x777D, 0xEE, 0xA5}, /* 睽 */
    {0x777E, 0xD8, 0xBA}, /* 睾 */
    {0x777F, 0xEE, 0xA3}, /* 睿 */
    {0x7780, 0xEE, 0xA6}, /* 瞀 */
    {0x7784, 0xC3, 0xE9}, /* 瞄 */
    {0x7785, 0xB3, 0xF2}, /* 瞅 */
    {0x778C, 0xEE, 0xA7}, /* 瞌 */
    {0x778D, 0xEE, 0xA4}, /* 瞍 */
    {0x778E, 0xCF, 0xB9}, /* 瞎 */
    {0x7791, 0xEE, 0xA8}, /* 瞑 */
    {0x7792, 0xC2, 0xF7}, /* 瞒 */
    {0x779F, 0xEE, 0xA9}, /* 瞟 */
    {0x77A0, 0xEE, 0xAA}, /* 瞠 */
    {0x77A2, 0xDE, 0xAB}, /* 瞢 */
    {0x77A5, 0xC6, 0xB3}, /* 瞥 */
    {0x77A7, 0xC7, 0xC6}, /* 瞧 */
    {0x77A9, 0xD6, 0xF5}, /* 瞩 */
    {0x77AA, 0xB5, 0xC9}, /* 瞪 */
    {0x77AC, 0xCB, 0xB2}, /* 瞬 */
    {0x77B0, 0xEE, 0xAB}, /* 瞰 */
    {0x77B3, 0xCD, 0xAB}, /* 瞳 */
    {0x77B5, 0xEE, 0xAC}, /* 瞵 */
    {0x77BB, 0xD5, 0xB0}, /* 瞻 */
    {0x77BD, 0xEE, 0xAD}, /* 瞽 */
    {0x77BF, 0xF6, 0xC4}, /* 瞿 */
    {0x77CD, 0xDB, 0xC7}, /* 矍 */
    {0x77D7, 0xB4, 0xA3}, /* 矗 */
    {0x77DB, 0xC3, 0xAC}, /* 矛 */
    {0x77DC, 0xF1, 0xE6}, /* 矜 */
    {0x77E2, 0xCA, 0xB8}, /* 矢 */
    {0x77E3, 0xD2, 0xD3}, /* 矣 */
    {0x77E5, 0xD6, 0xAA}, /* 知 */
    {0x77E7, 0xEF, 0xF2}, /* 矧 */
    {0x77E9, 0xBE, 0xD8}, /* 矩 */
    {0x77EB, 0xBD, 0xC3}, /* 矫 */
    {0x77EC, 0xEF, 0xF3}, /* 矬 */
    {0x77ED, 0xB6, 0xCC}, /* 短 */
    {0x77EE, 0xB0, 0xAB}, /* 矮 */
    {0x77F3, 0xCA, 0xAF}, /* 石 */
    {0x77F6, 0xED, 0xB6}, /* 矶 */
    {0x77F8, 0xED, 0xB7}, /* 矸 */
    {0x77FD, 0xCE, 0xF9}, /* 矽 */
    {0x77FE, 0xB7, 0xAF}, /* 矾 */
    {0x77FF, 0xBF, 0xF3}, /* 矿 */
    {0x7800, 0xED, 0xB8}, /* 砀 */
    {0x7801, 0xC2, 0xEB}, /* 码 */
    {0x7802, 0xC9, 0xB0}, /* 砂 */
    {0x7809, 0xED, 0xB9}, /* 砉 */
    {0x780C, 0xC6, 0xF6}, /* 砌 */
    {0x780D, 0xBF, 0xB3}, /* 砍 */
    {0x7811, 0xED, 0xBC}, /* 砑 */
    {0x7812, 0xC5, 0xF8}, /* 砒 */
    {0x7814, 0xD1, 0xD0}, /* 研 */
    {0x7816, 0xD7, 0xA9}, /* 砖 */
    {0x7817, 0xED, 0xBA}, /* 砗 */
    {0x7818, 0xED, 0xBB}, /* 砘 */
    {0x781A, 0xD1, 0xE2}, /* 砚 */
    {0x781C, 0xED, 0xBF}, /* 砜 */
    {0x781D, 0xED, 0xC0}, /* 砝 */
    {0x781F, 0xED, 0xC4}, /* 砟 */
    {0x7823, 0xED, 0xC8}, /* 砣 */
    {0x7825, 0xED, 0xC6}, /* 砥 */
    {0x7826, 0xED, 0xCE}, /* 砦 */
    {0x7827, 0xD5, 0xE8}, /* 砧 */
    {0x7829, 0xED, 0xC9}, /* 砩 */
    {0x782C, 0xED, 0xC7}, /* 砬 */
    {0x782D, 0xED, 0xBE}, /* 砭 */
    {0x7830, 0xC5, 0xE9}, /* 砰 */
    {0x7834, 0xC6, 0xC6}, /* 破 */
    {0x7837, 0xC9, 0xE9}, /* 砷 */
    {0x7838, 0xD4, 0xD2}, /* 砸 */
    {0x7839, 0xED, 0xC1}, /* 砹 */
    {0x783A, 0xED, 0xC2}, /* 砺 */
    {0x783B, 0xED, 0xC3}, /* 砻 */
    {0x783C, 0xED, 0xC5}, /* 砼 */
    {0x783E, 0xC0, 0xF9}, /* 砾 */
    {0x7840, 0xB4, 0xA1}, /* 础 */
    {0x7845, 0xB9, 0xE8}, /* 硅 */
    {0x7847, 0xED, 0xD0}, /* 硇 */
    {0x784C, 0xED, 0xD1}, /* 硌 */
    {0x784E, 0xED, 0xCA}, /* 硎 */
    {0x7850, 0xED, 0xCF}, /* 硐 */
    {0x7852, 0xCE, 0xF8}, /* 硒 */
    {0x7855, 0xCB, 0xB6}, /* 硕 */
    {0x7856, 0xED, 0xCC}, /* 硖 */
    {0x7857, 0xED, 0xCD}, /* 硗 */
    {0x785D, 0xCF, 0xF5}, /* 硝 */
    {0x786A, 0xED, 0xD2}, /* 硪 */
    {0x786B, 0xC1, 0xF2}, /* 硫 */
    {0x786C, 0xD3, 0xB2}, /* 硬 */
    {0x786D, 0xED, 0xCB}, /* 硭 */
    {0x786E, 0xC8, 0xB7}, /* 确 */
    {0x7877, 0xBC, 0xEF}, /* 硷 */
    {0x787C, 0xC5, 0xF0}, /* 硼 */
    {0x7887, 0xED, 0xD6}, /* 碇 */
    {0x7889, 0xB5, 0xEF}, /* 碉 */
    {0x788C, 0xC2, 0xB5}, /* 碌 */
    {0x788D, 0xB0, 0xAD}, /* 碍 */
    {0x788E, 0xCB, 0xE9}, /* 碎 */
    {0x7891, 0xB1, 0xAE}, /* 碑 */
    {0x7893, 0xED, 0xD4}, /* 碓 */
    {0x7897, 0xCD, 0xEB}, /* 碗 */
    {0x7898, 0xB5, 0xE2}, /* 碘 */
    {0x789A, 0xED, 0xD5}, /* 碚 */
    {0x789B, 0xED, 0xD3}, /* 碛 */
    {0x789C, 0xED, 0xD7}, /* 碜 */
    {0x789F, 0xB5, 0xFA}, /* 碟 */
    {0x78A1, 0xED, 0xD8}, /* 碡 */
    {0x78A3, 0xED, 0xD9}, /* 碣 */
    {0x78A5, 0xED, 0xDC}, /* 碥 */
    {0x78A7, 0xB1, 0xCC}, /* 碧 */
    {0x78B0, 0xC5, 0xF6}, /* 碰 */
    {0x78B1, 0xBC, 0xEE}, /* 碱 */
    {0x78B2, 0xED, 0xDA}, /* 碲 */
    {0x78B3, 0xCC, 0xBC}, /* 碳 */
    {0x78B4, 0xB2, 0xEA}, /* 碴 */
    {0x78B9, 0xED, 0xDB}, /* 碹 */
    {0x78BE, 0xC4, 0xEB}, /* 碾 */
    {0x78C1, 0xB4, 0xC5}, /* 磁 */
    {0x78C5, 0xB0, 0xF5}, /* 磅 */
    {0x78C9, 0xED, 0xDF}, /* 磉 */
    {0x78CA, 0xC0, 0xDA}, /* 磊 */
    {0x78CB, 0xB4, 0xE8}, /* 磋 */
    {0x78D0, 0xC5, 0xCD}, /* 磐 */
    {0x78D4, 0xED, 0xDD}, /* 磔 */
    {0x78D5, 0xBF, 0xC4}, /* 磕 */
    {0x78D9, 0xED, 0xDE}, /* 磙 */
    {0x78E8, 0xC4, 0xA5}, /* 磨 */
    {0x78EC, 0xED, 0xE0}, /* 磬 */
    {0x78F2, 0xED, 0xE1}, /* 磲 */
    {0x78F4, 0xED, 0xE3}, /* 磴 */
    {0x78F7, 0xC1, 0xD7}, /* 磷 */
    {0x78FA, 0xBB, 0xC7}, /* 磺 */
    {0x7901, 0xBD, 0xB8}, /* 礁 */
    {0x7905, 0xED, 0xE2}, /* 礅 */
    {0x7913, 0xED, 0xE4}, /* 礓 */
    {0x791E, 0xED, 0xE6}, /* 礞 */
    {0x7924, 0xED, 0xE5}, /* 礤 */
    {0x7934, 0xED, 0xE7}, /* 礴 */
    {0x793A, 0xCA, 0xBE}, /* 示 */
    {0x793B, 0xEC, 0xEA}, /* 礻 */
    {0x793C, 0xC0, 0xF1}, /* 礼 */
    {0x793E, 0xC9, 0xE7}, /* 社 */
    {0x7940, 0xEC, 0xEB}, /* 祀 */
    {0x7941, 0xC6, 0xEE}, /* 祁 */
    {0x7946, 0xEC, 0xEC}, /* 祆 */
    {0x7948, 0xC6, 0xED}, /* 祈 */
    {0x7949, 0xEC, 0xED}, /* 祉 */
    {0x7953, 0xEC, 0xF0}, /* 祓 */
    {0x7956, 0xD7, 0xE6}, /* 祖 */
    {0x7957, 0xEC, 0xF3}, /* 祗 */
    {0x795A, 0xEC, 0xF1}, /* 祚 */
    {0x795B, 0xEC, 0xEE}, /* 祛 */
    {0x795C, 0xEC, 0xEF}, /* 祜 */
    {0x795D, 0xD7, 0xA3}, /* 祝 */
    {0x795E, 0xC9, 0xF1}, /* 神 */
    {0x795F, 0xCB, 0xEE}, /* 祟 */
    {0x7960, 0xEC, 0xF4}, /* 祠 */
    {0x7962, 0xEC, 0xF2}, /* 祢 */
    {0x7965, 0xCF, 0xE9}, /* 祥 */
    {0x7967, 0xEC, 0xF6}, /* 祧 */
    {0x7968, 0xC6, 0xB1}, /* 票 */
    {0x796D, 0xBC, 0xC0}, /* 祭 */
    {0x796F, 0xEC, 0xF5}, /* 祯 */
    {0x7977, 0xB5, 0xBB}, /* 祷 */
    {0x7978, 0xBB, 0xF6}, /* 祸 */
    {0x797A, 0xEC, 0xF7}, /* 祺 */
    {0x7980, 0xD9, 0xF7}, /* 禀 */
    {0x7981, 0xBD, 0xFB}, /* 禁 */
    {0x7984, 0xC2, 0xBB}, /* 禄 */
    {0x7985, 0xEC, 0xF8}, /* 禅 */
    {0x798A, 0xEC, 0xF9}, /* 禊 */
    {0x798F, 0xB8, 0xA3}, /* 福 */
    {0x799A, 0xEC, 0xFA}, /* 禚 */
    {0x79A7, 0xEC, 0xFB}, /* 禧 */
    {0x79B3, 0xEC, 0xFC}, /* 禳 */
    {0x79B9, 0xD3, 0xED}, /* 禹 */
    {0x79BA, 0xD8, 0xAE}, /* 禺 */
    {0x79BB, 0xC0, 0xEB}, /* 离 */
    {0x79BD, 0xC7, 0xDD}, /* 禽 */
    {0x79BE, 0xBA, 0xCC}, /* 禾 */
    {0x79C0, 0xD0, 0xE3}, /* 秀 */
    {0x79C1, 0xCB, 0xBD}, /* 私 */
    {0x79C3, 0xCD, 0xBA}, /* 秃 */
    {0x79C6, 0xB8, 0xD1}, /* 秆 */
    {0x79C9, 0xB1, 0xFC}, /* 秉 */
    {0x79CB, 0xC7, 0xEF}, /* 秋 */
    {0x79CD, 0xD6, 0xD6}, /* 种 */
    {0x79D1, 0xBF, 0xC6}, /* 科 */
    {0x79D2, 0xC3, 0xEB}, /* 秒 */
    {0x79D5, 0xEF, 0xF5}, /* 秕 */
    {0x79D8, 0xC3, 0xD8}, /* 秘 */
    {0x79DF, 0xD7, 0xE2}, /* 租 */
    {0x79E3, 0xEF, 0xF7}, /* 秣 */
    {0x79E4, 0xB3, 0xD3}, /* 秤 */
    {0x79E6, 0xC7, 0xD8}, /* 秦 */
    {0x79E7, 0xD1, 0xED}, /* 秧 */
    {0x79E9, 0xD6, 0xC8}, /* 秩 */
    {0x79EB, 0xEF, 0xF8}, /* 秫 */
    {0x79ED, 0xEF, 0xF6}, /* 秭 */
    {0x79EF, 0xBB, 0xFD}, /* 积 */
    {0x79F0, 0xB3, 0xC6}, /* 称 */
    {0x79F8, 0xBD, 0xD5}, /* 秸 */
    {0x79FB, 0xD2, 0xC6}, /* 移 */
    {0x79FD, 0xBB, 0xE0}, /* 秽 */
    {0x7A00, 0xCF, 0xA1}, /* 稀 */
    {0x7A02, 0xEF, 0xFC}, /* 稂 */
    {0x7A03, 0xEF, 0xFB}, /* 稃 */
    {0x7A06, 0xEF, 0xF9}, /* 稆 */
    {0x7A0B, 0xB3, 0xCC}, /* 程 */
    {0x7A0D, 0xC9, 0xD4}, /* 稍 */
    {0x7A0E, 0xCB, 0xB0}, /* 税 */
    {0x7A14, 0xEF, 0xFE}, /* 稔 */
    {0x7A17, 0xB0, 0xDE}, /* 稗 */
    {0x7A1A, 0xD6, 0xC9}, /* 稚 */
    {0x7A1E, 0xEF, 0xFD}, /* 稞 */
    {0x7A20, 0xB3, 0xED}, /* 稠 */
    {0x7A23, 0xF6, 0xD5}, /* 稣 */
    {0x7A33, 0xCE, 0xC8}, /* 稳 */
    {0x7A37, 0xF0, 0xA2}, /* 稷 */
    {0x7A39, 0xF0, 0xA1}, /* 稹 */
    {0x7A3B, 0xB5, 0xBE}, /* 稻 */
    {0x7A3C, 0xBC, 0xDA}, /* 稼 */
    {0x7A3D, 0xBB, 0xFC}, /* 稽 */
    {0x7A3F, 0xB8, 0xE5}, /* 稿 */
    {0x7A46, 0xC4, 0xC2}, /* 穆 */
    {0x7A51, 0xF0, 0xA3}, /* 穑 */
    {0x7A57, 0xCB, 0xEB}, /* 穗 */
    {0x7A70, 0xF0, 0xA6}, /* 穰 */
    {0x7A74, 0xD1, 0xA8}, /* 穴 */
    {0x7A76, 0xBE, 0xBF}, /* 究 */
    {0x7A77, 0xC7, 0xEE}, /* 穷 */
    {0x7A78, 0xF1, 0xB6}, /* 穸 */
    {0x7A79, 0xF1, 0xB7}, /* 穹 */
    {0x7A7A, 0xBF, 0xD5}, /* 空 */
    {0x7A7F, 0xB4, 0xA9}, /* 穿 */
    {0x7A80, 0xF1, 0xB8}, /* 窀 */
    {0x7A81, 0xCD, 0xBB}, /* 突 */
    {0x7A83, 0xC7, 0xD4}, /* 窃 */
    {0x7A84, 0xD5, 0xAD}, /* 窄 */
    {0x7A86, 0xF1, 0xB9}, /* 窆 */
    {0x7A88, 0xF1, 0xBA}, /* 窈 */
    {0x7A8D, 0xC7, 0xCF}, /* 窍 */
    {0x7A91, 0xD2, 0xA4}, /* 窑 */
    {0x7A92, 0xD6, 0xCF}, /* 窒 */
    {0x7A95, 0xF1, 0xBB}, /* 窕 */
    {0x7A96, 0xBD, 0xD1}, /* 窖 */
    {0x7A97, 0xB4, 0xB0}, /* 窗 */
    {0x7A98, 0xBE, 0xBD}, /* 窘 */
    {0x7A9C, 0xB4, 0xDC}, /* 窜 */
    {0x7A9D, 0xCE, 0xD1}, /* 窝 */
    {0x7A9F, 0xBF, 0xDF}, /* 窟 */
    {0x7AA0, 0xF1, 0xBD}, /* 窠 */
    {0x7AA5, 0xBF, 0xFA}, /* 窥 */
    {0x7AA6, 0xF1, 0xBC}, /* 窦 */
    {0x7AA8, 0xF1, 0xBF}, /* 窨 */
    {0x7AAC, 0xF1, 0xBE}, /* 窬 */
    {0x7AAD, 0xF1, 0xC0}, /* 窭 */
    {0x7AB3, 0xF1, 0xC1}, /* 窳 */
    {0x7ABF, 0xC1, 0xFE}, /* 窿 */
    {0x7ACB, 0xC1, 0xA2}, /* 立 */
    {0x7AD6, 0xCA, 0xFA}, /* 竖 */
    {0x7AD9, 0xD5, 0xBE}, /* 站 */
    {0x7ADE, 0xBE, 0xBA}, /* 竞 */
    {0x7ADF, 0xBE, 0xB9}, /* 竟 */
    {0x7AE0, 0xD5, 0xC2}, /* 章 */
    {0x7AE3, 0xBF, 0xA2}, /* 竣 */
    {0x7AE5, 0xCD, 0xAF}, /* 童 */
    {0x7AE6, 0xF1, 0xB5}, /* 竦 */
    {0x7AED, 0xBD, 0xDF}, /* 竭 */
    {0x7AEF, 0xB6, 0xCB}, /* 端 */
    {0x7AF9, 0xD6, 0xF1}, /* 竹 */
    {0x7AFA, 0xF3, 0xC3}, /* 竺 */
    {0x7AFD, 0xF3, 0xC4}, /* 竽 */
    {0x7AFF, 0xB8, 0xCD}, /* 竿 */
    {0x7B03, 0xF3, 0xC6}, /* 笃 */
    {0x7B04, 0xF3, 0xC7}, /* 笄 */
    {0x7B06, 0xB0, 0xCA}, /* 笆 */
    {0x7B08, 0xF3, 0xC5}, /* 笈 */
    {0x7B0A, 0xF3, 0xC9}, /* 笊 */
    {0x7B0B, 0xCB, 0xF1}, /* 笋 */
    {0x7B0F, 0xF3, 0xCB}, /* 笏 */
    {0x7B11, 0xD0, 0xA6}, /* 笑 */
    {0x7B14, 0xB1, 0xCA}, /* 笔 */
    {0x7B15, 0xF3, 0xC8}, /* 笕 */
    {0x7B19, 0xF3, 0xCF}, /* 笙 */
    {0x7B1B, 0xB5, 0xD1}, /* 笛 */
    {0x7B1E, 0xF3, 0xD7}, /* 笞 */
    {0x7B20, 0xF3, 0xD2}, /* 笠 */
    {0x7B24, 0xF3, 0xD4}, /* 笤 */
    {0x7B25, 0xF3, 0xD3}, /* 笥 */
    {0x7B26, 0xB7, 0xFB}, /* 符 */
    {0x7B28, 0xB1, 0xBF}, /* 笨 */
    {0x7B2A, 0xF3, 0xCE}, /* 笪 */
    {0x7B2B, 0xF3, 0xCA}, /* 笫 */
    {0x7B2C, 0xB5, 0xDA}, /* 第 */
    {0x7B2E, 0xF3, 0xD0}, /* 笮 */
    {0x7B31, 0xF3, 0xD1}, /* 笱 */
    {0x7B33, 0xF3, 0xD5}, /* 笳 */
    {0x7B38, 0xF3, 0xCD}, /* 笸 */
    {0x7B3A, 0xBC, 0xE3}, /* 笺 */
    {0x7B3C, 0xC1, 0xFD}, /* 笼 */
    {0x7B3E, 0xF3, 0xD6}, /* 笾 */
    {0x7B45, 0xF3, 0xDA}, /* 筅 */
    {0x7B47, 0xF3, 0xCC}, /* 筇 */
    {0x7B49, 0xB5, 0xC8}, /* 等 */
    {0x7B4B, 0xBD, 0xEE}, /* 筋 */
    {0x7B4C, 0xF3, 0xDC}, /* 筌 */
    {0x7B4F, 0xB7, 0xA4}, /* 筏 */
    {0x7B50, 0xBF, 0xF0}, /* 筐 */
    {0x7B51, 0xD6, 0xFE}, /* 筑 */
    {0x7B52, 0xCD, 0xB2}, /* 筒 */
    {0x7B54, 0xB4, 0xF0}, /* 答 */
    {0x7B56, 0xB2, 0xDF}, /* 策 */
    {0x7B58, 0xF3, 0xD8}, /* 筘 */
    {0x7B5A, 0xF3, 0xD9}, /* 筚 */
    {0x7B5B, 0xC9, 0xB8}, /* 筛 */
    {0x7B5D, 0xF3, 0xDD}, /* 筝 */
    {0x7B60, 0xF3, 0xDE}, /* 筠 */
    {0x7B62, 0xF3, 0xE1}, /* 筢 */
    {0x7B6E, 0xF3, 0xDF}, /* 筮 */
    {0x7B71, 0xF3, 0xE3}, /* 筱 */
    {0x7B72, 0xF3, 0xE2}, /* 筲 */
    {0x7B75, 0xF3, 0xDB}, /* 筵 */
    {0x7B77, 0xBF, 0xEA}, /* 筷 */
    {0x7B79, 0xB3, 0xEF}, /* 筹 */
    {0x7B7B, 0xF3, 0xE0}, /* 筻 */
    {0x7B7E, 0xC7, 0xA9}, /* 签 */
    {0x7B80, 0xBC, 0xF2}, /* 简 */
    {0x7B85, 0xF3, 0xEB}, /* 箅 */
    {0x7B8D, 0xB9, 0xBF}, /* 箍 */
    {0x7B90, 0xF3, 0xE4}, /* 箐 */
    {0x7B94, 0xB2, 0xAD}, /* 箔 */
    {0x7B95, 0xBB, 0xFE}, /* 箕 */
    {0x7B97, 0xCB, 0xE3}, /* 算 */
    {0x7B9C, 0xF3, 0xED}, /* 箜 */
    {0x7B9D, 0xF3, 0xE9}, /* 箝 */
    {0x7BA1, 0xB9, 0xDC}, /* 管 */
    {0x7BA2, 0xF3, 0xEE}, /* 箢 */
    {0x7BA6, 0xF3, 0xE5}, /* 箦 */
    {0x7BA7, 0xF3, 0xE6}, /* 箧 */
    {0x7BA8, 0xF3, 0xEA}, /* 箨 */
    {0x7BA9, 0xC2, 0xE1}, /* 箩 */
    {0x7BAA, 0xF3, 0xEC}, /* 箪 */
    {0x7BAB, 0xF3, 0xEF}, /* 箫 */
    {0x7BAC, 0xF3, 0xE8}, /* 箬 */
    {0x7BAD, 0xBC, 0xFD}, /* 箭 */
    {0x7BB1, 0xCF, 0xE4}, /* 箱 */
    {0x7BB4, 0xF3, 0xF0}, /* 箴 */
    {0x7BB8, 0xF3, 0xE7}, /* 箸 */
    {0x7BC1, 0xF3, 0xF2}, /* 篁 */
    {0x7BC6, 0xD7, 0xAD}, /* 篆 */
    {0x7BC7, 0xC6, 0xAA}, /* 篇 */
    {0x7BCC, 0xF3, 0xF3}, /* 篌 */
    {0x7BD1, 0xF3, 0xF1}, /* 篑 */
    {0x7BD3, 0xC2, 0xA8}, /* 篓 */
    {0x7BD9, 0xB8, 0xDD}, /* 篙 */
    {0x7BDA, 0xF3, 0xF5}, /* 篚 */
    {0x7BDD, 0xF3, 0xF4}, /* 篝 */
    {0x7BE1, 0xB4, 0xDB}, /* 篡 */
    {0x7BE5, 0xF3, 0xF6}, /* 篥 */
    {0x7BE6, 0xF3, 0xF7}, /* 篦 */
    {0x7BEA, 0xF3, 0xF8}, /* 篪 */
    {0x7BEE, 0xC0, 0xBA}, /* 篮 */
    {0x7BF1, 0xC0, 0xE9}, /* 篱 */
    {0x7BF7, 0xC5, 0xF1}, /* 篷 */
    {0x7BFC, 0xF3, 0xFB}, /* 篼 */
    {0x7BFE, 0xF3, 0xFA}, /* 篾 */
    {0x7C07, 0xB4, 0xD8}, /* 簇 */
    {0x7C0B, 0xF3, 0xFE}, /* 簋 */
    {0x7C0C, 0xF3, 0xF9}, /* 簌 */
    {0x7C0F, 0xF3, 0xFC}, /* 簏 */
    {0x7C16, 0xF3, 0xFD}, /* 簖 */
    {0x7C1F, 0xF4, 0xA1}, /* 簟 */
    {0x7C26, 0xF4, 0xA3}, /* 簦 */
    {0x7C27, 0xBB, 0xC9}, /* 簧 */
    {0x7C2A, 0xF4, 0xA2}, /* 簪 */
    {0x7C38, 0xF4, 0xA4}, /* 簸 */
    {0x7C3F, 0xB2, 0xBE}, /* 簿 */
    {0x7C40, 0xF4, 0xA6}, /* 籀 */
    {0x7C41, 0xF4, 0xA5}, /* 籁 */
    {0x7C4D, 0xBC, 0xAE}, /* 籍 */
    {0x7C73, 0xC3, 0xD7}, /* 米 */
    {0x7C74, 0xD9, 0xE1}, /* 籴 */
    {0x7C7B, 0xC0, 0xE0}, /* 类 */
    {0x7C7C, 0xF4, 0xCC}, /* 籼 */
    {0x7C7D, 0xD7, 0xD1}, /* 籽 */
    {0x7C89, 0xB7, 0xDB}, /* 粉 */
    {0x7C91, 0xF4, 0xCE}, /* 粑 */
    {0x7C92, 0xC1, 0xA3}, /* 粒 */
    {0x7C95, 0xC6, 0xC9}, /* 粕 */
    {0x7C97, 0xB4, 0xD6}, /* 粗 */
    {0x7C98, 0xD5, 0xB3}, /* 粘 */
    {0x7C9C, 0xF4, 0xD0}, /* 粜 */
    {0x7C9D, 0xF4, 0xCF}, /* 粝 */
    {0x7C9E, 0xF4, 0xD1}, /* 粞 */
    {0x7C9F, 0xCB, 0xDA}, /* 粟 */
    {0x7CA2, 0xF4, 0xD2}, /* 粢 */
    {0x7CA4, 0xD4, 0xC1}, /* 粤 */
    {0x7CA5, 0xD6, 0xE0}, /* 粥 */
    {0x7CAA, 0xB7, 0xE0}, /* 粪 */
    {0x7CAE, 0xC1, 0xB8}, /* 粮 */
    {0x7CB1, 0xC1, 0xBB}, /* 粱 */
    {0x7CB2, 0xF4, 0xD3}, /* 粲 */
    {0x7CB3, 0xBE, 0xAC}, /* 粳 */
    {0x7CB9, 0xB4, 0xE2}, /* 粹 */
    {0x7CBC, 0xF4, 0xD4}, /* 粼 */
    {0x7CBD, 0xF4, 0xD5}, /* 粽 */
    {0x7CBE, 0xBE, 0xAB}, /* 精 */
    {0x7CC1, 0xF4, 0xD6}, /* 糁 */
    {0x7CC5, 0xF4, 0xDB}, /* 糅 */
    {0x7CC7, 0xF4, 0xD7}, /* 糇 */
    {0x7CC8, 0xF4, 0xDA}, /* 糈 */
    {0x7CCA, 0xBA, 0xFD}, /* 糊 */
    {0x7CCC, 0xF4, 0xD8}, /* 糌 */
    {0x7CCD, 0xF4, 0xD9}, /* 糍 */
    {0x7CD5, 0xB8, 0xE2}, /* 糕 */
    {0x7CD6, 0xCC, 0xC7}, /* 糖 */
    {0x7CD7, 0xF4, 0xDC}, /* 糗 */
    {0x7CD9, 0xB2, 0xDA}, /* 糙 */
    {0x7CDC, 0xC3, 0xD3}, /* 糜 */
    {0x7CDF, 0xD4, 0xE3}, /* 糟 */
    {0x7CE0, 0xBF, 0xB7}, /* 糠 */
    {0x7CE8, 0xF4, 0xDD}, /* 糨 */
    {0x7CEF, 0xC5, 0xB4}, /* 糯 */
    {0x7CF8, 0xF4, 0xE9}, /* 糸 */
    {0x7CFB, 0xCF, 0xB5}, /* 系 */
    {0x7D0A, 0xCE, 0xC9}, /* 紊 */
    {0x7D20, 0xCB, 0xD8}, /* 素 */
    {0x7D22, 0xCB, 0xF7}, /* 索 */
    {0x7D27, 0xBD, 0xF4}, /* 紧 */
    {0x7D2B, 0xD7, 0xCF}, /* 紫 */
    {0x7D2F, 0xC0, 0xDB}, /* 累 */
    {0x7D6E, 0xD0, 0xF5}, /* 絮 */
    {0x7D77, 0xF4, 0xEA}, /* 絷 */
    {0x7DA6, 0xF4, 0xEB}, /* 綦 */
    {0x7DAE, 0xF4, 0xEC}, /* 綮 */
    {0x7E3B, 0xF7, 0xE3}, /* 縻 */
    {0x7E41, 0xB7, 0xB1}, /* 繁 */
    {0x7E47, 0xF4, 0xED}, /* 繇 */
    {0x7E82, 0xD7, 0xEB}, /* 纂 */
    {0x7E9B, 0xF4, 0xEE}, /* 纛 */
    {0x7E9F, 0xE6, 0xF9}, /* 纟 */
    {0x7EA0, 0xBE, 0xC0}, /* 纠 */
    {0x7EA1, 0xE6, 0xFA}, /* 纡 */
    {0x7EA2, 0xBA, 0xEC}, /* 红 */
    {0x7EA3, 0xE6, 0xFB}, /* 纣 */
    {0x7EA4, 0xCF, 0xCB}, /* 纤 */
    {0x7EA5, 0xE6, 0xFC}, /* 纥 */
    {0x7EA6, 0xD4, 0xBC}, /* 约 */
    {0x7EA7, 0xBC, 0xB6}, /* 级 */
    {0x7EA8, 0xE6, 0xFD}, /* 纨 */
    {0x7EA9, 0xE6, 0xFE}, /* 纩 */
    {0x7EAA, 0xBC, 0xCD}, /* 纪 */
    {0x7EAB, 0xC8, 0xD2}, /* 纫 */
    {0x7EAC, 0xCE, 0xB3}, /* 纬 */
    {0x7EAD, 0xE7, 0xA1}, /* 纭 */
    {0x7EAF, 0xB4, 0xBF}, /* 纯 */
    {0x7EB0, 0xE7, 0xA2}, /* 纰 */
    {0x7EB1, 0xC9, 0xB4}, /* 纱 */
    {0x7EB2, 0xB8, 0xD9}, /* 纲 */
    {0x7EB3, 0xC4, 0xC9}, /* 纳 */
    {0x7EB5, 0xD7, 0xDD}, /* 纵 */
    {0x7EB6, 0xC2, 0xDA}, /* 纶 */
    {0x7EB7, 0xB7, 0xD7}, /* 纷 */
    {0x7EB8, 0xD6, 0xBD}, /* 纸 */
    {0x7EB9, 0xCE, 0xC6}, /* 纹 */
    {0x7EBA, 0xB7, 0xC4}, /* 纺 */
    {0x7EBD, 0xC5, 0xA6}, /* 纽 */
    {0x7EBE, 0xE7, 0xA3}, /* 纾 */
    {0x7EBF, 0xCF, 0xDF}, /* 线 */
    {0x7EC0, 0xE7, 0xA4}, /* 绀 */
    {0x7EC1, 0xE7, 0xA5}, /* 绁 */
    {0x7EC2, 0xE7, 0xA6}, /* 绂 */
    {0x7EC3, 0xC1, 0xB7}, /* 练 */
    {0x7EC4, 0xD7, 0xE9}, /* 组 */
    {0x7EC5, 0xC9, 0xF0}, /* 绅 */
    {0x7EC6, 0xCF, 0xB8}, /* 细 */
    {0x7EC7, 0xD6, 0xAF}, /* 织 */
    {0x7EC8, 0xD6, 0xD5}, /* 终 */
    {0x7EC9, 0xE7, 0xA7}, /* 绉 */
    {0x7ECA, 0xB0, 0xED}, /* 绊 */
    {0x7ECB, 0xE7, 0xA8}, /* 绋 */
    {0x7ECC, 0xE7, 0xA9}, /* 绌 */
    {0x7ECD, 0xC9, 0xDC}, /* 绍 */
    {0x7ECE, 0xD2, 0xEF}, /* 绎 */
    {0x7ECF, 0xBE, 0xAD}, /* 经 */
    {0x7ED0, 0xE7, 0xAA}, /* 绐 */
    {0x7ED1, 0xB0, 0xF3}, /* 绑 */
    {0x7ED2, 0xC8, 0xDE}, /* 绒 */
    {0x7ED3, 0xBD, 0xE1}, /* 结 */
    {0x7ED4, 0xE7, 0xAB}, /* 绔 */
    {0x7ED5, 0xC8, 0xC6}, /* 绕 */
    {0x7ED7, 0xE7, 0xAC}, /* 绗 */
    {0x7ED8, 0xBB, 0xE6}, /* 绘 */
    {0x7ED9, 0xB8, 0xF8}, /* 给 */
    {0x7EDA, 0xD1, 0xA4}, /* 绚 */
    {0x7EDB, 0xE7, 0xAD}, /* 绛 */
    {0x7EDC, 0xC2, 0xE7}, /* 络 */
    {0x7EDD, 0xBE, 0xF8}, /* 绝 */
    {0x7EDE, 0xBD, 0xCA}, /* 绞 */
    {0x7EDF, 0xCD, 0xB3}, /* 统 */
    {0x7EE0, 0xE7, 0xAE}, /* 绠 */
    {0x7EE1, 0xE7, 0xAF}, /* 绡 */
    {0x7EE2, 0xBE, 0xEE}, /* 绢 */
    {0x7EE3, 0xD0, 0xE5}, /* 绣 */
    {0x7EE5, 0xCB, 0xE7}, /* 绥 */
    {0x7EE6, 0xCC, 0xD0}, /* 绦 */
    {0x7EE7, 0xBC, 0xCC}, /* 继 */
    {0x7EE8, 0xE7, 0xB0}, /* 绨 */
    {0x7EE9, 0xBC, 0xA8}, /* 绩 */
    {0x7EEA, 0xD0, 0xF7}, /* 绪 */
    {0x7EEB, 0xE7, 0xB1}, /* 绫 */
    {0x7EED, 0xD0, 0xF8}, /* 续 */
    {0x7EEE, 0xE7, 0xB2}, /* 绮 */
    {0x7EEF, 0xE7, 0xB3}, /* 绯 */
    {0x7EF0, 0xB4, 0xC2}, /* 绰 */
    {0x7EF1, 0xE7, 0xB4}, /* 绱 */
    {0x7EF2, 0xE7, 0xB5}, /* 绲 */
    {0x7EF3, 0xC9, 0xFE}, /* 绳 */
    {0x7EF4, 0xCE, 0xAC}, /* 维 */
    {0x7EF5, 0xC3, 0xE0}, /* 绵 */
    {0x7EF6, 0xE7, 0xB7}, /* 绶 */
    {0x7EF7, 0xB1, 0xC1}, /* 绷 */
    {0x7EF8, 0xB3, 0xF1}, /* 绸 */
    {0x7EFA, 0xE7, 0xB8}, /* 绺 */
    {0x7EFB, 0xE7, 0xB9}, /* 绻 */
    {0x7EFC, 0xD7, 0xDB}, /* 综 */
    {0x7EFD, 0xD5, 0xC0}, /* 绽 */
    {0x7EFE, 0xE7, 0xBA}, /* 绾 */
    {0x7EFF, 0xC2, 0xCC}, /* 绿 */
    {0x7F00, 0xD7, 0xBA}, /* 缀 */
    {0x7F01, 0xE7, 0xBB}, /* 缁 */
    {0x7F02, 0xE7, 0xBC}, /* 缂 */
    {0x7F03, 0xE7, 0xBD}, /* 缃 */
    {0x7F04, 0xBC, 0xEA}, /* 缄 */
    {0x7F05, 0xC3, 0xE5}, /* 缅 */
    {0x7F06, 0xC0, 0xC2}, /* 缆 */
    {0x7F07, 0xE7, 0xBE}, /* 缇 */
    {0x7F08, 0xE7, 0xBF}, /* 缈 */
    {0x7F09, 0xBC, 0xA9}, /* 缉 */
    {0x7F0B, 0xE7, 0xC0}, /* 缋 */
    {0x7F0C, 0xE7, 0xC1}, /* 缌 */
    {0x7F0D, 0xE7, 0xB6}, /* 缍 */
    {0x7F0E, 0xB6, 0xD0}, /* 缎 */
    {0x7F0F, 0xE7, 0xC2}, /* 缏 */
    {0x7F11, 0xE7, 0xC3}, /* 缑 */
    {0x7F12, 0xE7, 0xC4}, /* 缒 */
    {0x7F13, 0xBB, 0xBA}, /* 缓 */
    {0x7F14, 0xB5, 0xDE}, /* 缔 */
    {0x7F15, 0xC2, 0xC6}, /* 缕 */
    {0x7F16, 0xB1, 0xE0}, /* 编 */
    {0x7F17, 0xE7, 0xC5}, /* 缗 */
    {0x7F18, 0xD4, 0xB5}, /* 缘 */
    {0x7F19, 0xE7, 0xC6}, /* 缙 */
    {0x7F1A, 0xB8, 0xBF}, /* 缚 */
    {0x7F1B, 0xE7, 0xC8}, /* 缛 */
    {0x7F1C, 0xE7, 0xC7}, /* 缜 */
    {0x7F1D, 0xB7, 0xEC}, /* 缝 */
    {0x7F1F, 0xE7, 0xC9}, /* 缟 */
    {0x7F20, 0xB2, 0xF8}, /* 缠 */
    {0x7F21, 0xE7, 0xCA}, /* 缡 */
    {0x7F22, 0xE7, 0xCB}, /* 缢 */
    {0x7F23, 0xE7, 0xCC}, /* 缣 */
    {0x7F24, 0xE7, 0xCD}, /* 缤 */
    {0x7F25, 0xE7, 0xCE}, /* 缥 */
    {0x7F26, 0xE7, 0xCF}, /* 缦 */
    {0x7F27, 0xE7, 0xD0}, /* 缧 */
    {0x7F28, 0xD3, 0xA7}, /* 缨 */
    {0x7F29, 0xCB, 0xF5}, /* 缩 */
    {0x7F2A, 0xE7, 0xD1}, /* 缪 */
    {0x7F2B, 0xE7, 0xD2}, /* 缫 */
    {0x7F2C, 0xE7, 0xD3}, /* 缬 */
    {0x7F2D, 0xE7, 0xD4}, /* 缭 */
    {0x7F2E, 0xC9, 0xC9}, /* 缮 */
    {0x7F2F, 0xE7, 0xD5}, /* 缯 */
    {0x7F30, 0xE7, 0xD6}, /* 缰 */
    {0x7F31, 0xE7, 0xD7}, /* 缱 */
    {0x7F32, 0xE7, 0xD8}, /* 缲 */
    {0x7F33, 0xE7, 0xD9}, /* 缳 */
    {0x7F34, 0xBD, 0xC9}, /* 缴 */
    {0x7F35, 0xE7, 0xDA}, /* 缵 */
    {0x7F36, 0xF3, 0xBE}, /* 缶 */
    {0x7F38, 0xB8, 0xD7}, /* 缸 */
    {0x7F3A, 0xC8, 0xB1}, /* 缺 */
    {0x7F42, 0xF3, 0xBF}, /* 罂 */
    {0x7F44, 0xF3, 0xC0}, /* 罄 */
    {0x7F45, 0xF3, 0xC1}, /* 罅 */
    {0x7F50, 0xB9, 0xDE}, /* 罐 */
    {0x7F51, 0xCD, 0xF8}, /* 网 */
    {0x7F54, 0xD8, 0xE8}, /* 罔 */
    {0x7F55, 0xBA, 0xB1}, /* 罕 */
    {0x7F57, 0xC2, 0xDE}, /* 罗 */
    {0x7F58, 0xEE, 0xB7}, /* 罘 */
    {0x7F5A, 0xB7, 0xA3}, /* 罚 */
    {0x7F5F, 0xEE, 0xB9}, /* 罟 */
    {0x7F61, 0xEE, 0xB8}, /* 罡 */
    {0x7F62, 0xB0, 0xD5}, /* 罢 */
    {0x7F68, 0xEE, 0xBB}, /* 罨 */
    {0x7F69, 0xD5, 0xD6}, /* 罩 */
    {0x7F6A, 0xD7, 0xEF}, /* 罪 */
    {0x7F6E, 0xD6, 0xC3}, /* 置 */
    {0x7F71, 0xEE, 0xBD}, /* 罱 */
    {0x7F72, 0xCA, 0xF0}, /* 署 */
    {0x7F74, 0xEE, 0xBC}, /* 罴 */
    {0x7F79, 0xEE, 0xBE}, /* 罹 */
    {0x7F7E, 0xEE, 0xC0}, /* 罾 */
    {0x7F81, 0xEE, 0xBF}, /* 羁 */
    {0x7F8A, 0xD1, 0xF2}, /* 羊 */
    {0x7F8C, 0xC7, 0xBC}, /* 羌 */
    {0x7F8E, 0xC3, 0xC0}, /* 美 */
    {0x7F94, 0xB8, 0xE1}, /* 羔 */
    {0x7F9A, 0xC1, 0xE7}, /* 羚 */
    {0x7F9D, 0xF4, 0xC6}, /* 羝 */
    {0x7F9E, 0xD0, 0xDF}, /* 羞 */
    {0x7F9F, 0xF4, 0xC7}, /* 羟 */
    {0x7FA1, 0xCF, 0xDB}, /* 羡 */
    {0x7FA4, 0xC8, 0xBA}, /* 群 */
    {0x7FA7, 0xF4, 0xC8}, /* 羧 */
    {0x7FAF, 0xF4, 0xC9}, /* 羯 */
    {0x7FB0, 0xF4, 0xCA}, /* 羰 */
    {0x7FB2, 0xF4, 0xCB}, /* 羲 */
    {0x7FB8, 0xD9, 0xFA}, /* 羸 */
    {0x7FB9, 0xB8, 0xFE}, /* 羹 */
    {0x7FBC, 0xE5, 0xF1}, /* 羼 */
    {0x7FBD, 0xD3, 0xF0}, /* 羽 */
    {0x7FBF, 0xF4, 0xE0}, /* 羿 */
    {0x7FC1, 0xCE, 0xCC}, /* 翁 */
    {0x7FC5, 0xB3, 0xE1}, /* 翅 */
    {0x7FCA, 0xF1, 0xB4}, /* 翊 */
    {0x7FCC, 0xD2, 0xEE}, /* 翌 */
    {0x7FCE, 0xF4, 0xE1}, /* 翎 */
    {0x7FD4, 0xCF, 0xE8}, /* 翔 */
    {0x7FD5, 0xF4, 0xE2}, /* 翕 */
    {0x7FD8, 0xC7, 0xCC}, /* 翘 */
    {0x7FDF, 0xB5, 0xD4}, /* 翟 */
    {0x7FE0, 0xB4, 0xE4}, /* 翠 */
    {0x7FE1, 0xF4, 0xE4}, /* 翡 */
    {0x7FE5, 0xF4, 0xE3}, /* 翥 */
    {0x7FE6, 0xF4, 0xE5}, /* 翦 */
    {0x7FE9, 0xF4, 0xE6}, /* 翩 */
    {0x7FEE, 0xF4, 0xE7}, /* 翮 */
    {0x7FF0, 0xBA, 0xB2}, /* 翰 */
    {0x7FF1, 0xB0, 0xBF}, /* 翱 */
    {0x7FF3, 0xF4, 0xE8}, /* 翳 */
    {0x7FFB, 0xB7, 0xAD}, /* 翻 */
    {0x7FFC, 0xD2, 0xED}, /* 翼 */
    {0x8000, 0xD2, 0xAB}, /* 耀 */
    {0x8001, 0xC0, 0xCF}, /* 老 */
    {0x8003, 0xBF, 0xBC}, /* 考 */
    {0x8004, 0xEB, 0xA3}, /* 耄 */
    {0x8005, 0xD5, 0xDF}, /* 者 */
    {0x8006, 0xEA, 0xC8}, /* 耆 */
    {0x800B, 0xF1, 0xF3}, /* 耋 */
    {0x800C, 0xB6, 0xF8}, /* 而 */
    {0x800D, 0xCB, 0xA3}, /* 耍 */
    {0x8010, 0xC4, 0xCD}, /* 耐 */
    {0x8012, 0xF1, 0xE7}, /* 耒 */
    {0x8014, 0xF1, 0xE8}, /* 耔 */
    {0x8015, 0xB8, 0xFB}, /* 耕 */
    {0x8016, 0xF1, 0xE9}, /* 耖 */
    {0x8017, 0xBA, 0xC4}, /* 耗 */
    {0x8018, 0xD4, 0xC5}, /* 耘 */
    {0x8019, 0xB0, 0xD2}, /* 耙 */
    {0x801C, 0xF1, 0xEA}, /* 耜 */
    {0x8020, 0xF1, 0xEB}, /* 耠 */
    {0x8022, 0xF1, 0xEC}, /* 耢 */
    {0x8025, 0xF1, 0xED}, /* 耥 */
    {0x8026, 0xF1, 0xEE}, /* 耦 */
    {0x8027, 0xF1, 0xEF}, /* 耧 */
    {0x8028, 0xF1, 0xF1}, /* 耨 */
    {0x8029, 0xF1, 0xF0}, /* 耩 */
    {0x802A, 0xC5, 0xD5}, /* 耪 */
    {0x8031, 0xF1, 0xF2}, /* 耱 */
    {0x8033, 0xB6, 0xFA}, /* 耳 */
    {0x8035, 0xF1, 0xF4}, /* 耵 */
    {0x8036, 0xD2, 0xAE}, /* 耶 */
    {0x8037, 0xDE, 0xC7}, /* 耷 */
    {0x8038, 0xCB, 0xCA}, /* 耸 */
    {0x803B, 0xB3, 0xDC}, /* 耻 */
    {0x803D, 0xB5, 0xA2}, /* 耽 */
    {0x803F, 0xB9, 0xA2}, /* 耿 */
    {0x8042, 0xC4, 0xF4}, /* 聂 */
    {0x8043, 0xF1, 0xF5}, /* 聃 */
    {0x8046, 0xF1, 0xF6}, /* 聆 */
    {0x804A, 0xC1, 0xC4}, /* 聊 */
    {0x804B, 0xC1, 0xFB}, /* 聋 */
    {0x804C, 0xD6, 0xB0}, /* 职 */
    {0x804D, 0xF1, 0xF7}, /* 聍 */
    {0x8052, 0xF1, 0xF8}, /* 聒 */
    {0x8054, 0xC1, 0xAA}, /* 联 */
    {0x8058, 0xC6, 0xB8}, /* 聘 */
    {0x805A, 0xBE, 0xDB}, /* 聚 */
    {0x8069, 0xF1, 0xF9}, /* 聩 */
    {0x806A, 0xB4, 0xCF}, /* 聪 */
    {0x8071, 0xF1, 0xFA}, /* 聱 */
    {0x807F, 0xED, 0xB2}, /* 聿 */
    {0x8080, 0xED, 0xB1}, /* 肀 */
    {0x8083, 0xCB, 0xE0}, /* 肃 */
    {0x8084, 0xD2, 0xDE}, /* 肄 */
    {0x8086, 0xCB, 0xC1}, /* 肆 */
    {0x8087, 0xD5, 0xD8}, /* 肇 */
    {0x8089, 0xC8, 0xE2}, /* 肉 */
    {0x808B, 0xC0, 0xDF}, /* 肋 */
    {0x808C, 0xBC, 0xA1}, /* 肌 */
    {0x8093, 0xEB, 0xC1}, /* 肓 */
    {0x8096, 0xD0, 0xA4}, /* 肖 */
    {0x8098, 0xD6, 0xE2}, /* 肘 */
    {0x809A, 0xB6, 0xC7}, /* 肚 */
    {0x809B, 0xB8, 0xD8}, /* 肛 */
    {0x809C, 0xEB, 0xC0}, /* 肜 */
    {0x809D, 0xB8, 0xCE}, /* 肝 */
    {0x809F, 0xEB, 0xBF}, /* 肟 */
    {0x80A0, 0xB3, 0xA6}, /* 肠 */
    {0x80A1, 0xB9, 0xC9}, /* 股 */
    {0x80A2, 0xD6, 0xAB}, /* 肢 */
    {0x80A4, 0xB7, 0xF4}, /* 肤 */
    {0x80A5, 0xB7, 0xCA}, /* 肥 */
    {0x80A9, 0xBC, 0xE7}, /* 肩 */
    {0x80AA, 0xB7, 0xBE}, /* 肪 */
    {0x80AB, 0xEB, 0xC6}, /* 肫 */
    {0x80AD, 0xEB, 0xC7}, /* 肭 */
    {0x80AE, 0xB0, 0xB9}, /* 肮 */
    {0x80AF, 0xBF, 0xCF}, /* 肯 */
    {0x80B1, 0xEB, 0xC5}, /* 肱 */
    {0x80B2, 0xD3, 0xFD}, /* 育 */
    {0x80B4, 0xEB, 0xC8}, /* 肴 */
    {0x80B7, 0xEB, 0xC9}, /* 肷 */
    {0x80BA, 0xB7, 0xCE}, /* 肺 */
    {0x80BC, 0xEB, 0xC2}, /* 肼 */
    {0x80BD, 0xEB, 0xC4}, /* 肽 */
    {0x80BE, 0xC9, 0xF6}, /* 肾 */
    {0x80BF, 0xD6, 0xD7}, /* 肿 */
    {0x80C0, 0xD5, 0xCD}, /* 胀 */
    {0x80C1, 0xD0, 0xB2}, /* 胁 */
    {0x80C2, 0xEB, 0xCF}, /* 胂 */
    {0x80C3, 0xCE, 0xB8}, /* 胃 */
    {0x80C4, 0xEB, 0xD0}, /* 胄 */
    {0x80C6, 0xB5, 0xA8}, /* 胆 */
    {0x80CC, 0xB1, 0xB3}, /* 背 */
    {0x80CD, 0xEB, 0xD2}, /* 胍 */
    {0x80CE, 0xCC, 0xA5}, /* 胎 */
    {0x80D6, 0xC5, 0xD6}, /* 胖 */
    {0x80D7, 0xEB, 0xD3}, /* 胗 */
    {0x80D9, 0xEB, 0xD1}, /* 胙 */
    {0x80DA, 0xC5, 0xDF}, /* 胚 */
    {0x80DB, 0xEB, 0xCE}, /* 胛 */
    {0x80DC, 0xCA, 0xA4}, /* 胜 */
    {0x80DD, 0xEB, 0xD5}, /* 胝 */
    {0x80DE, 0xB0, 0xFB}, /* 胞 */
    {0x80E1, 0xBA, 0xFA}, /* 胡 */
    {0x80E4, 0xD8, 0xB7}, /* 胤 */
    {0x80E5, 0xF1, 0xE3}, /* 胥 */
    {0x80E7, 0xEB, 0xCA}, /* 胧 */
    {0x80E8, 0xEB, 0xCB}, /* 胨 */
    {0x80E9, 0xEB, 0xCC}, /* 胩 */
    {0x80EA, 0xEB, 0xCD}, /* 胪 */
    {0x80EB, 0xEB, 0xD6}, /* 胫 */
    {0x80EC, 0xE6, 0xC0}, /* 胬 */
    {0x80ED, 0xEB, 0xD9}, /* 胭 */
    {0x80EF, 0xBF, 0xE8}, /* 胯 */
    {0x80F0, 0xD2, 0xC8}, /* 胰 */
    {0x80F1, 0xEB, 0xD7}, /* 胱 */
    {0x80F2, 0xEB, 0xDC}, /* 胲 */
    {0x80F3, 0xB8, 0xEC}, /* 胳 */
    {0x80F4, 0xEB, 0xD8}, /* 胴 */
    {0x80F6, 0xBD, 0xBA}, /* 胶 */
    {0x80F8, 0xD0, 0xD8}, /* 胸 */
    {0x80FA, 0xB0, 0xB7}, /* 胺 */
    {0x80FC, 0xEB, 0xDD}, /* 胼 */
    {0x80FD, 0xC4, 0xDC}, /* 能 */
    {0x8102, 0xD6, 0xAC}, /* 脂 */
    {0x8106, 0xB4, 0xE0}, /* 脆 */
    {0x8109, 0xC2, 0xF6}, /* 脉 */
    {0x810A, 0xBC, 0xB9}, /* 脊 */
    {0x810D, 0xEB, 0xDA}, /* 脍 */
    {0x810E, 0xEB, 0xDB}, /* 脎 */
    {0x810F, 0xD4, 0xE0}, /* 脏 */
    {0x8110, 0xC6, 0xEA}, /* 脐 */
    {0x8111, 0xC4, 0xD4}, /* 脑 */
    {0x8112, 0xEB, 0xDF}, /* 脒 */
    {0x8113, 0xC5, 0xA7}, /* 脓 */
    {0x8114, 0xD9, 0xF5}, /* 脔 */
    {0x8116, 0xB2, 0xB1}, /* 脖 */
    {0x8118, 0xEB, 0xE4}, /* 脘 */
    {0x811A, 0xBD, 0xC5}, /* 脚 */
    {0x811E, 0xEB, 0xE2}, /* 脞 */
    {0x812C, 0xEB, 0xE3}, /* 脬 */
    {0x812F, 0xB8, 0xAC}, /* 脯 */
    {0x8131, 0xCD, 0xD1}, /* 脱 */
    {0x8132, 0xEB, 0xE5}, /* 脲 */
    {0x8136, 0xEB, 0xE1}, /* 脶 */
    {0x8138, 0xC1, 0xB3}, /* 脸 */
    {0x813E, 0xC6, 0xA2}, /* 脾 */
    {0x8146, 0xCC, 0xF3}, /* 腆 */
    {0x8148, 0xEB, 0xE6}, /* 腈 */
    {0x814A, 0xC0, 0xB0}, /* 腊 */
    {0x814B, 0xD2, 0xB8}, /* 腋 */
    {0x814C, 0xEB, 0xE7}, /* 腌 */
    {0x8150, 0xB8, 0xAF}, /* 腐 */
    {0x8151, 0xB8, 0xAD}, /* 腑 */
    {0x8153, 0xEB, 0xE8}, /* 腓 */
    {0x8154, 0xC7, 0xBB}, /* 腔 */
    {0x8155, 0xCD, 0xF3}, /* 腕 */
    {0x8159, 0xEB, 0xEA}, /* 腙 */
    {0x815A, 0xEB, 0xEB}, /* 腚 */
    {0x8160, 0xEB, 0xED}, /* 腠 */
    {0x8165, 0xD0, 0xC8}, /* 腥 */
    {0x8167, 0xEB, 0xF2}, /* 腧 */
    {0x8169, 0xEB, 0xEE}, /* 腩 */
    {0x816D, 0xEB, 0xF1}, /* 腭 */
    {0x816E, 0xC8, 0xF9}, /* 腮 */
    {0x8170, 0xD1, 0xFC}, /* 腰 */
    {0x8171, 0xEB, 0xEC}, /* 腱 */
    {0x8174, 0xEB, 0xE9}, /* 腴 */
    {0x8179, 0xB8, 0xB9}, /* 腹 */
    {0x817A, 0xCF, 0xD9}, /* 腺 */
    {0x817B, 0xC4, 0xE5}, /* 腻 */
    {0x817C, 0xEB, 0xEF}, /* 腼 */
    {0x817D, 0xEB, 0xF0}, /* 腽 */
    {0x817E, 0xCC, 0xDA}, /* 腾 */
    {0x817F, 0xCD, 0xC8}, /* 腿 */
    {0x8180, 0xB0, 0xF2}, /* 膀 */
    {0x8182, 0xEB, 0xF6}, /* 膂 */
    {0x8188, 0xEB, 0xF5}, /* 膈 */
    {0x818A, 0xB2, 0xB2}, /* 膊 */
    {0x818F, 0xB8, 0xE0}, /* 膏 */
    {0x8191, 0xEB, 0xF7}, /* 膑 */
    {0x8198, 0xB1, 0xEC}, /* 膘 */
    {0x819B, 0xCC, 0xC5}, /* 膛 */
    {0x819C, 0xC4, 0xA4}, /* 膜 */
    {0x819D, 0xCF, 0xA5}, /* 膝 */
    {0x81A3, 0xEB, 0xF9}, /* 膣 */
    {0x81A6, 0xEC, 0xA2}, /* 膦 */
    {0x81A8, 0xC5, 0xF2}, /* 膨 */
    {0x81AA, 0xEB, 0xFA}, /* 膪 */
    {0x81B3, 0xC9, 0xC5}, /* 膳 */
    {0x81BA, 0xE2, 0xDF}, /* 膺 */
    {0x81BB, 0xEB, 0xFE}, /* 膻 */
    {0x81C0, 0xCD, 0xCE}, /* 臀 */
    {0x81C1, 0xEC, 0xA1}, /* 臁 */
    {0x81C2, 0xB1, 0xDB}, /* 臂 */
    {0x81C3, 0xD3, 0xB7}, /* 臃 */
    {0x81C6, 0xD2, 0xDC}, /* 臆 */
    {0x81CA, 0xEB, 0xFD}, /* 臊 */
    {0x81CC, 0xEB, 0xFB}, /* 臌 */
    {0x81E3, 0xB3, 0xBC}, /* 臣 */
    {0x81E7, 0xEA, 0xB0}, /* 臧 */
    {0x81EA, 0xD7, 0xD4}, /* 自 */
    {0x81EC, 0xF4, 0xAB}, /* 臬 */
    {0x81ED, 0xB3, 0xF4}, /* 臭 */
    {0x81F3, 0xD6, 0xC1}, /* 至 */
    {0x81F4, 0xD6, 0xC2}, /* 致 */
    {0x81FB, 0xD5, 0xE9}, /* 臻 */
    {0x81FC, 0xBE, 0xCA}, /* 臼 */
    {0x81FE, 0xF4, 0xA7}, /* 臾 */
    {0x8200, 0xD2, 0xA8}, /* 舀 */
    {0x8201, 0xF4, 0xA8}, /* 舁 */
    {0x8202, 0xF4, 0xA9}, /* 舂 */
    {0x8204, 0xF4, 0xAA}, /* 舄 */
    {0x8205, 0xBE, 0xCB}, /* 舅 */
    {0x8206, 0xD3, 0xDF}, /* 舆 */
    {0x820C, 0xC9, 0xE0}, /* 舌 */
    {0x820D, 0xC9, 0xE1}, /* 舍 */
    {0x8210, 0xF3, 0xC2}, /* 舐 */
    {0x8212, 0xCA, 0xE6}, /* 舒 */
    {0x8214, 0xCC, 0xF2}, /* 舔 */
    {0x821B, 0xE2, 0xB6}, /* 舛 */
    {0x821C, 0xCB, 0xB4}, /* 舜 */
    {0x821E, 0xCE, 0xE8}, /* 舞 */
    {0x821F, 0xD6, 0xDB}, /* 舟 */
    {0x8221, 0xF4, 0xAD}, /* 舡 */
    {0x8222, 0xF4, 0xAE}, /* 舢 */
    {0x8223, 0xF4, 0xAF}, /* 舣 */
    {0x8228, 0xF4, 0xB2}, /* 舨 */
    {0x822A, 0xBA, 0xBD}, /* 航 */
    {0x822B, 0xF4, 0xB3}, /* 舫 */
    {0x822C, 0xB0, 0xE3}, /* 般 */
    {0x822D, 0xF4, 0xB0}, /* 舭 */
    {0x822F, 0xF4, 0xB1}, /* 舯 */
    {0x8230, 0xBD, 0xA2}, /* 舰 */
    {0x8231, 0xB2, 0xD5}, /* 舱 */
    {0x8233, 0xF4, 0xB6}, /* 舳 */
    {0x8234, 0xF4, 0xB7}, /* 舴 */
    {0x8235, 0xB6, 0xE6}, /* 舵 */
    {0x8236, 0xB2, 0xB0}, /* 舶 */
    {0x8237, 0xCF, 0xCF}, /* 舷 */
    {0x8238, 0xF4, 0xB4}, /* 舸 */
    {0x8239, 0xB4, 0xAC}, /* 船 */
    {0x823B, 0xF4, 0xB5}, /* 舻 */
    {0x823E, 0xF4, 0xB8}, /* 舾 */
    {0x8244, 0xF4, 0xB9}, /* 艄 */
    {0x8247, 0xCD, 0xA7}, /* 艇 */
    {0x8249, 0xF4, 0xBA}, /* 艉 */
    {0x824B, 0xF4, 0xBB}, /* 艋 */
    {0x824F, 0xF4, 0xBC}, /* 艏 */
    {0x8258, 0xCB, 0xD2}, /* 艘 */
    {0x825A, 0xF4, 0xBD}, /* 艚 */
    {0x825F, 0xF4, 0xBE}, /* 艟 */
    {0x8268, 0xF4, 0xBF}, /* 艨 */
    {0x826E, 0xF4, 0xDE}, /* 艮 */
    {0x826F, 0xC1, 0xBC}, /* 良 */
    {0x8270, 0xBC, 0xE8}, /* 艰 */
    {0x8272, 0xC9, 0xAB}, /* 色 */
    {0x8273, 0xD1, 0xDE}, /* 艳 */
    {0x8274, 0xE5, 0xF5}, /* 艴 */
    {0x8279, 0xDC, 0xB3}, /* 艹 */
    {0x827A, 0xD2, 0xD5}, /* 艺 */
    {0x827D, 0xDC, 0xB4}, /* 艽 */
    {0x827E, 0xB0, 0xAC}, /* 艾 */
    {0x827F, 0xDC, 0xB5}, /* 艿 */
    {0x8282, 0xBD, 0xDA}, /* 节 */
    {0x8284, 0xDC, 0xB9}, /* 芄 */
    {0x8288, 0xD8, 0xC2}, /* 芈 */
    {0x828A, 0xDC, 0xB7}, /* 芊 */
    {0x828B, 0xD3, 0xF3}, /* 芋 */
    {0x828D, 0xC9, 0xD6}, /* 芍 */
    {0x828E, 0xDC, 0xBA}, /* 芎 */
    {0x828F, 0xDC, 0xB6}, /* 芏 */
    {0x8291, 0xDC, 0xBB}, /* 芑 */
    {0x8292, 0xC3, 0xA2}, /* 芒 */
    {0x8297, 0xDC, 0xBC}, /* 芗 */
    {0x8298, 0xDC, 0xC5}, /* 芘 */
    {0x8299, 0xDC, 0xBD}, /* 芙 */
    {0x829C, 0xCE, 0xDF}, /* 芜 */
    {0x829D, 0xD6, 0xA5}, /* 芝 */
    {0x829F, 0xDC, 0xCF}, /* 芟 */
    {0x82A1, 0xDC, 0xCD}, /* 芡 */
    {0x82A4, 0xDC, 0xD2}, /* 芤 */
    {0x82A5, 0xBD, 0xE6}, /* 芥 */
    {0x82A6, 0xC2, 0xAB}, /* 芦 */
    {0x82A8, 0xDC, 0xB8}, /* 芨 */
    {0x82A9, 0xDC, 0xCB}, /* 芩 */
    {0x82AA, 0xDC, 0xCE}, /* 芪 */
    {0x82AB, 0xDC, 0xBE}, /* 芫 */
    {0x82AC, 0xB7, 0xD2}, /* 芬 */
    {0x82AD, 0xB0, 0xC5}, /* 芭 */
    {0x82AE, 0xDC, 0xC7}, /* 芮 */
    {0x82AF, 0xD0, 0xBE}, /* 芯 */
    {0x82B0, 0xDC, 0xC1}, /* 芰 */
    {0x82B1, 0xBB, 0xA8}, /* 花 */
    {0x82B3, 0xB7, 0xBC}, /* 芳 */
    {0x82B4, 0xDC, 0xCC}, /* 芴 */
    {0x82B7, 0xDC, 0xC6}, /* 芷 */
    {0x82B8, 0xDC, 0xBF}, /* 芸 */
    {0x82B9, 0xC7, 0xDB}, /* 芹 */
    {0x82BD, 0xD1, 0xBF}, /* 芽 */
    {0x82BE, 0xDC, 0xC0}, /* 芾 */
    {0x82C1, 0xDC, 0xCA}, /* 苁 */
    {0x82C4, 0xDC, 0xD0}, /* 苄 */
    {0x82C7, 0xCE, 0xAD}, /* 苇 */
    {0x82C8, 0xDC, 0xC2}, /* 苈 */
    {0x82CA, 0xDC, 0xC3}, /* 苊 */
    {0x82CB, 0xDC, 0xC8}, /* 苋 */
    {0x82CC, 0xDC, 0xC9}, /* 苌 */
    {0x82CD, 0xB2, 0xD4}, /* 苍 */
    {0x82CE, 0xDC, 0xD1}, /* 苎 */
    {0x82CF, 0xCB, 0xD5}, /* 苏 */
    {0x82D1, 0xD4, 0xB7}, /* 苑 */
    {0x82D2, 0xDC, 0xDB}, /* 苒 */
    {0x82D3, 0xDC, 0xDF}, /* 苓 */
    {0x82D4, 0xCC, 0xA6}, /* 苔 */
    {0x82D5, 0xDC, 0xE6}, /* 苕 */
    {0x82D7, 0xC3, 0xE7}, /* 苗 */
    {0x82D8, 0xDC, 0xDC}, /* 苘 */
    {0x82DB, 0xBF, 0xC1}, /* 苛 */
    {0x82DC, 0xDC, 0xD9}, /* 苜 */
    {0x82DE, 0xB0, 0xFA}, /* 苞 */
    {0x82DF, 0xB9, 0xB6}, /* 苟 */
    {0x82E0, 0xDC, 0xE5}, /* 苠 */
    {0x82E1, 0xDC, 0xD3}, /* 苡 */
    {0x82E3, 0xDC, 0xC4}, /* 苣 */
    {0x82E4, 0xDC, 0xD6}, /* 苤 */
    {0x82E5, 0xC8, 0xF4}, /* 若 */
    {0x82E6, 0xBF, 0xE0}, /* 苦 */
    {0x82EB, 0xC9, 0xBB}, /* 苫 */
    {0x82EF, 0xB1, 0xBD}, /* 苯 */
    {0x82F1, 0xD3, 0xA2}, /* 英 */
    {0x82F4, 0xDC, 0xDA}, /* 苴 */
    {0x82F7, 0xDC, 0xD5}, /* 苷 */
    {0x82F9, 0xC6, 0xBB}, /* 苹 */
    {0x82FB, 0xDC, 0xDE}, /* 苻 */
    {0x8301, 0xD7, 0xC2}, /* 茁 */
    {0x8302, 0xC3, 0xAF}, /* 茂 */
    {0x8303, 0xB7, 0xB6}, /* 范 */
    {0x8304, 0xC7, 0xD1}, /* 茄 */
    {0x8305, 0xC3, 0xA9}, /* 茅 */
    {0x8306, 0xDC, 0xE2}, /* 茆 */
    {0x8307, 0xDC, 0xD8}, /* 茇 */
    {0x8308, 0xDC, 0xEB}, /* 茈 */
    {0x8309, 0xDC, 0xD4}, /* 茉 */
    {0x830C, 0xDC, 0xDD}, /* 茌 */
    {0x830E, 0xBE, 0xA5}, /* 茎 */
    {0x830F, 0xDC, 0xD7}, /* 茏 */
    {0x8311, 0xDC, 0xE0}, /* 茑 */
    {0x8314, 0xDC, 0xE3}, /* 茔 */
    {0x8315, 0xDC, 0xE4}, /* 茕 */
    {0x8317, 0xDC, 0xF8}, /* 茗 */
    {0x831A, 0xDC, 0xE1}, /* 茚 */
    {0x831B, 0xDD, 0xA2}, /* 茛 */
    {0x831C, 0xDC, 0xE7}, /* 茜 */
    {0x8327, 0xBC, 0xEB}, /* 茧 */
    {0x8328, 0xB4, 0xC4}, /* 茨 */
    {0x832B, 0xC3, 0xA3}, /* 茫 */
    {0x832C, 0xB2, 0xE7}, /* 茬 */
    {0x832D, 0xDC, 0xFA}, /* 茭 */
    {0x832F, 0xDC, 0xF2}, /* 茯 */
    {0x8331, 0xDC, 0xEF}, /* 茱 */
    {0x8333, 0xDC, 0xFC}, /* 茳 */
    {0x8334, 0xDC, 0xEE}, /* 茴 */
    {0x8335, 0xD2, 0xF0}, /* 茵 */
    {0x8336, 0xB2, 0xE8}, /* 茶 */
    {0x8338, 0xC8, 0xD7}, /* 茸 */
    {0x8339, 0xC8, 0xE3}, /* 茹 */
    {0x833A, 0xDC, 0xFB}, /* 茺 */
    {0x833C, 0xDC, 0xED}, /* 茼 */
    {0x8340, 0xDC, 0xF7}, /* 荀 */
    {0x8343, 0xDC, 0xF5}, /* 荃 */
    {0x8346, 0xBE, 0xA3}, /* 荆 */
    {0x8347, 0xDC, 0xF4}, /* 荇 */
    {0x8349, 0xB2, 0xDD}, /* 草 */
    {0x834F, 0xDC, 0xF3}, /* 荏 */
    {0x8350, 0xBC, 0xF6}, /* 荐 */
    {0x8351, 0xDC, 0xE8}, /* 荑 */
    {0x8352, 0xBB, 0xC4}, /* 荒 */
    {0x8354, 0xC0, 0xF3}, /* 荔 */
    {0x835A, 0xBC, 0xD4}, /* 荚 */
    {0x835B, 0xDC, 0xE9}, /* 荛 */
    {0x835C, 0xDC, 0xEA}, /* 荜 */
    {0x835E, 0xDC, 0xF1}, /* 荞 */
    {0x835F, 0xDC, 0xF6}, /* 荟 */
    {0x8360, 0xDC, 0xF9}, /* 荠 */
    {0x8361, 0xB5, 0xB4}, /* 荡 */
    {0x8363, 0xC8, 0xD9}, /* 荣 */
    {0x8364, 0xBB, 0xE7}, /* 荤 */
    {0x8365, 0xDC, 0xFE}, /* 荥 */
    {0x8366, 0xDC, 0xFD}, /* 荦 */
    {0x8367, 0xD3, 0xAB}, /* 荧 */
    {0x8368, 0xDD, 0xA1}, /* 荨 */
    {0x8369, 0xDD, 0xA3}, /* 荩 */
    {0x836A, 0xDD, 0xA5}, /* 荪 */
    {0x836B, 0xD2, 0xF1}, /* 荫 */
    {0x836C, 0xDD, 0xA4}, /* 荬 */
    {0x836D, 0xDD, 0xA6}, /* 荭 */
    {0x836E, 0xDD, 0xA7}, /* 荮 */
    {0x836F, 0xD2, 0xA9}, /* 药 */
    {0x8377, 0xBA, 0xC9}, /* 荷 */
    {0x8378, 0xDD, 0xA9}, /* 荸 */
    {0x837B, 0xDD, 0xB6}, /* 荻 */
    {0x837C, 0xDD, 0xB1}, /* 荼 */
    {0x837D, 0xDD, 0xB4}, /* 荽 */
    {0x8385, 0xDD, 0xB0}, /* 莅 */
    {0x8386, 0xC6, 0xCE}, /* 莆 */
    {0x8389, 0xC0, 0xF2}, /* 莉 */
    {0x838E, 0xC9, 0xAF}, /* 莎 */
    {0x8392, 0xDC, 0xEC}, /* 莒 */
    {0x8393, 0xDD, 0xAE}, /* 莓 */
    {0x8398, 0xDD, 0xB7}, /* 莘 */
    {0x839B, 0xDC, 0xF0}, /* 莛 */
    {0x839C, 0xDD, 0xAF}, /* 莜 */
    {0x839E, 0xDD, 0xB8}, /* 莞 */
    {0x83A0, 0xDD, 0xAC}, /* 莠 */
    {0x83A8, 0xDD, 0xB9}, /* 莨 */
    {0x83A9, 0xDD, 0xB3}, /* 莩 */
    {0x83AA, 0xDD, 0xAD}, /* 莪 */
    {0x83AB, 0xC4, 0xAA}, /* 莫 */
    {0x83B0, 0xDD, 0xA8}, /* 莰 */
    {0x83B1, 0xC0, 0xB3}, /* 莱 */
    {0x83B2, 0xC1, 0xAB}, /* 莲 */
    {0x83B3, 0xDD, 0xAA}, /* 莳 */
    {0x83B4, 0xDD, 0xAB}, /* 莴 */
    {0x83B6, 0xDD, 0xB2}, /* 莶 */
    {0x83B7, 0xBB, 0xF1}, /* 获 */
    {0x83B8, 0xDD, 0xB5}, /* 莸 */
    {0x83B9, 0xD3, 0xA8}, /* 莹 */
    {0x83BA, 0xDD, 0xBA}, /* 莺 */
    {0x83BC, 0xDD, 0xBB}, /* 莼 */
    {0x83BD, 0xC3, 0xA7}, /* 莽 */
    {0x83C0, 0xDD, 0xD2}, /* 菀 */
    {0x83C1, 0xDD, 0xBC}, /* 菁 */
    {0x83C5, 0xDD, 0xD1}, /* 菅 */
    {0x83C7, 0xB9, 0xBD}, /* 菇 */
    {0x83CA, 0xBE, 0xD5}, /* 菊 */
    {0x83CC, 0xBE, 0xFA}, /* 菌 */
    {0x83CF, 0xBA, 0xCA}, /* 菏 */
    {0x83D4, 0xDD, 0xCA}, /* 菔 */
    {0x83D6, 0xDD, 0xC5}, /* 菖 */
    {0x83D8, 0xDD, 0xBF}, /* 菘 */
    {0x83DC, 0xB2, 0xCB}, /* 菜 */
    {0x83DD, 0xDD, 0xC3}, /* 菝 */
    {0x83DF, 0xDD, 0xCB}, /* 菟 */
    {0x83E0, 0xB2, 0xA4}, /* 菠 */
    {0x83E1, 0xDD, 0xD5}, /* 菡 */
    {0x83E5, 0xDD, 0xBE}, /* 菥 */
    {0x83E9, 0xC6, 0xD0}, /* 菩 */
    {0x83EA, 0xDD, 0xD0}, /* 菪 */
    {0x83F0, 0xDD, 0xD4}, /* 菰 */
    {0x83F1, 0xC1, 0xE2}, /* 菱 */
    {0x83F2, 0xB7, 0xC6}, /* 菲 */
    {0x83F8, 0xDD, 0xCE}, /* 菸 */
    {0x83F9, 0xDD, 0xCF}, /* 菹 */
    {0x83FD, 0xDD, 0xC4}, /* 菽 */
    {0x8401, 0xDD, 0xBD}, /* 萁 */
    {0x8403, 0xDD, 0xCD}, /* 萃 */
    {0x8404, 0xCC, 0xD1}, /* 萄 */
    {0x8406, 0xDD, 0xC9}, /* 萆 */
    {0x840B, 0xDD, 0xC2}, /* 萋 */
    {0x840C, 0xC3, 0xC8}, /* 萌 */
    {0x840D, 0xC6, 0xBC}, /* 萍 */
    {0x840E, 0xCE, 0xAE}, /* 萎 */
    {0x840F, 0xDD, 0xCC}, /* 萏 */
    {0x8411, 0xDD, 0xC8}, /* 萑 */
    {0x8418, 0xDD, 0xC1}, /* 萘 */
    {0x841C, 0xDD, 0xC6}, /* 萜 */
    {0x841D, 0xC2, 0xDC}, /* 萝 */
    {0x8424, 0xD3, 0xA9}, /* 萤 */
    {0x8425, 0xD3, 0xAA}, /* 营 */
    {0x8426, 0xDD, 0xD3}, /* 萦 */
    {0x8427, 0xCF, 0xF4}, /* 萧 */
    {0x8428, 0xC8, 0xF8}, /* 萨 */
    {0x8431, 0xDD, 0xE6}, /* 萱 */
    {0x8438, 0xDD, 0xC7}, /* 萸 */
    {0x843C, 0xDD, 0xE0}, /* 萼 */
    {0x843D, 0xC2, 0xE4}, /* 落 */
    {0x8446, 0xDD, 0xE1}, /* 葆 */
    {0x8451, 0xDD, 0xD7}, /* 葑 */
    {0x8457, 0xD6, 0xF8}, /* 著 */
    {0x8459, 0xDD, 0xD9}, /* 葙 */
    {0x845A, 0xDD, 0xD8}, /* 葚 */
    {0x845B, 0xB8, 0xF0}, /* 葛 */
    {0x845C, 0xDD, 0xD6}, /* 葜 */
    {0x8461, 0xC6, 0xCF}, /* 葡 */
    {0x8463, 0xB6, 0xAD}, /* 董 */
    {0x8469, 0xDD, 0xE2}, /* 葩 */
    {0x846B, 0xBA, 0xF9}, /* 葫 */
    {0x846C, 0xD4, 0xE1}, /* 葬 */
    {0x846D, 0xDD, 0xE7}, /* 葭 */
    {0x8471, 0xB4, 0xD0}, /* 葱 */
    {0x8473, 0xDD, 0xDA}, /* 葳 */
    {0x8475, 0xBF, 0xFB}, /* 葵 */
    {0x8476, 0xDD, 0xE3}, /* 葶 */
    {0x8478, 0xDD, 0xDF}, /* 葸 */
    {0x847A, 0xDD, 0xDD}, /* 葺 */
    {0x8482, 0xB5, 0xD9}, /* 蒂 */
    {0x8487, 0xDD, 0xDB}, /* 蒇 */
    {0x8488, 0xDD, 0xDC}, /* 蒈 */
    {0x8489, 0xDD, 0xDE}, /* 蒉 */
    {0x848B, 0xBD, 0xAF}, /* 蒋 */
    {0x848C, 0xDD, 0xE4}, /* 蒌 */
    {0x848E, 0xDD, 0xE5}, /* 蒎 */
    {0x8497, 0xDD, 0xF5}, /* 蒗 */
    {0x8499, 0xC3, 0xC9}, /* 蒙 */
    {0x849C, 0xCB, 0xE2}, /* 蒜 */
    {0x84A1, 0xDD, 0xF2}, /* 蒡 */
    {0x84AF, 0xD8, 0xE1}, /* 蒯 */
    {0x84B2, 0xC6, 0xD1}, /* 蒲 */
    {0x84B4, 0xDD, 0xF4}, /* 蒴 */
    {0x84B8, 0xD5, 0xF4}, /* 蒸 */
    {0x84B9, 0xDD, 0xF3}, /* 蒹 */
    {0x84BA, 0xDD, 0xF0}, /* 蒺 */
    {0x84BD, 0xDD, 0xEC}, /* 蒽 */
    {0x84BF, 0xDD, 0xEF}, /* 蒿 */
    {0x84C1, 0xDD, 0xE8}, /* 蓁 */
    {0x84C4, 0xD0, 0xEE}, /* 蓄 */
    {0x84C9, 0xC8, 0xD8}, /* 蓉 */
    {0x84CA, 0xDD, 0xEE}, /* 蓊 */
    {0x84CD, 0xDD, 0xE9}, /* 蓍 */
    {0x84D0, 0xDD, 0xEA}, /* 蓐 */
    {0x84D1, 0xCB, 0xF2}, /* 蓑 */
    {0x84D3, 0xDD, 0xED}, /* 蓓 */
    {0x84D6, 0xB1, 0xCD}, /* 蓖 */
    {0x84DD, 0xC0, 0xB6}, /* 蓝 */
    {0x84DF, 0xBC, 0xBB}, /* 蓟 */
    {0x84E0, 0xDD, 0xF1}, /* 蓠 */
    {0x84E3, 0xDD, 0xF7}, /* 蓣 */
    {0x84E5, 0xDD, 0xF6}, /* 蓥 */
    {0x84E6, 0xDD, 0xEB}, /* 蓦 */
    {0x84EC, 0xC5, 0xEE}, /* 蓬 */
    {0x84F0, 0xDD, 0xFB}, /* 蓰 */
    {0x84FC, 0xDE, 0xA4}, /* 蓼 */
    {0x84FF, 0xDE, 0xA3}, /* 蓿 */
    {0x850C, 0xDD, 0xF8}, /* 蔌 */
    {0x8511, 0xC3, 0xEF}, /* 蔑 */
    {0x8513, 0xC2, 0xFB}, /* 蔓 */
    {0x8517, 0xD5, 0xE1}, /* 蔗 */
    {0x851A, 0xCE, 0xB5}, /* 蔚 */
    {0x851F, 0xDD, 0xFD}, /* 蔟 */
    {0x8521, 0xB2, 0xCC}, /* 蔡 */
    {0x852B, 0xC4, 0xE8}, /* 蔫 */
    {0x852C, 0xCA, 0xDF}, /* 蔬 */
    {0x8537, 0xC7, 0xBE}, /* 蔷 */
    {0x8538, 0xDD, 0xFA}, /* 蔸 */
    {0x8539, 0xDD, 0xFC}, /* 蔹 */
    {0x853A, 0xDD, 0xFE}, /* 蔺 */
    {0x853B, 0xDE, 0xA2}, /* 蔻 */
    {0x853C, 0xB0, 0xAA}, /* 蔼 */
    {0x853D, 0xB1, 0xCE}, /* 蔽 */
    {0x8543, 0xDE, 0xAC}, /* 蕃 */
    {0x8548, 0xDE, 0xA6}, /* 蕈 */
    {0x8549, 0xBD, 0xB6}, /* 蕉 */
    {0x854A, 0xC8, 0xEF}, /* 蕊 */
    {0x8556, 0xDE, 0xA1}, /* 蕖 */
    {0x8559, 0xDE, 0xA5}, /* 蕙 */
    {0x855E, 0xDE, 0xA9}, /* 蕞 */
    {0x8564, 0xDE, 0xA8}, /* 蕤 */
    {0x8568, 0xDE, 0xA7}, /* 蕨 */
    {0x8572, 0xDE, 0xAD}, /* 蕲 */
    {0x8574, 0xD4, 0xCC}, /* 蕴 */
    {0x8579, 0xDE, 0xB3}, /* 蕹 */
    {0x857A, 0xDE, 0xAA}, /* 蕺 */
    {0x857B, 0xDE, 0xAE}, /* 蕻 */
    {0x857E, 0xC0, 0xD9}, /* 蕾 */
    {0x8584, 0xB1, 0xA1}, /* 薄 */
    {0x8585, 0xDE, 0xB6}, /* 薅 */
    {0x8587, 0xDE, 0xB1}, /* 薇 */
    {0x858F, 0xDE, 0xB2}, /* 薏 */
    {0x859B, 0xD1, 0xA6}, /* 薛 */
    {0x859C, 0xDE, 0xB5}, /* 薜 */
    {0x85A4, 0xDE, 0xAF}, /* 薤 */
    {0x85A8, 0xDE, 0xB0}, /* 薨 */
    {0x85AA, 0xD0, 0xBD}, /* 薪 */
    {0x85AE, 0xDE, 0xB4}, /* 薮 */
    {0x85AF, 0xCA, 0xED}, /* 薯 */
    {0x85B0, 0xDE, 0xB9}, /* 薰 */
    {0x85B7, 0xDE, 0xB8}, /* 薷 */
    {0x85B9, 0xDE, 0xB7}, /* 薹 */
    {0x85C1, 0xDE, 0xBB}, /* 藁 */
    {0x85C9, 0xBD, 0xE5}, /* 藉 */
    {0x85CF, 0xB2, 0xD8}, /* 藏 */
    {0x85D0, 0xC3, 0xEA}, /* 藐 */
    {0x85D3, 0xDE, 0xBA}, /* 藓 */
    {0x85D5, 0xC5, 0xBA}, /* 藕 */
    {0x85DC, 0xDE, 0xBC}, /* 藜 */
    {0x85E4, 0xCC, 0xD9}, /* 藤 */
    {0x85E9, 0xB7, 0xAA}, /* 藩 */
    {0x85FB, 0xD4, 0xE5}, /* 藻 */
    {0x85FF, 0xDE, 0xBD}, /* 藿 */
    {0x8605, 0xDE, 0xBF}, /* 蘅 */
    {0x8611, 0xC4, 0xA2}, /* 蘑 */
    {0x8616, 0xDE, 0xC1}, /* 蘖 */
    {0x8627, 0xDE, 0xBE}, /* 蘧 */
    {0x8629, 0xDE, 0xC0}, /* 蘩 */
    {0x8638, 0xD5, 0xBA}, /* 蘸 */
    {0x863C, 0xDE, 0xC2}, /* 蘼 */
    {0x864D, 0xF2, 0xAE}, /* 虍 */
    {0x864E, 0xBB, 0xA2}, /* 虎 */
    {0x864F, 0xC2, 0xB2}, /* 虏 */
    {0x8650, 0xC5, 0xB0}, /* 虐 */
    {0x8651, 0xC2, 0xC7}, /* 虑 */
    {0x8654, 0xF2, 0xAF}, /* 虔 */
    {0x865A, 0xD0, 0xE9}, /* 虚 */
    {0x865E, 0xD3, 0xDD}, /* 虞 */
    {0x8662, 0xEB, 0xBD}, /* 虢 */
    {0x866B, 0xB3, 0xE6}, /* 虫 */
    {0x866C, 0xF2, 0xB0}, /* 虬 */
    {0x866E, 0xF2, 0xB1}, /* 虮 */
    {0x8671, 0xCA, 0xAD}, /* 虱 */
    {0x8679, 0xBA, 0xE7}, /* 虹 */
    {0x867A, 0xF2, 0xB3}, /* 虺 */
    {0x867B, 0xF2, 0xB5}, /* 虻 */
    {0x867C, 0xF2, 0xB4}, /* 虼 */
    {0x867D, 0xCB, 0xE4}, /* 虽 */
    {0x867E, 0xCF, 0xBA}, /* 虾 */
    {0x867F, 0xF2, 0xB2}, /* 虿 */
    {0x8680, 0xCA, 0xB4}, /* 蚀 */
    {0x8681, 0xD2, 0xCF}, /* 蚁 */
    {0x8682, 0xC2, 0xEC}, /* 蚂 */
    {0x868A, 0xCE, 0xC3}, /* 蚊 */
    {0x868B, 0xF2, 0xB8}, /* 蚋 */
    {0x868C, 0xB0, 0xF6}, /* 蚌 */
    {0x868D, 0xF2, 0xB7}, /* 蚍 */
    {0x8693, 0xF2, 0xBE}, /* 蚓 */
    {0x8695, 0xB2, 0xCF}, /* 蚕 */
    {0x869C, 0xD1, 0xC1}, /* 蚜 */
    {0x869D, 0xF2, 0xBA}, /* 蚝 */
    {0x86A3, 0xF2, 0xBC}, /* 蚣 */
    {0x86A4, 0xD4, 0xE9}, /* 蚤 */
    {0x86A7, 0xF2, 0xBB}, /* 蚧 */
    {0x86A8, 0xF2, 0xB6}, /* 蚨 */
    {0x86A9, 0xF2, 0xBF}, /* 蚩 */
    {0x86AA, 0xF2, 0xBD}, /* 蚪 */
    {0x86AC, 0xF2, 0xB9}, /* 蚬 */
    {0x86AF, 0xF2, 0xC7}, /* 蚯 */
    {0x86B0, 0xF2, 0xC4}, /* 蚰 */
    {0x86B1, 0xF2, 0xC6}, /* 蚱 */
    {0x86B4, 0xF2, 0xCA}, /* 蚴 */
    {0x86B5, 0xF2, 0xC2}, /* 蚵 */
    {0x86B6, 0xF2, 0xC0}, /* 蚶 */
    {0x86BA, 0xF2, 0xC5}, /* 蚺 */
    {0x86C0, 0xD6, 0xFB}, /* 蛀 */
    {0x86C4, 0xF2, 0xC1}, /* 蛄 */
    {0x86C6, 0xC7, 0xF9}, /* 蛆 */
    {0x86C7, 0xC9, 0xDF}, /* 蛇 */
    {0x86C9, 0xF2, 0xC8}, /* 蛉 */
    {0x86CA, 0xB9, 0xC6}, /* 蛊 */
    {0x86CB, 0xB5, 0xB0}, /* 蛋 */
    {0x86CE, 0xF2, 0xC3}, /* 蛎 */
    {0x86CF, 0xF2, 0xC9}, /* 蛏 */
    {0x86D0, 0xF2, 0xD0}, /* 蛐 */
    {0x86D1, 0xF2, 0xD6}, /* 蛑 */
    {0x86D4, 0xBB, 0xD7}, /* 蛔 */
    {0x86D8, 0xF2, 0xD5}, /* 蛘 */
    {0x86D9, 0xCD, 0xDC}, /* 蛙 */
    {0x86DB, 0xD6, 0xEB}, /* 蛛 */
    {0x86DE, 0xF2, 0xD2}, /* 蛞 */
    {0x86DF, 0xF2, 0xD4}, /* 蛟 */
    {0x86E4, 0xB8, 0xF2}, /* 蛤 */
    {0x86E9, 0xF2, 0xCB}, /* 蛩 */
    {0x86ED, 0xF2, 0xCE}, /* 蛭 */
    {0x86EE, 0xC2, 0xF9}, /* 蛮 */
    {0x86F0, 0xD5, 0xDD}, /* 蛰 */
    {0x86F1, 0xF2, 0xCC}, /* 蛱 */
    {0x86F2, 0xF2, 0xCD}, /* 蛲 */
    {0x86F3, 0xF2, 0xCF}, /* 蛳 */
    {0x86F4, 0xF2, 0xD3}, /* 蛴 */
    {0x86F8, 0xF2, 0xD9}, /* 蛸 */
    {0x86F9, 0xD3, 0xBC}, /* 蛹 */
    {0x86FE, 0xB6, 0xEA}, /* 蛾 */
    {0x8700, 0xCA, 0xF1}, /* 蜀 */
    {0x8702, 0xB7, 0xE4}, /* 蜂 */
    {0x8703, 0xF2, 0xD7}, /* 蜃 */
    {0x8707, 0xF2, 0xD8}, /* 蜇 */
    {0x8708, 0xF2, 0xDA}, /* 蜈 */
    {0x8709, 0xF2, 0xDD}, /* 蜉 */
    {0x870A, 0xF2, 0xDB}, /* 蜊 */
    {0x870D, 0xF2, 0xDC}, /* 蜍 */
    {0x8712, 0xD1, 0xD1}, /* 蜒 */
    {0x8713, 0xF2, 0xD1}, /* 蜓 */
    {0x8715, 0xCD, 0xC9}, /* 蜕 */
    {0x8717, 0xCE, 0xCF}, /* 蜗 */
    {0x8718, 0xD6, 0xA9}, /* 蜘 */
    {0x871A, 0xF2, 0xE3}, /* 蜚 */
    {0x871C, 0xC3, 0xDB}, /* 蜜 */
    {0x871E, 0xF2, 0xE0}, /* 蜞 */
    {0x8721, 0xC0, 0xAF}, /* 蜡 */
    {0x8722, 0xF2, 0xEC}, /* 蜢 */
    {0x8723, 0xF2, 0xDE}, /* 蜣 */
    {0x8725, 0xF2, 0xE1}, /* 蜥 */
    {0x8729, 0xF2, 0xE8}, /* 蜩 */
    {0x872E, 0xF2, 0xE2}, /* 蜮 */
    {0x8731, 0xF2, 0xE7}, /* 蜱 */
    {0x8734, 0xF2, 0xE6}, /* 蜴 */
    {0x8737, 0xF2, 0xE9}, /* 蜷 */
    {0x873B, 0xF2, 0xDF}, /* 蜻 */
    {0x873E, 0xF2, 0xE4}, /* 蜾 */
    {0x873F, 0xF2, 0xEA}, /* 蜿 */
    {0x8747, 0xD3, 0xAC}, /* 蝇 */
    {0x8748, 0xF2, 0xE5}, /* 蝈 */
    {0x8749, 0xB2, 0xF5}, /* 蝉 */
    {0x874C, 0xF2, 0xF2}, /* 蝌 */
    {0x874E, 0xD0, 0xAB}, /* 蝎 */
    {0x8753, 0xF2, 0xF5}, /* 蝓 */
    {0x8757, 0xBB, 0xC8}, /* 蝗 */
    {0x8759, 0xF2, 0xF9}, /* 蝙 */
    {0x8760, 0xF2, 0xF0}, /* 蝠 */
    {0x8763, 0xF2, 0xF6}, /* 蝣 */
    {0x8764, 0xF2, 0xF8}, /* 蝤 */
    {0x8765, 0xF2, 0xFA}, /* 蝥 */
    {0x876E, 0xF2, 0xF3}, /* 蝮 */
    {0x8770, 0xF2, 0xF1}, /* 蝰 */
    {0x8774, 0xBA, 0xFB}, /* 蝴 */
    {0x8776, 0xB5, 0xFB}, /* 蝶 */
    {0x877B, 0xF2, 0xEF}, /* 蝻 */
    {0x877C, 0xF2, 0xF7}, /* 蝼 */
    {0x877D, 0xF2, 0xED}, /* 蝽 */
    {0x877E, 0xF2, 0xEE}, /* 蝾 */
    {0x8782, 0xF2, 0xEB}, /* 螂 */
    {0x8783, 0xF3, 0xA6}, /* 螃 */
    {0x8785, 0xF3, 0xA3}, /* 螅 */
    {0x8788, 0xF3, 0xA2}, /* 螈 */
    {0x878B, 0xF2, 0xF4}, /* 螋 */
    {0x878D, 0xC8, 0xDA}, /* 融 */
    {0x8793, 0xF2, 0xFB}, /* 螓 */
    {0x8797, 0xF3, 0xA5}, /* 螗 */
    {0x879F, 0xC3, 0xF8}, /* 螟 */
    {0x87A8, 0xF2, 0xFD}, /* 螨 */
    {0x87AB, 0xF3, 0xA7}, /* 螫 */
    {0x87AC, 0xF3, 0xA9}, /* 螬 */
    {0x87AD, 0xF3, 0xA4}, /* 螭 */
    {0x87AF, 0xF2, 0xFC}, /* 螯 */
    {0x87B3, 0xF3, 0xAB}, /* 螳 */
    {0x87B5, 0xF3, 0xAA}, /* 螵 */
    {0x87BA, 0xC2, 0xDD}, /* 螺 */
    {0x87BD, 0xF3, 0xAE}, /* 螽 */
    {0x87C0, 0xF3, 0xB0}, /* 蟀 */
    {0x87C6, 0xF3, 0xA1}, /* 蟆 */
    {0x87CA, 0xF3, 0xB1}, /* 蟊 */
    {0x87CB, 0xF3, 0xAC}, /* 蟋 */
    {0x87D1, 0xF3, 0xAF}, /* 蟑 */
    {0x87D2, 0xF2, 0xFE}, /* 蟒 */
    {0x87D3, 0xF3, 0xAD}, /* 蟓 */
    {0x87DB, 0xF3, 0xB2}, /* 蟛 */
    {0x87E0, 0xF3, 0xB4}, /* 蟠 */
    {0x87E5, 0xF3, 0xA8}, /* 蟥 */
    {0x87EA, 0xF3, 0xB3}, /* 蟪 */
    {0x87EE, 0xF3, 0xB5}, /* 蟮 */
    {0x87F9, 0xD0, 0xB7}, /* 蟹 */
    {0x87FE, 0xF3, 0xB8}, /* 蟾 */
    {0x8803, 0xD9, 0xF9}, /* 蠃 */
    {0x880A, 0xF3, 0xB9}, /* 蠊 */
    {0x8813, 0xF3, 0xB7}, /* 蠓 */
    {0x8815, 0xC8, 0xE4}, /* 蠕 */
    {0x8816, 0xF3, 0xB6}, /* 蠖 */
    {0x881B, 0xF3, 0xBA}, /* 蠛 */
    {0x8821, 0xF3, 0xBB}, /* 蠡 */
    {0x8822, 0xB4, 0xC0}, /* 蠢 */
    {0x8832, 0xEE, 0xC3}, /* 蠲 */
    {0x8839, 0xF3, 0xBC}, /* 蠹 */
    {0x883C, 0xF3, 0xBD}, /* 蠼 */
    {0x8840, 0xD1, 0xAA}, /* 血 */
    {0x8844, 0xF4, 0xAC}, /* 衄 */
    {0x8845, 0xD0, 0xC6}, /* 衅 */
    {0x884C, 0xD0, 0xD0}, /* 行 */
    {0x884D, 0xD1, 0xDC}, /* 衍 */
    {0x8854, 0xCF, 0xCE}, /* 衔 */
    {0x8857, 0xBD, 0xD6}, /* 街 */
    {0x8859, 0xD1, 0xC3}, /* 衙 */
    {0x8861, 0xBA, 0xE2}, /* 衡 */
    {0x8862, 0xE1, 0xE9}, /* 衢 */
    {0x8863, 0xD2, 0xC2}, /* 衣 */
    {0x8864, 0xF1, 0xC2}, /* 衤 */
    {0x8865, 0xB2, 0xB9}, /* 补 */
    {0x8868, 0xB1, 0xED}, /* 表 */
    {0x8869, 0xF1, 0xC3}, /* 衩 */
    {0x886B, 0xC9, 0xC0}, /* 衫 */
    {0x886C, 0xB3, 0xC4}, /* 衬 */
    {0x886E, 0xD9, 0xF2}, /* 衮 */
    {0x8870, 0xCB, 0xA5}, /* 衰 */
    {0x8872, 0xF1, 0xC4}, /* 衲 */
    {0x8877, 0xD6, 0xD4}, /* 衷 */
    {0x887D, 0xF1, 0xC5}, /* 衽 */
    {0x887E, 0xF4, 0xC0}, /* 衾 */
    {0x887F, 0xF1, 0xC6}, /* 衿 */
    {0x8881, 0xD4, 0xAC}, /* 袁 */
    {0x8882, 0xF1, 0xC7}, /* 袂 */
    {0x8884, 0xB0, 0xC0}, /* 袄 */
    {0x8885, 0xF4, 0xC1}, /* 袅 */
    {0x8888, 0xF4, 0xC2}, /* 袈 */
    {0x888B, 0xB4, 0xFC}, /* 袋 */
    {0x888D, 0xC5, 0xDB}, /* 袍 */
    {0x8892, 0xCC, 0xBB}, /* 袒 */
    {0x8896, 0xD0, 0xE4}, /* 袖 */
    {0x889C, 0xCD, 0xE0}, /* 袜 */
    {0x88A2, 0xF1, 0xC8}, /* 袢 */
    {0x88A4, 0xD9, 0xF3}, /* 袤 */
    {0x88AB, 0xB1, 0xBB}, /* 被 */
    {0x88AD, 0xCF, 0xAE}, /* 袭 */
    {0x88B1, 0xB8, 0xA4}, /* 袱 */
    {0x88B7, 0xF1, 0xCA}, /* 袷 */
    {0x88BC, 0xF1, 0xCB}, /* 袼 */
    {0x88C1, 0xB2, 0xC3}, /* 裁 */
    {0x88C2, 0xC1, 0xD1}, /* 裂 */
    {0x88C5, 0xD7, 0xB0}, /* 装 */
    {0x88C6, 0xF1, 0xC9}, /* 裆 */
    {0x88C9, 0xF1, 0xCC}, /* 裉 */
    {0x88CE, 0xF1, 0xCE}, /* 裎 */
    {0x88D2, 0xD9, 0xF6}, /* 裒 */
    {0x88D4, 0xD2, 0xE1}, /* 裔 */
    {0x88D5, 0xD4, 0xA3}, /* 裕 */
    {0x88D8, 0xF4, 0xC3}, /* 裘 */
    {0x88D9, 0xC8, 0xB9}, /* 裙 */
    {0x88DF, 0xF4, 0xC4}, /* 裟 */
    {0x88E2, 0xF1, 0xCD}, /* 裢 */
    {0x88E3, 0xF1, 0xCF}, /* 裣 */
    {0x88E4, 0xBF, 0xE3}, /* 裤 */
    {0x88E5, 0xF1, 0xD0}, /* 裥 */
    {0x88E8, 0xF1, 0xD4}, /* 裨 */
    {0x88F0, 0xF1, 0xD6}, /* 裰 */
    {0x88F1, 0xF1, 0xD1}, /* 裱 */
    {0x88F3, 0xC9, 0xD1}, /* 裳 */
    {0x88F4, 0xC5, 0xE1}, /* 裴 */
    {0x88F8, 0xC2, 0xE3}, /* 裸 */
    {0x88F9, 0xB9, 0xFC}, /* 裹 */
    {0x88FC, 0xF1, 0xD3}, /* 裼 */
    {0x88FE, 0xF1, 0xD5}, /* 裾 */
    {0x8902, 0xB9, 0xD3}, /* 褂 */
    {0x890A, 0xF1, 0xDB}, /* 褊 */
    {0x8910, 0xBA, 0xD6}, /* 褐 */
    {0x8912, 0xB0, 0xFD}, /* 褒 */
    {0x8913, 0xF1, 0xD9}, /* 褓 */
    {0x8919, 0xF1, 0xD8}, /* 褙 */
    {0x891A, 0xF1, 0xD2}, /* 褚 */
    {0x891B, 0xF1, 0xDA}, /* 褛 */
    {0x8921, 0xF1, 0xD7}, /* 褡 */
    {0x8925, 0xC8, 0xEC}, /* 褥 */
    {0x892A, 0xCD, 0xCA}, /* 褪 */
    {0x892B, 0xF1, 0xDD}, /* 褫 */
    {0x8930, 0xE5, 0xBD}, /* 褰 */
    {0x8934, 0xF1, 0xDC}, /* 褴 */
    {0x8936, 0xF1, 0xDE}, /* 褶 */
    {0x8941, 0xF1, 0xDF}, /* 襁 */
    {0x8944, 0xCF, 0xE5}, /* 襄 */
    {0x895E, 0xF4, 0xC5}, /* 襞 */
    {0x895F, 0xBD, 0xF3}, /* 襟 */
    {0x8966, 0xF1, 0xE0}, /* 襦 */
    {0x897B, 0xF1, 0xE1}, /* 襻 */
    {0x897F, 0xCE, 0xF7}, /* 西 */
    {0x8981, 0xD2, 0xAA}, /* 要 */
    {0x8983, 0xF1, 0xFB}, /* 覃 */
    {0x8986, 0xB8, 0xB2}, /* 覆 */
    {0x89C1, 0xBC, 0xFB}, /* 见 */
    {0x89C2, 0xB9, 0xDB}, /* 观 */
    {0x89C4, 0xB9, 0xE6}, /* 规 */
    {0x89C5, 0xC3, 0xD9}, /* 觅 */
    {0x89C6, 0xCA, 0xD3}, /* 视 */
    {0x89C7, 0xEA, 0xE8}, /* 觇 */
    {0x89C8, 0xC0, 0xC0}, /* 览 */
    {0x89C9, 0xBE, 0xF5}, /* 觉 */
    {0x89CA, 0xEA, 0xE9}, /* 觊 */
    {0x89CB, 0xEA, 0xEA}, /* 觋 */
    {0x89CC, 0xEA, 0xEB}, /* 觌 */
    {0x89CE, 0xEA, 0xEC}, /* 觎 */
    {0x89CF, 0xEA, 0xED}, /* 觏 */
    {0x89D0, 0xEA, 0xEE}, /* 觐 */
    {0x89D1, 0xEA, 0xEF}, /* 觑 */
    {0x89D2, 0xBD, 0xC7}, /* 角 */
    {0x89D6, 0xF5, 0xFB}, /* 觖 */
    {0x89DA, 0xF5, 0xFD}, /* 觚 */
    {0x89DC, 0xF5, 0xFE}, /* 觜 */
    {0x89DE, 0xF5, 0xFC}, /* 觞 */
    {0x89E3, 0xBD, 0xE2}, /* 解 */
    {0x89E5, 0xF6, 0xA1}, /* 觥 */
    {0x89E6, 0xB4, 0xA5}, /* 触 */
    {0x89EB, 0xF6, 0xA2}, /* 觫 */
    {0x89EF, 0xF6, 0xA3}, /* 觯 */
    {0x89F3, 0xEC, 0xB2}, /* 觳 */
    {0x8A00, 0xD1, 0xD4}, /* 言 */
    {0x8A07, 0xD9, 0xEA}, /* 訇 */
    {0x8A3E, 0xF6, 0xA4}, /* 訾 */
    {0x8A48, 0xEE, 0xBA}, /* 詈 */
    {0x8A79, 0xD5, 0xB2}, /* 詹 */
    {0x8A89, 0xD3, 0xFE}, /* 誉 */
    {0x8A8A, 0xCC, 0xDC}, /* 誊 */
    {0x8A93, 0xCA, 0xC4}, /* 誓 */
    {0x8B07, 0xE5, 0xC0}, /* 謇 */
    {0x8B26, 0xF6, 0xA5}, /* 謦 */
    {0x8B66, 0xBE, 0xAF}, /* 警 */
    {0x8B6C, 0xC6, 0xA9}, /* 譬 */
    {0x8BA0, 0xDA, 0xA5}, /* 讠 */
    {0x8BA1, 0xBC, 0xC6}, /* 计 */
    {0x8BA2, 0xB6, 0xA9}, /* 订 */
    {0x8BA3, 0xB8, 0xBC}, /* 讣 */
    {0x8BA4, 0xC8, 0xCF}, /* 认 */
    {0x8BA5, 0xBC, 0xA5}, /* 讥 */
    {0x8BA6, 0xDA, 0xA6}, /* 讦 */
    {0x8BA7, 0xDA, 0xA7}, /* 讧 */
    {0x8BA8, 0xCC, 0xD6}, /* 讨 */
    {0x8BA9, 0xC8, 0xC3}, /* 让 */
    {0x8BAA, 0xDA, 0xA8}, /* 讪 */
    {0x8BAB, 0xC6, 0xFD}, /* 讫 */
    {0x8BAD, 0xD1, 0xB5}, /* 训 */
    {0x8BAE, 0xD2, 0xE9}, /* 议 */
    {0x8BAF, 0xD1, 0xB6}, /* 讯 */
    {0x8BB0, 0xBC, 0xC7}, /* 记 */
    {0x8BB2, 0xBD, 0xB2}, /* 讲 */
    {0x8BB3, 0xBB, 0xE4}, /* 讳 */
    {0x8BB4, 0xDA, 0xA9}, /* 讴 */
    {0x8BB5, 0xDA, 0xAA}, /* 讵 */
    {0x8BB6, 0xD1, 0xC8}, /* 讶 */
    {0x8BB7, 0xDA, 0xAB}, /* 讷 */
    {0x8BB8, 0xD0, 0xED}, /* 许 */
    {0x8BB9, 0xB6, 0xEF}, /* 讹 */
    {0x8BBA, 0xC2, 0xDB}, /* 论 */
    {0x8BBC, 0xCB, 0xCF}, /* 讼 */
    {0x8BBD, 0xB7, 0xED}, /* 讽 */
    {0x8BBE, 0xC9, 0xE8}, /* 设 */
    {0x8BBF, 0xB7, 0xC3}, /* 访 */
    {0x8BC0, 0xBE, 0xF7}, /* 诀 */
    {0x8BC1, 0xD6, 0xA4}, /* 证 */
    {0x8BC2, 0xDA, 0xAC}, /* 诂 */
    {0x8BC3, 0xDA, 0xAD}, /* 诃 */
    {0x8BC4, 0xC6, 0xC0}, /* 评 */
    {0x8BC5, 0xD7, 0xE7}, /* 诅 */
    {0x8BC6, 0xCA, 0xB6}, /* 识 */
    {0x8BC8, 0xD5, 0xA9}, /* 诈 */
    {0x8BC9, 0xCB, 0xDF}, /* 诉 */
    {0x8BCA, 0xD5, 0xEF}, /* 诊 */
    {0x8BCB, 0xDA, 0xAE}, /* 诋 */
    {0x8BCC, 0xD6, 0xDF}, /* 诌 */
    {0x8BCD, 0xB4, 0xCA}, /* 词 */
    {0x8BCE, 0xDA, 0xB0}, /* 诎 */
    {0x8BCF, 0xDA, 0xAF}, /* 诏 */
    {0x8BD1, 0xD2, 0xEB}, /* 译 */
    {0x8BD2, 0xDA, 0xB1}, /* 诒 */
    {0x8BD3, 0xDA, 0xB2}, /* 诓 */
    {0x8BD4, 0xDA, 0xB3}, /* 诔 */
    {0x8BD5, 0xCA, 0xD4}, /* 试 */
    {0x8BD6, 0xDA, 0xB4}, /* 诖 */
    {0x8BD7, 0xCA, 0xAB}, /* 诗 */
    {0x8BD8, 0xDA, 0xB5}, /* 诘 */
    {0x8BD9, 0xDA, 0xB6}, /* 诙 */
    {0x8BDA, 0xB3, 0xCF}, /* 诚 */
    {0x8BDB, 0xD6, 0xEF}, /* 诛 */
    {0x8BDC, 0xDA, 0xB7}, /* 诜 */
    {0x8BDD, 0xBB, 0xB0}, /* 话 */
    {0x8BDE, 0xB5, 0xAE}, /* 诞 */
    {0x8BDF, 0xDA, 0xB8}, /* 诟 */
    {0x8BE0, 0xDA, 0xB9}, /* 诠 */
    {0x8BE1, 0xB9, 0xEE}, /* 诡 */
    {0x8BE2, 0xD1, 0xAF}, /* 询 */
    {0x8BE3, 0xD2, 0xE8}, /* 诣 */
    {0x8BE4, 0xDA, 0xBA}, /* 诤 */
    {0x8BE5, 0xB8, 0xC3}, /* 该 */
    {0x8BE6, 0xCF, 0xEA}, /* 详 */
    {0x8BE7, 0xB2, 0xEF}, /* 诧 */
    {0x8BE8, 0xDA, 0xBB}, /* 诨 */
    {0x8BE9, 0xDA, 0xBC}, /* 诩 */
    {0x8BEB, 0xBD, 0xEB}, /* 诫 */
    {0x8BEC, 0xCE, 0xDC}, /* 诬 */
    {0x8BED, 0xD3, 0xEF}, /* 语 */
    {0x8BEE, 0xDA, 0xBD}, /* 诮 */
    {0x8BEF, 0xCE, 0xF3}, /* 误 */
    {0x8BF0, 0xDA, 0xBE}, /* 诰 */
    {0x8BF1, 0xD3, 0xD5}, /* 诱 */
    {0x8BF2, 0xBB, 0xE5}, /* 诲 */
    {0x8BF3, 0xDA, 0xBF}, /* 诳 */
    {0x8BF4, 0xCB, 0xB5}, /* 说 */
    {0x8BF5, 0xCB, 0xD0}, /* 诵 */
    {0x8BF6, 0xDA, 0xC0}, /* 诶 */
    {0x8BF7, 0xC7, 0xEB}, /* 请 */
    {0x8BF8, 0xD6, 0xEE}, /* 诸 */
    {0x8BF9, 0xDA, 0xC1}, /* 诹 */
    {0x8BFA, 0xC5, 0xB5}, /* 诺 */
    {0x8BFB, 0xB6, 0xC1}, /* 读 */
    {0x8BFC, 0xDA, 0xC2}, /* 诼 */
    {0x8BFD, 0xB7, 0xCC}, /* 诽 */
    {0x8BFE, 0xBF, 0xCE}, /* 课 */
    {0x8BFF, 0xDA, 0xC3}, /* 诿 */
    {0x8C00, 0xDA, 0xC4}, /* 谀 */
    {0x8C01, 0xCB, 0xAD}, /* 谁 */
    {0x8C02, 0xDA, 0xC5}, /* 谂 */
    {0x8C03, 0xB5, 0xF7}, /* 调 */
    {0x8C04, 0xDA, 0xC6}, /* 谄 */
    {0x8C05, 0xC1, 0xC2}, /* 谅 */
    {0x8C06, 0xD7, 0xBB}, /* 谆 */
    {0x8C07, 0xDA, 0xC7}, /* 谇 */
    {0x8C08, 0xCC, 0xB8}, /* 谈 */
    {0x8C0A, 0xD2, 0xEA}, /* 谊 */
    {0x8C0B, 0xC4, 0xB1}, /* 谋 */
    {0x8C0C, 0xDA, 0xC8}, /* 谌 */
    {0x8C0D, 0xB5, 0xFD}, /* 谍 */
    {0x8C0E, 0xBB, 0xD1}, /* 谎 */
    {0x8C0F, 0xDA, 0xC9}, /* 谏 */
    {0x8C10, 0xD0, 0xB3}, /* 谐 */
    {0x8C11, 0xDA, 0xCA}, /* 谑 */
    {0x8C12, 0xDA, 0xCB}, /* 谒 */
    {0x8C13, 0xCE, 0xBD}, /* 谓 */
    {0x8C14, 0xDA, 0xCC}, /* 谔 */
    {0x8C15, 0xDA, 0xCD}, /* 谕 */
    {0x8C16, 0xDA, 0xCE}, /* 谖 */
    {0x8C17, 0xB2, 0xF7}, /* 谗 */
    {0x8C18, 0xDA, 0xD1}, /* 谘 */
    {0x8C19, 0xDA, 0xCF}, /* 谙 */
    {0x8C1A, 0xD1, 0xE8}, /* 谚 */
    {0x8C1B, 0xDA, 0xD0}, /* 谛 */
    {0x8C1C, 0xC3, 0xD5}, /* 谜 */
    {0x8C1D, 0xDA, 0xD2}, /* 谝 */
    {0x8C1F, 0xDA, 0xD3}, /* 谟 */
    {0x8C20, 0xDA, 0xD4}, /* 谠 */
    {0x8C21, 0xDA, 0xD5}, /* 谡 */
    {0x8C22, 0xD0, 0xBB}, /* 谢 */
    {0x8C23, 0xD2, 0xA5}, /* 谣 */
    {0x8C24, 0xB0, 0xF9}, /* 谤 */
    {0x8C25, 0xDA, 0xD6}, /* 谥 */
    {0x8C26, 0xC7, 0xAB}, /* 谦 */
    {0x8C27, 0xDA, 0xD7}, /* 谧 */
    {0x8C28, 0xBD, 0xF7}, /* 谨 */
    {0x8C29, 0xC3, 0xA1}, /* 谩 */
    {0x8C2A, 0xDA, 0xD8}, /* 谪 */
    {0x8C2B, 0xDA, 0xD9}, /* 谫 */
    {0x8C2C, 0xC3, 0xFD}, /* 谬 */
    {0x8C2D, 0xCC, 0xB7}, /* 谭 */
    {0x8C2E, 0xDA, 0xDA}, /* 谮 */
    {0x8C2F, 0xDA, 0xDB}, /* 谯 */
    {0x8C30, 0xC0, 0xBE}, /* 谰 */
    {0x8C31, 0xC6, 0xD7}, /* 谱 */
    {0x8C32, 0xDA, 0xDC}, /* 谲 */
    {0x8C33, 0xDA, 0xDD}, /* 谳 */
    {0x8C34, 0xC7, 0xB4}, /* 谴 */
    {0x8C35, 0xDA, 0xDE}, /* 谵 */
    {0x8C36, 0xDA, 0xDF}, /* 谶 */
    {0x8C37, 0xB9, 0xC8}, /* 谷 */
    {0x8C41, 0xBB, 0xED}, /* 豁 */
    {0x8C46, 0xB6, 0xB9}, /* 豆 */
    {0x8C47, 0xF4, 0xF8}, /* 豇 */
    {0x8C49, 0xF4, 0xF9}, /* 豉 */
    {0x8C4C, 0xCD, 0xE3}, /* 豌 */
    {0x8C55, 0xF5, 0xB9}, /* 豕 */
    {0x8C5A, 0xEB, 0xE0}, /* 豚 */
    {0x8C61, 0xCF, 0xF3}, /* 象 */
    {0x8C62, 0xBB, 0xBF}, /* 豢 */
    {0x8C6A, 0xBA, 0xC0}, /* 豪 */
    {0x8C6B, 0xD4, 0xA5}, /* 豫 */
    {0x8C73, 0xE1, 0xD9}, /* 豳 */
    {0x8C78, 0xF5, 0xF4}, /* 豸 */
    {0x8C79, 0xB1, 0xAA}, /* 豹 */
    {0x8C7A, 0xB2, 0xF2}, /* 豺 */
    {0x8C82, 0xF5, 0xF5}, /* 貂 */
    {0x8C85, 0xF5, 0xF7}, /* 貅 */
    {0x8C89, 0xBA, 0xD1}, /* 貉 */
    {0x8C8A, 0xF5, 0xF6}, /* 貊 */
    {0x8C8C, 0xC3, 0xB2}, /* 貌 */
    {0x8C94, 0xF5, 0xF9}, /* 貔 */
    {0x8C98, 0xF5, 0xF8}, /* 貘 */
    {0x8D1D, 0xB1, 0xB4}, /* 贝 */
    {0x8D1E, 0xD5, 0xEA}, /* 贞 */
    {0x8D1F, 0xB8, 0xBA}, /* 负 */
    {0x8D21, 0xB9, 0xB1}, /* 贡 */
    {0x8D22, 0xB2, 0xC6}, /* 财 */
    {0x8D23, 0xD4, 0xF0}, /* 责 */
    {0x8D24, 0xCF, 0xCD}, /* 贤 */
    {0x8D25, 0xB0, 0xDC}, /* 败 */
    {0x8D26, 0xD5, 0xCB}, /* 账 */
    {0x8D27, 0xBB, 0xF5}, /* 货 */
    {0x8D28, 0xD6, 0xCA}, /* 质 */
    {0x8D29, 0xB7, 0xB7}, /* 贩 */
    {0x8D2A, 0xCC, 0xB0}, /* 贪 */
    {0x8D2B, 0xC6, 0xB6}, /* 贫 */
    {0x8D2C, 0xB1, 0xE1}, /* 贬 */
    {0x8D2D, 0xB9, 0xBA}, /* 购 */
    {0x8D2E, 0xD6, 0xFC}, /* 贮 */
    {0x8D2F, 0xB9, 0xE1}, /* 贯 */
    {0x8D30, 0xB7, 0xA1}, /* 贰 */
    {0x8D31, 0xBC, 0xFA}, /* 贱 */
    {0x8D32, 0xEA, 0xDA}, /* 贲 */
    {0x8D33, 0xEA, 0xDB}, /* 贳 */
    {0x8D34, 0xCC, 0xF9}, /* 贴 */
    {0x8D35, 0xB9, 0xF3}, /* 贵 */
    {0x8D36, 0xEA, 0xDC}, /* 贶 */
    {0x8D37, 0xB4, 0xFB}, /* 贷 */
    {0x8D38, 0xC3, 0xB3}, /* 贸 */
    {0x8D39, 0xB7, 0xD1}, /* 费 */
    {0x8D3A, 0xBA, 0xD8}, /* 贺 */
    {0x8D3B, 0xEA, 0xDD}, /* 贻 */
    {0x8D3C, 0xD4, 0xF4}, /* 贼 */
    {0x8D3D, 0xEA, 0xDE}, /* 贽 */
    {0x8D3E, 0xBC, 0xD6}, /* 贾 */
    {0x8D3F, 0xBB, 0xDF}, /* 贿 */
    {0x8D40, 0xEA, 0xDF}, /* 赀 */
    {0x8D41, 0xC1, 0xDE}, /* 赁 */
    {0x8D42, 0xC2, 0xB8}, /* 赂 */
    {0x8D43, 0xD4, 0xDF}, /* 赃 */
    {0x8D44, 0xD7, 0xCA}, /* 资 */
    {0x8D45, 0xEA, 0xE0}, /* 赅 */
    {0x8D46, 0xEA, 0xE1}, /* 赆 */
    {0x8D47, 0xEA, 0xE4}, /* 赇 */
    {0x8D48, 0xEA, 0xE2}, /* 赈 */
    {0x8D49, 0xEA, 0xE3}, /* 赉 */
    {0x8D4A, 0xC9, 0xDE}, /* 赊 */
    {0x8D4B, 0xB8, 0xB3}, /* 赋 */
    {0x8D4C, 0xB6, 0xC4}, /* 赌 */
    {0x8D4D, 0xEA, 0xE5}, /* 赍 */
    {0x8D4E, 0xCA, 0xEA}, /* 赎 */
    {0x8D4F, 0xC9, 0xCD}, /* 赏 */
    {0x8D50, 0xB4, 0xCD}, /* 赐 */
    {0x8D53, 0xE2, 0xD9}, /* 赓 */
    {0x8D54, 0xC5, 0xE2}, /* 赔 */
    {0x8D55, 0xEA, 0xE6}, /* 赕 */
    {0x8D56, 0xC0, 0xB5}, /* 赖 */
    {0x8D58, 0xD7, 0xB8}, /* 赘 */
    {0x8D59, 0xEA, 0xE7}, /* 赙 */
    {0x8D5A, 0xD7, 0xAC}, /* 赚 */
    {0x8D5B, 0xC8, 0xFC}, /* 赛 */
    {0x8D5C, 0xD8, 0xD3}, /* 赜 */
    {0x8D5D, 0xD8, 0xCD}, /* 赝 */
    {0x8D5E, 0xD4, 0xDE}, /* 赞 */
    {0x8D60, 0xD4, 0xF9}, /* 赠 */
    {0x8D61, 0xC9, 0xC4}, /* 赡 */
    {0x8D62, 0xD3, 0xAE}, /* 赢 */
    {0x8D63, 0xB8, 0xD3}, /* 赣 */
    {0x8D64, 0xB3, 0xE0}, /* 赤 */
    {0x8D66, 0xC9, 0xE2}, /* 赦 */
    {0x8D67, 0xF4, 0xF6}, /* 赧 */
    {0x8D6B, 0xBA, 0xD5}, /* 赫 */
    {0x8D6D, 0xF4, 0xF7}, /* 赭 */
    {0x8D70, 0xD7, 0xDF}, /* 走 */
    {0x8D73, 0xF4, 0xF1}, /* 赳 */
    {0x8D74, 0xB8, 0xB0}, /* 赴 */
    {0x8D75, 0xD5, 0xD4}, /* 赵 */
    {0x8D76, 0xB8, 0xCF}, /* 赶 */
    {0x8D77, 0xC6, 0xF0}, /* 起 */
    {0x8D81, 0xB3, 0xC3}, /* 趁 */
    {0x8D84, 0xF4, 0xF2}, /* 趄 */
    {0x8D85, 0xB3, 0xAC}, /* 超 */
    {0x8D8A, 0xD4, 0xBD}, /* 越 */
    {0x8D8B, 0xC7, 0xF7}, /* 趋 */
    {0x8D91, 0xF4, 0xF4}, /* 趑 */
    {0x8D94, 0xF4, 0xF3}, /* 趔 */
    {0x8D9F, 0xCC, 0xCB}, /* 趟 */
    {0x8DA3, 0xC8, 0xA4}, /* 趣 */
    {0x8DB1, 0xF4, 0xF5}, /* 趱 */
    {0x8DB3, 0xD7, 0xE3}, /* 足 */
    {0x8DB4, 0xC5, 0xBF}, /* 趴 */
    {0x8DB5, 0xF5, 0xC0}, /* 趵 */
    {0x8DB8, 0xF5, 0xBB}, /* 趸 */
    {0x8DBA, 0xF5, 0xC3}, /* 趺 */
    {0x8DBC, 0xF5, 0xC2}, /* 趼 */
    {0x8DBE, 0xD6, 0xBA}, /* 趾 */
    {0x8DBF, 0xF5, 0xC1}, /* 趿 */
    {0x8DC3, 0xD4, 0xBE}, /* 跃 */
    {0x8DC4, 0xF5, 0xC4}, /* 跄 */
    {0x8DC6, 0xF5, 0xCC}, /* 跆 */
    {0x8DCB, 0xB0, 0xCF}, /* 跋 */
    {0x8DCC, 0xB5, 0xF8}, /* 跌 */
    {0x8DCE, 0xF5, 0xC9}, /* 跎 */
    {0x8DCF, 0xF5, 0xCA}, /* 跏 */
    {0x8DD1, 0xC5, 0xDC}, /* 跑 */
    {0x8DD6, 0xF5, 0xC5}, /* 跖 */
    {0x8DD7, 0xF5, 0xC6}, /* 跗 */
    {0x8DDA, 0xF5, 0xC7}, /* 跚 */
    {0x8DDB, 0xF5, 0xCB}, /* 跛 */
    {0x8DDD, 0xBE, 0xE0}, /* 距 */
    {0x8DDE, 0xF5, 0xC8}, /* 跞 */
    {0x8DDF, 0xB8, 0xFA}, /* 跟 */
    {0x8DE3, 0xF5, 0xD0}, /* 跣 */
    {0x8DE4, 0xF5, 0xD3}, /* 跤 */
    {0x8DE8, 0xBF, 0xE7}, /* 跨 */
    {0x8DEA, 0xB9, 0xF2}, /* 跪 */
    {0x8DEB, 0xF5, 0xBC}, /* 跫 */
    {0x8DEC, 0xF5, 0xCD}, /* 跬 */
    {0x8DEF, 0xC2, 0xB7}, /* 路 */
    {0x8DF3, 0xCC, 0xF8}, /* 跳 */
    {0x8DF5, 0xBC, 0xF9}, /* 践 */
    {0x8DF7, 0xF5, 0xCE}, /* 跷 */
    {0x8DF8, 0xF5, 0xCF}, /* 跸 */
    {0x8DF9, 0xF5, 0xD1}, /* 跹 */
    {0x8DFA, 0xB6, 0xE5}, /* 跺 */
    {0x8DFB, 0xF5, 0xD2}, /* 跻 */
    {0x8DFD, 0xF5, 0xD5}, /* 跽 */
    {0x8E05, 0xF5, 0xBD}, /* 踅 */
    {0x8E09, 0xF5, 0xD4}, /* 踉 */
    {0x8E0A, 0xD3, 0xBB}, /* 踊 */
    {0x8E0C, 0xB3, 0xEC}, /* 踌 */
    {0x8E0F, 0xCC, 0xA4}, /* 踏 */
    {0x8E14, 0xF5, 0xD6}, /* 踔 */
    {0x8E1D, 0xF5, 0xD7}, /* 踝 */
    {0x8E1E, 0xBE, 0xE1}, /* 踞 */
    {0x8E1F, 0xF5, 0xD8}, /* 踟 */
    {0x8E22, 0xCC, 0xDF}, /* 踢 */
    {0x8E23, 0xF5, 0xDB}, /* 踣 */
    {0x8E29, 0xB2, 0xC8}, /* 踩 */
    {0x8E2A, 0xD7, 0xD9}, /* 踪 */
    {0x8E2C, 0xF5, 0xD9}, /* 踬 */
    {0x8E2E, 0xF5, 0xDA}, /* 踮 */
    {0x8E2F, 0xF5, 0xDC}, /* 踯 */
    {0x8E31, 0xF5, 0xE2}, /* 踱 */
    {0x8E35, 0xF5, 0xE0}, /* 踵 */
    {0x8E39, 0xF5, 0xDF}, /* 踹 */
    {0x8E3A, 0xF5, 0xDD}, /* 踺 */
    {0x8E3D, 0xF5, 0xE1}, /* 踽 */
    {0x8E40, 0xF5, 0xDE}, /* 蹀 */
    {0x8E41, 0xF5, 0xE4}, /* 蹁 */
    {0x8E42, 0xF5, 0xE5}, /* 蹂 */
    {0x8E44, 0xCC, 0xE3}, /* 蹄 */
    {0x8E47, 0xE5, 0xBF}, /* 蹇 */
    {0x8E48, 0xB5, 0xB8}, /* 蹈 */
    {0x8E49, 0xF5, 0xE3}, /* 蹉 */
    {0x8E4A, 0xF5, 0xE8}, /* 蹊 */
    {0x8E4B, 0xCC, 0xA3}, /* 蹋 */
    {0x8E51, 0xF5, 0xE6}, /* 蹑 */
    {0x8E52, 0xF5, 0xE7}, /* 蹒 */
    {0x8E59, 0xF5, 0xBE}, /* 蹙 */
    {0x8E66, 0xB1, 0xC4}, /* 蹦 */
    {0x8E69, 0xF5, 0xBF}, /* 蹩 */
    {0x8E6C, 0xB5, 0xC5}, /* 蹬 */
    {0x8E6D, 0xB2, 0xE4}, /* 蹭 */
    {0x8E6F, 0xF5, 0xEC}, /* 蹯 */
    {0x8E70, 0xF5, 0xE9}, /* 蹰 */
    {0x8E72, 0xB6, 0xD7}, /* 蹲 */
    {0x8E74, 0xF5, 0xED}, /* 蹴 */
    {0x8E76, 0xF5, 0xEA}, /* 蹶 */
    {0x8E7C, 0xF5, 0xEB}, /* 蹼 */
    {0x8E7F, 0xB4, 0xDA}, /* 蹿 */
    {0x8E81, 0xD4, 0xEA}, /* 躁 */
    {0x8E85, 0xF5, 0xEE}, /* 躅 */
    {0x8E87, 0xB3, 0xF9}, /* 躇 */
    {0x8E8F, 0xF5, 0xEF}, /* 躏 */
    {0x8E90, 0xF5, 0xF1}, /* 躐 */
    {0x8E94, 0xF5, 0xF0}, /* 躔 */
    {0x8E9C, 0xF5, 0xF2}, /* 躜 */
    {0x8E9E, 0xF5, 0xF3}, /* 躞 */
    {0x8EAB, 0xC9, 0xED}, /* 身 */
    {0x8EAC, 0xB9, 0xAA}, /* 躬 */
    {0x8EAF, 0xC7, 0xFB}, /* 躯 */
    {0x8EB2, 0xB6, 0xE3}, /* 躲 */
    {0x8EBA, 0xCC, 0xC9}, /* 躺 */
    {0x8ECE, 0xEA, 0xA6}, /* 軎 */
    {0x8F66, 0xB3, 0xB5}, /* 车 */
    {0x8F67, 0xD4, 0xFE}, /* 轧 */
    {0x8F68, 0xB9, 0xEC}, /* 轨 */
    {0x8F69, 0xD0, 0xF9}, /* 轩 */
    {0x8F6B, 0xE9, 0xED}, /* 轫 */
    {0x8F6C, 0xD7, 0xAA}, /* 转 */
    {0x8F6D, 0xE9, 0xEE}, /* 轭 */
    {0x8F6E, 0xC2, 0xD6}, /* 轮 */
    {0x8F6F, 0xC8, 0xED}, /* 软 */
    {0x8F70, 0xBA, 0xE4}, /* 轰 */
    {0x8F71, 0xE9, 0xEF}, /* 轱 */
    {0x8F72, 0xE9, 0xF0}, /* 轲 */
    {0x8F73, 0xE9, 0xF1}, /* 轳 */
    {0x8F74, 0xD6, 0xE1}, /* 轴 */
    {0x8F75, 0xE9, 0xF2}, /* 轵 */
    {0x8F76, 0xE9, 0xF3}, /* 轶 */
    {0x8F77, 0xE9, 0xF5}, /* 轷 */
    {0x8F78, 0xE9, 0xF4}, /* 轸 */
    {0x8F79, 0xE9, 0xF6}, /* 轹 */
    {0x8F7A, 0xE9, 0xF7}, /* 轺 */
    {0x8F7B, 0xC7, 0xE1}, /* 轻 */
    {0x8F7C, 0xE9, 0xF8}, /* 轼 */
    {0x8F7D, 0xD4, 0xD8}, /* 载 */
    {0x8F7E, 0xE9, 0xF9}, /* 轾 */
    {0x8F7F, 0xBD, 0xCE}, /* 轿 */
    {0x8F81, 0xE9, 0xFA}, /* 辁 */
    {0x8F82, 0xE9, 0xFB}, /* 辂 */
    {0x8F83, 0xBD, 0xCF}, /* 较 */
    {0x8F84, 0xE9, 0xFC}, /* 辄 */
    {0x8F85, 0xB8, 0xA8}, /* 辅 */
    {0x8F86, 0xC1, 0xBE}, /* 辆 */
    {0x8F87, 0xE9, 0xFD}, /* 辇 */
    {0x8F88, 0xB1, 0xB2}, /* 辈 */
    {0x8F89, 0xBB, 0xD4}, /* 辉 */
    {0x8F8A, 0xB9, 0xF5}, /* 辊 */
    {0x8F8B, 0xE9, 0xFE}, /* 辋 */
    {0x8F8D, 0xEA, 0xA1}, /* 辍 */
    {0x8F8E, 0xEA, 0xA2}, /* 辎 */
    {0x8F8F, 0xEA, 0xA3}, /* 辏 */
    {0x8F90, 0xB7, 0xF8}, /* 辐 */
    {0x8F91, 0xBC, 0xAD}, /* 辑 */
    {0x8F93, 0xCA, 0xE4}, /* 输 */
    {0x8F94, 0xE0, 0xCE}, /* 辔 */
    {0x8F95, 0xD4, 0xAF}, /* 辕 */
    {0x8F96, 0xCF, 0xBD}, /* 辖 */
    {0x8F97, 0xD5, 0xB7}, /* 辗 */
    {0x8F98, 0xEA, 0xA4}, /* 辘 */
    {0x8F99, 0xD5, 0xDE}, /* 辙 */
    {0x8F9A, 0xEA, 0xA5}, /* 辚 */
    {0x8F9B, 0xD0, 0xC1}, /* 辛 */
    {0x8F9C, 0xB9, 0xBC}, /* 辜 */
    {0x8F9E, 0xB4, 0xC7}, /* 辞 */
    {0x8F9F, 0xB1, 0xD9}, /* 辟 */
    {0x8FA3, 0xC0, 0xB1}, /* 辣 */
    {0x8FA8, 0xB1, 0xE6}, /* 辨 */
    {0x8FA9, 0xB1, 0xE7}, /* 辩 */
    {0x8FAB, 0xB1, 0xE8}, /* 辫 */
    {0x8FB0, 0xB3, 0xBD}, /* 辰 */
    {0x8FB1, 0xC8, 0xE8}, /* 辱 */
    {0x8FB6, 0xE5, 0xC1}, /* 辶 */
    {0x8FB9, 0xB1, 0xDF}, /* 边 */
    {0x8FBD, 0xC1, 0xC9}, /* 辽 */
    {0x8FBE, 0xB4, 0xEF}, /* 达 */
    {0x8FC1, 0xC7, 0xA8}, /* 迁 */
    {0x8FC2, 0xD3, 0xD8}, /* 迂 */
    {0x8FC4, 0xC6, 0xF9}, /* 迄 */
    {0x8FC5, 0xD1, 0xB8}, /* 迅 */
    {0x8FC7, 0xB9, 0xFD}, /* 过 */
    {0x8FC8, 0xC2, 0xF5}, /* 迈 */
    {0x8FCE, 0xD3, 0xAD}, /* 迎 */
    {0x8FD0, 0xD4, 0xCB}, /* 运 */
    {0x8FD1, 0xBD, 0xFC}, /* 近 */
    {0x8FD3, 0xE5, 0xC2}, /* 迓 */
    {0x8FD4, 0xB7, 0xB5}, /* 返 */
    {0x8FD5, 0xE5, 0xC3}, /* 迕 */
    {0x8FD8, 0xBB, 0xB9}, /* 还 */
    {0x8FD9, 0xD5, 0xE2}, /* 这 */
    {0x8FDB, 0xBD, 0xF8}, /* 进 */
    {0x8FDC, 0xD4, 0xB6}, /* 远 */
    {0x8FDD, 0xCE, 0xA5}, /* 违 */
    {0x8FDE, 0xC1, 0xAC}, /* 连 */
    {0x8FDF, 0xB3, 0xD9}, /* 迟 */
    {0x8FE2, 0xCC, 0xF6}, /* 迢 */
    {0x8FE4, 0xE5, 0xC6}, /* 迤 */
    {0x8FE5, 0xE5, 0xC4}, /* 迥 */
    {0x8FE6, 0xE5, 0xC8}, /* 迦 */
    {0x8FE8, 0xE5, 0xCA}, /* 迨 */
    {0x8FE9, 0xE5, 0xC7}, /* 迩 */
    {0x8FEA, 0xB5, 0xCF}, /* 迪 */
    {0x8FEB, 0xC6, 0xC8}, /* 迫 */
    {0x8FED, 0xB5, 0xFC}, /* 迭 */
    {0x8FEE, 0xE5, 0xC5}, /* 迮 */
    {0x8FF0, 0xCA, 0xF6}, /* 述 */
    {0x8FF3, 0xE5, 0xC9}, /* 迳 */
    {0x8FF7, 0xC3, 0xD4}, /* 迷 */
    {0x8FF8, 0xB1, 0xC5}, /* 迸 */
    {0x8FF9, 0xBC, 0xA3}, /* 迹 */
    {0x8FFD, 0xD7, 0xB7}, /* 追 */
    {0x9000, 0xCD, 0xCB}, /* 退 */
    {0x9001, 0xCB, 0xCD}, /* 送 */
    {0x9002, 0xCA, 0xCA}, /* 适 */
    {0x9003, 0xCC, 0xD3}, /* 逃 */
    {0x9004, 0xE5, 0xCC}, /* 逄 */
    {0x9005, 0xE5, 0xCB}, /* 逅 */
    {0x9006, 0xC4, 0xE6}, /* 逆 */
    {0x9009, 0xD1, 0xA1}, /* 选 */
    {0x900A, 0xD1, 0xB7}, /* 逊 */
    {0x900B, 0xE5, 0xCD}, /* 逋 */
    {0x900D, 0xE5, 0xD0}, /* 逍 */
    {0x900F, 0xCD, 0xB8}, /* 透 */
    {0x9010, 0xD6, 0xF0}, /* 逐 */
    {0x9011, 0xE5, 0xCF}, /* 逑 */
    {0x9012, 0xB5, 0xDD}, /* 递 */
    {0x9014, 0xCD, 0xBE}, /* 途 */
    {0x9016, 0xE5, 0xD1}, /* 逖 */
    {0x9017, 0xB6, 0xBA}, /* 逗 */
    {0x901A, 0xCD, 0xA8}, /* 通 */
    {0x901B, 0xB9, 0xE4}, /* 逛 */
    {0x901D, 0xCA, 0xC5}, /* 逝 */
    {0x901E, 0xB3, 0xD1}, /* 逞 */
    {0x901F, 0xCB, 0xD9}, /* 速 */
    {0x9020, 0xD4, 0xEC}, /* 造 */
    {0x9021, 0xE5, 0xD2}, /* 逡 */
    {0x9022, 0xB7, 0xEA}, /* 逢 */
    {0x9026, 0xE5, 0xCE}, /* 逦 */
    {0x902D, 0xE5, 0xD5}, /* 逭 */
    {0x902E, 0xB4, 0xFE}, /* 逮 */
    {0x902F, 0xE5, 0xD6}, /* 逯 */
    {0x9035, 0xE5, 0xD3}, /* 逵 */
    {0x9036, 0xE5, 0xD4}, /* 逶 */
    {0x9038, 0xD2, 0xDD}, /* 逸 */
    {0x903B, 0xC2, 0xDF}, /* 逻 */
    {0x903C, 0xB1, 0xC6}, /* 逼 */
    {0x903E, 0xD3, 0xE2}, /* 逾 */
    {0x9041, 0xB6, 0xDD}, /* 遁 */
    {0x9042, 0xCB, 0xEC}, /* 遂 */
    {0x9044, 0xE5, 0xD7}, /* 遄 */
    {0x9047, 0xD3, 0xF6}, /* 遇 */
    {0x904D, 0xB1, 0xE9}, /* 遍 */
    {0x904F, 0xB6, 0xF4}, /* 遏 */
    {0x9050, 0xE5, 0xDA}, /* 遐 */
    {0x9051, 0xE5, 0xD8}, /* 遑 */
    {0x9052, 0xE5, 0xD9}, /* 遒 */
    {0x9053, 0xB5, 0xC0}, /* 道 */
    {0x9057, 0xD2, 0xC5}, /* 遗 */
    {0x9058, 0xE5, 0xDC}, /* 遘 */
    {0x905B, 0xE5, 0xDE}, /* 遛 */
    {0x9062, 0xE5, 0xDD}, /* 遢 */
    {0x9063, 0xC7, 0xB2}, /* 遣 */
    {0x9065, 0xD2, 0xA3}, /* 遥 */
    {0x9068, 0xE5, 0xDB}, /* 遨 */
    {0x906D, 0xD4, 0xE2}, /* 遭 */
    {0x906E, 0xD5, 0xDA}, /* 遮 */
    {0x9074, 0xE5, 0xE0}, /* 遴 */
    {0x9075, 0xD7, 0xF1}, /* 遵 */
    {0x907D, 0xE5, 0xE1}, /* 遽 */
    {0x907F, 0xB1, 0xDC}, /* 避 */
    {0x9080, 0xD1, 0xFB}, /* 邀 */
    {0x9082, 0xE5, 0xE2}, /* 邂 */
    {0x9083, 0xE5, 0xE4}, /* 邃 */
    {0x9088, 0xE5, 0xE3}, /* 邈 */
    {0x908B, 0xE5, 0xE5}, /* 邋 */
    {0x9091, 0xD2, 0xD8}, /* 邑 */
    {0x9093, 0xB5, 0xCB}, /* 邓 */
    {0x9095, 0xE7, 0xDF}, /* 邕 */
    {0x9097, 0xDA, 0xF5}, /* 邗 */
    {0x9099, 0xDA, 0xF8}, /* 邙 */
    {0x909B, 0xDA, 0xF6}, /* 邛 */
    {0x909D, 0xDA, 0xF7}, /* 邝 */
    {0x90A1, 0xDA, 0xFA}, /* 邡 */
    {0x90A2, 0xD0, 0xCF}, /* 邢 */
    {0x90A3, 0xC4, 0xC7}, /* 那 */
    {0x90A6, 0xB0, 0xEE}, /* 邦 */
    {0x90AA, 0xD0, 0xB0}, /* 邪 */
    {0x90AC, 0xDA, 0xF9}, /* 邬 */
    {0x90AE, 0xD3, 0xCA}, /* 邮 */
    {0x90AF, 0xBA, 0xAA}, /* 邯 */
    {0x90B0, 0xDB, 0xA2}, /* 邰 */
    {0x90B1, 0xC7, 0xF1}, /* 邱 */
    {0x90B3, 0xDA, 0xFC}, /* 邳 */
    {0x90B4, 0xDA, 0xFB}, /* 邴 */
    {0x90B5, 0xC9, 0xDB}, /* 邵 */
    {0x90B6, 0xDA, 0xFD}, /* 邶 */
    {0x90B8, 0xDB, 0xA1}, /* 邸 */
    {0x90B9, 0xD7, 0xDE}, /* 邹 */
    {0x90BA, 0xDA, 0xFE}, /* 邺 */
    {0x90BB, 0xC1, 0xDA}, /* 邻 */
    {0x90BE, 0xDB, 0xA5}, /* 邾 */
    {0x90C1, 0xD3, 0xF4}, /* 郁 */
    {0x90C4, 0xDB, 0xA7}, /* 郄 */
    {0x90C5, 0xDB, 0xA4}, /* 郅 */
    {0x90C7, 0xDB, 0xA8}, /* 郇 */
    {0x90CA, 0xBD, 0xBC}, /* 郊 */
    {0x90CE, 0xC0, 0xC9}, /* 郎 */
    {0x90CF, 0xDB, 0xA3}, /* 郏 */
    {0x90D0, 0xDB, 0xA6}, /* 郐 */
    {0x90D1, 0xD6, 0xA3}, /* 郑 */
    {0x90D3, 0xDB, 0xA9}, /* 郓 */
    {0x90D7, 0xDB, 0xAD}, /* 郗 */
    {0x90DB, 0xDB, 0xAE}, /* 郛 */
    {0x90DC, 0xDB, 0xAC}, /* 郜 */
    {0x90DD, 0xBA, 0xC2}, /* 郝 */
    {0x90E1, 0xBF, 0xA4}, /* 郡 */
    {0x90E2, 0xDB, 0xAB}, /* 郢 */
    {0x90E6, 0xDB, 0xAA}, /* 郦 */
    {0x90E7, 0xD4, 0xC7}, /* 郧 */
    {0x90E8, 0xB2, 0xBF}, /* 部 */
    {0x90EB, 0xDB, 0xAF}, /* 郫 */
    {0x90ED, 0xB9, 0xF9}, /* 郭 */
    {0x90EF, 0xDB, 0xB0}, /* 郯 */
    {0x90F4, 0xB3, 0xBB}, /* 郴 */
    {0x90F8, 0xB5, 0xA6}, /* 郸 */
    {0x90FD, 0xB6, 0xBC}, /* 都 */
    {0x90FE, 0xDB, 0xB1}, /* 郾 */
    {0x9102, 0xB6, 0xF5}, /* 鄂 */
    {0x9104, 0xDB, 0xB2}, /* 鄄 */
    {0x9119, 0xB1, 0xC9}, /* 鄙 */
    {0x911E, 0xDB, 0xB4}, /* 鄞 */
    {0x9122, 0xDB, 0xB3}, /* 鄢 */
    {0x9123, 0xDB, 0xB5}, /* 鄣 */
    {0x912F, 0xDB, 0xB7}, /* 鄯 */
    {0x9131, 0xDB, 0xB6}, /* 鄱 */
    {0x9139, 0xDB, 0xB8}, /* 鄹 */
    {0x9143, 0xDB, 0xB9}, /* 酃 */
    {0x9146, 0xDB, 0xBA}, /* 酆 */
    {0x9149, 0xD3, 0xCF}, /* 酉 */
    {0x914A, 0xF4, 0xFA}, /* 酊 */
    {0x914B, 0xC7, 0xF5}, /* 酋 */
    {0x914C, 0xD7, 0xC3}, /* 酌 */
    {0x914D, 0xC5, 0xE4}, /* 配 */
    {0x914E, 0xF4, 0xFC}, /* 酎 */
    {0x914F, 0xF4, 0xFD}, /* 酏 */
    {0x9150, 0xF4, 0xFB}, /* 酐 */
    {0x9152, 0xBE, 0xC6}, /* 酒 */
    {0x9157, 0xD0, 0xEF}, /* 酗 */
    {0x915A, 0xB7, 0xD3}, /* 酚 */
    {0x915D, 0xD4, 0xCD}, /* 酝 */
    {0x915E, 0xCC, 0xAA}, /* 酞 */
    {0x9161, 0xF5, 0xA2}, /* 酡 */
    {0x9162, 0xF5, 0xA1}, /* 酢 */
    {0x9163, 0xBA, 0xA8}, /* 酣 */
    {0x9164, 0xF4, 0xFE}, /* 酤 */
    {0x9165, 0xCB, 0xD6}, /* 酥 */
    {0x9169, 0xF5, 0xA4}, /* 酩 */
    {0x916A, 0xC0, 0xD2}, /* 酪 */
    {0x916C, 0xB3, 0xEA}, /* 酬 */
    {0x916E, 0xCD, 0xAA}, /* 酮 */
    {0x916F, 0xF5, 0xA5}, /* 酯 */
    {0x9170, 0xF5, 0xA3}, /* 酰 */
    {0x9171, 0xBD, 0xB4}, /* 酱 */
    {0x9172, 0xF5, 0xA8}, /* 酲 */
    {0x9174, 0xF5, 0xA9}, /* 酴 */
    {0x9175, 0xBD, 0xCD}, /* 酵 */
    {0x9176, 0xC3, 0xB8}, /* 酶 */
    {0x9177, 0xBF, 0xE1}, /* 酷 */
    {0x9178, 0xCB, 0xE1}, /* 酸 */
    {0x9179, 0xF5, 0xAA}, /* 酹 */
    {0x917D, 0xF5, 0xA6}, /* 酽 */
    {0x917E, 0xF5, 0xA7}, /* 酾 */
    {0x917F, 0xC4, 0xF0}, /* 酿 */
    {0x9185, 0xF5, 0xAC}, /* 醅 */
    {0x9187, 0xB4, 0xBC}, /* 醇 */
    {0x9189, 0xD7, 0xED}, /* 醉 */
    {0x918B, 0xB4, 0xD7}, /* 醋 */
    {0x918C, 0xF5, 0xAB}, /* 醌 */
    {0x918D, 0xF5, 0xAE}, /* 醍 */
    {0x9190, 0xF5, 0xAD}, /* 醐 */
    {0x9191, 0xF5, 0xAF}, /* 醑 */
    {0x9192, 0xD0, 0xD1}, /* 醒 */
    {0x919A, 0xC3, 0xD1}, /* 醚 */
    {0x919B, 0xC8, 0xA9}, /* 醛 */
    {0x91A2, 0xF5, 0xB0}, /* 醢 */
    {0x91A3, 0xF5, 0xB1}, /* 醣 */
    {0x91AA, 0xF5, 0xB2}, /* 醪 */
    {0x91AD, 0xF5, 0xB3}, /* 醭 */
    {0x91AE, 0xF5, 0xB4}, /* 醮 */
    {0x91AF, 0xF5, 0xB5}, /* 醯 */
    {0x91B4, 0xF5, 0xB7}, /* 醴 */
    {0x91B5, 0xF5, 0xB6}, /* 醵 */
    {0x91BA, 0xF5, 0xB8}, /* 醺 */
    {0x91C7, 0xB2, 0xC9}, /* 采 */
    {0x91C9, 0xD3, 0xD4}, /* 釉 */
    {0x91CA, 0xCA, 0xCD}, /* 释 */
    {0x91CC, 0xC0, 0xEF}, /* 里 */
    {0x91CD, 0xD6, 0xD8}, /* 重 */
    {0x91CE, 0xD2, 0xB0}, /* 野 */
    {0x91CF, 0xC1, 0xBF}, /* 量 */
    {0x91D1, 0xBD, 0xF0}, /* 金 */
    {0x91DC, 0xB8, 0xAA}, /* 釜 */
    {0x9274, 0xBC, 0xF8}, /* 鉴 */
    {0x928E, 0xF6, 0xC6}, /* 銎 */
    {0x92AE, 0xF6, 0xC7}, /* 銮 */
    {0x92C8, 0xF6, 0xC8}, /* 鋈 */
    {0x933E, 0xF6, 0xC9}, /* 錾 */
    {0x936A, 0xF6, 0xCA}, /* 鍪 */
    {0x938F, 0xF6, 0xCC}, /* 鎏 */
    {0x93CA, 0xF6, 0xCB}, /* 鏊 */
    {0x93D6, 0xF7, 0xE9}, /* 鏖 */
    {0x943E, 0xF6, 0xCD}, /* 鐾 */
    {0x946B, 0xF6, 0xCE}, /* 鑫 */
    {0x9485, 0xEE, 0xC4}, /* 钅 */
    {0x9486, 0xEE, 0xC5}, /* 钆 */
    {0x9487, 0xEE, 0xC6}, /* 钇 */
    {0x9488, 0xD5, 0xEB}, /* 针 */
    {0x9489, 0xB6, 0xA4}, /* 钉 */
    {0x948A, 0xEE, 0xC8}, /* 钊 */
    {0x948B, 0xEE, 0xC7}, /* 钋 */
    {0x948C, 0xEE, 0xC9}, /* 钌 */
    {0x948D, 0xEE, 0xCA}, /* 钍 */
    {0x948E, 0xC7, 0xA5}, /* 钎 */
    {0x948F, 0xEE, 0xCB}, /* 钏 */
    {0x9490, 0xEE, 0xCC}, /* 钐 */
    {0x9492, 0xB7, 0xB0}, /* 钒 */
    {0x9493, 0xB5, 0xF6}, /* 钓 */
    {0x9494, 0xEE, 0xCD}, /* 钔 */
    {0x9495, 0xEE, 0xCF}, /* 钕 */
    {0x9497, 0xEE, 0xCE}, /* 钗 */
    {0x9499, 0xB8, 0xC6}, /* 钙 */
    {0x949A, 0xEE, 0xD0}, /* 钚 */
    {0x949B, 0xEE, 0xD1}, /* 钛 */
    {0x949C, 0xEE, 0xD2}, /* 钜 */
    {0x949D, 0xB6, 0xDB}, /* 钝 */
    {0x949E, 0xB3, 0xAE}, /* 钞 */
    {0x949F, 0xD6, 0xD3}, /* 钟 */
    {0x94A0, 0xC4, 0xC6}, /* 钠 */
    {0x94A1, 0xB1, 0xB5}, /* 钡 */
    {0x94A2, 0xB8, 0xD6}, /* 钢 */
    {0x94A3, 0xEE, 0xD3}, /* 钣 */
    {0x94A4, 0xEE, 0xD4}, /* 钤 */
    {0x94A5, 0xD4, 0xBF}, /* 钥 */
    {0x94A6, 0xC7, 0xD5}, /* 钦 */
    {0x94A7, 0xBE, 0xFB}, /* 钧 */
    {0x94A8, 0xCE, 0xD9}, /* 钨 */
    {0x94A9, 0xB9, 0xB3}, /* 钩 */
    {0x94AA, 0xEE, 0xD6}, /* 钪 */
    {0x94AB, 0xEE, 0xD5}, /* 钫 */
    {0x94AC, 0xEE, 0xD8}, /* 钬 */
    {0x94AD, 0xEE, 0xD7}, /* 钭 */
    {0x94AE, 0xC5, 0xA5}, /* 钮 */
    {0x94AF, 0xEE, 0xD9}, /* 钯 */
    {0x94B0, 0xEE, 0xDA}, /* 钰 */
    {0x94B1, 0xC7, 0xAE}, /* 钱 */
    {0x94B2, 0xEE, 0xDB}, /* 钲 */
    {0x94B3, 0xC7, 0xAF}, /* 钳 */
    {0x94B4, 0xEE, 0xDC}, /* 钴 */
    {0x94B5, 0xB2, 0xA7}, /* 钵 */
    {0x94B6, 0xEE, 0xDD}, /* 钶 */
    {0x94B7, 0xEE, 0xDE}, /* 钷 */
    {0x94B8, 0xEE, 0xDF}, /* 钸 */
    {0x94B9, 0xEE, 0xE0}, /* 钹 */
    {0x94BA, 0xEE, 0xE1}, /* 钺 */
    {0x94BB, 0xD7, 0xEA}, /* 钻 */
    {0x94BC, 0xEE, 0xE2}, /* 钼 */
    {0x94BD, 0xEE, 0xE3}, /* 钽 */
    {0x94BE, 0xBC, 0xD8}, /* 钾 */
    {0x94BF, 0xEE, 0xE4}, /* 钿 */
    {0x94C0, 0xD3, 0xCB}, /* 铀 */
    {0x94C1, 0xCC, 0xFA}, /* 铁 */
    {0x94C2, 0xB2, 0xAC}, /* 铂 */
    {0x94C3, 0xC1, 0xE5}, /* 铃 */
    {0x94C4, 0xEE, 0xE5}, /* 铄 */
    {0x94C5, 0xC7, 0xA6}, /* 铅 */
    {0x94C6, 0xC3, 0xAD}, /* 铆 */
    {0x94C8, 0xEE, 0xE6}, /* 铈 */
    {0x94C9, 0xEE, 0xE7}, /* 铉 */
    {0x94CA, 0xEE, 0xE8}, /* 铊 */
    {0x94CB, 0xEE, 0xE9}, /* 铋 */
    {0x94CC, 0xEE, 0xEA}, /* 铌 */
    {0x94CD, 0xEE, 0xEB}, /* 铍 */
    {0x94CE, 0xEE, 0xEC}, /* 铎 */
    {0x94D0, 0xEE, 0xED}, /* 铐 */
    {0x94D1, 0xEE, 0xEE}, /* 铑 */
    {0x94D2, 0xEE, 0xEF}, /* 铒 */
    {0x94D5, 0xEE, 0xF0}, /* 铕 */
    {0x94D6, 0xEE, 0xF1}, /* 铖 */
    {0x94D7, 0xEE, 0xF2}, /* 铗 */
    {0x94D8, 0xEE, 0xF4}, /* 铘 */
    {0x94D9, 0xEE, 0xF3}, /* 铙 */
    {0x94DB, 0xEE, 0xF5}, /* 铛 */
    {0x94DC, 0xCD, 0xAD}, /* 铜 */
    {0x94DD, 0xC2, 0xC1}, /* 铝 */
    {0x94DE, 0xEE, 0xF6}, /* 铞 */
    {0x94DF, 0xEE, 0xF7}, /* 铟 */
    {0x94E0, 0xEE, 0xF8}, /* 铠 */
    {0x94E1, 0xD5, 0xA1}, /* 铡 */
    {0x94E2, 0xEE, 0xF9}, /* 铢 */
    {0x94E3, 0xCF, 0xB3}, /* 铣 */
    {0x94E4, 0xEE, 0xFA}, /* 铤 */
    {0x94E5, 0xEE, 0xFB}, /* 铥 */
    {0x94E7, 0xEE, 0xFC}, /* 铧 */
    {0x94E8, 0xEE, 0xFD}, /* 铨 */
    {0x94E9, 0xEF, 0xA1}, /* 铩 */
    {0x94EA, 0xEE, 0xFE}, /* 铪 */
    {0x94EB, 0xEF, 0xA2}, /* 铫 */
    {0x94EC, 0xB8, 0xF5}, /* 铬 */
    {0x94ED, 0xC3, 0xFA}, /* 铭 */
    {0x94EE, 0xEF, 0xA3}, /* 铮 */
    {0x94EF, 0xEF, 0xA4}, /* 铯 */
    {0x94F0, 0xBD, 0xC2}, /* 铰 */
    {0x94F1, 0xD2, 0xBF}, /* 铱 */
    {0x94F2, 0xB2, 0xF9}, /* 铲 */
    {0x94F3, 0xEF, 0xA5}, /* 铳 */
    {0x94F4, 0xEF, 0xA6}, /* 铴 */
    {0x94F5, 0xEF, 0xA7}, /* 铵 */
    {0x94F6, 0xD2, 0xF8}, /* 银 */
    {0x94F7, 0xEF, 0xA8}, /* 铷 */
    {0x94F8, 0xD6, 0xFD}, /* 铸 */
    {0x94F9, 0xEF, 0xA9}, /* 铹 */
    {0x94FA, 0xC6, 0xCC}, /* 铺 */
    {0x94FC, 0xEF, 0xAA}, /* 铼 */
    {0x94FD, 0xEF, 0xAB}, /* 铽 */
    {0x94FE, 0xC1, 0xB4}, /* 链 */
    {0x94FF, 0xEF, 0xAC}, /* 铿 */
    {0x9500, 0xCF, 0xFA}, /* 销 */
    {0x9501, 0xCB, 0xF8}, /* 锁 */
    {0x9502, 0xEF, 0xAE}, /* 锂 */
    {0x9503, 0xEF, 0xAD}, /* 锃 */
    {0x9504, 0xB3, 0xFA}, /* 锄 */
    {0x9505, 0xB9, 0xF8}, /* 锅 */
    {0x9506, 0xEF, 0xAF}, /* 锆 */
    {0x9507, 0xEF, 0xB0}, /* 锇 */
    {0x9508, 0xD0, 0xE2}, /* 锈 */
    {0x9509, 0xEF, 0xB1}, /* 锉 */
    {0x950A, 0xEF, 0xB2}, /* 锊 */
    {0x950B, 0xB7, 0xE6}, /* 锋 */
    {0x950C, 0xD0, 0xBF}, /* 锌 */
    {0x950D, 0xEF, 0xB3}, /* 锍 */
    {0x950E, 0xEF, 0xB4}, /* 锎 */
    {0x950F, 0xEF, 0xB5}, /* 锏 */
    {0x9510, 0xC8, 0xF1}, /* 锐 */
    {0x9511, 0xCC, 0xE0}, /* 锑 */
    {0x9512, 0xEF, 0xB6}, /* 锒 */
    {0x9513, 0xEF, 0xB7}, /* 锓 */
    {0x9514, 0xEF, 0xB8}, /* 锔 */
    {0x9515, 0xEF, 0xB9}, /* 锕 */
    {0x9516, 0xEF, 0xBA}, /* 锖 */
    {0x9517, 0xD5, 0xE0}, /* 锗 */
    {0x9518, 0xEF, 0xBB}, /* 锘 */
    {0x9519, 0xB4, 0xED}, /* 错 */
    {0x951A, 0xC3, 0xAA}, /* 锚 */
    {0x951B, 0xEF, 0xBC}, /* 锛 */
    {0x951D, 0xEF, 0xBD}, /* 锝 */
    {0x951E, 0xEF, 0xBE}, /* 锞 */
    {0x951F, 0xEF, 0xBF}, /* 锟 */
    {0x9521, 0xCE, 0xFD}, /* 锡 */
    {0x9522, 0xEF, 0xC0}, /* 锢 */
    {0x9523, 0xC2, 0xE0}, /* 锣 */
    {0x9524, 0xB4, 0xB8}, /* 锤 */
    {0x9525, 0xD7, 0xB6}, /* 锥 */
    {0x9526, 0xBD, 0xF5}, /* 锦 */
    {0x9528, 0xCF, 0xC7}, /* 锨 */
    {0x9529, 0xEF, 0xC3}, /* 锩 */
    {0x952A, 0xEF, 0xC1}, /* 锪 */
    {0x952B, 0xEF, 0xC2}, /* 锫 */
    {0x952C, 0xEF, 0xC4}, /* 锬 */
    {0x952D, 0xB6, 0xA7}, /* 锭 */
    {0x952E, 0xBC, 0xFC}, /* 键 */
    {0x952F, 0xBE, 0xE2}, /* 锯 */
    {0x9530, 0xC3, 0xCC}, /* 锰 */
    {0x9531, 0xEF, 0xC5}, /* 锱 */
    {0x9532, 0xEF, 0xC6}, /* 锲 */
    {0x9534, 0xEF, 0xC7}, /* 锴 */
    {0x9535, 0xEF, 0xCF}, /* 锵 */
    {0x9536, 0xEF, 0xC8}, /* 锶 */
    {0x9537, 0xEF, 0xC9}, /* 锷 */
    {0x9538, 0xEF, 0xCA}, /* 锸 */
    {0x9539, 0xC7, 0xC2}, /* 锹 */
    {0x953A, 0xEF, 0xF1}, /* 锺 */
    {0x953B, 0xB6, 0xCD}, /* 锻 */
    {0x953C, 0xEF, 0xCB}, /* 锼 */
    {0x953E, 0xEF, 0xCC}, /* 锾 */
    {0x953F, 0xEF, 0xCD}, /* 锿 */
    {0x9540, 0xB6, 0xC6}, /* 镀 */
    {0x9541, 0xC3, 0xBE}, /* 镁 */
    {0x9542, 0xEF, 0xCE}, /* 镂 */
    {0x9544, 0xEF, 0xD0}, /* 镄 */
    {0x9545, 0xEF, 0xD1}, /* 镅 */
    {0x9546, 0xEF, 0xD2}, /* 镆 */
    {0x9547, 0xD5, 0xF2}, /* 镇 */
    {0x9549, 0xEF, 0xD3}, /* 镉 */
    {0x954A, 0xC4, 0xF7}, /* 镊 */
    {0x954C, 0xEF, 0xD4}, /* 镌 */
    {0x954D, 0xC4, 0xF8}, /* 镍 */
    {0x954E, 0xEF, 0xD5}, /* 镎 */
    {0x954F, 0xEF, 0xD6}, /* 镏 */
    {0x9550, 0xB8, 0xE4}, /* 镐 */
    {0x9551, 0xB0, 0xF7}, /* 镑 */
    {0x9552, 0xEF, 0xD7}, /* 镒 */
    {0x9553, 0xEF, 0xD8}, /* 镓 */
    {0x9554, 0xEF, 0xD9}, /* 镔 */
    {0x9556, 0xEF, 0xDA}, /* 镖 */
    {0x9557, 0xEF, 0xDB}, /* 镗 */
    {0x9558, 0xEF, 0xDC}, /* 镘 */
    {0x9559, 0xEF, 0xDD}, /* 镙 */
    {0x955B, 0xEF, 0xDE}, /* 镛 */
    {0x955C, 0xBE, 0xB5}, /* 镜 */
    {0x955D, 0xEF, 0xE1}, /* 镝 */
    {0x955E, 0xEF, 0xDF}, /* 镞 */
    {0x955F, 0xEF, 0xE0}, /* 镟 */
    {0x9561, 0xEF, 0xE2}, /* 镡 */
    {0x9562, 0xEF, 0xE3}, /* 镢 */
    {0x9563, 0xC1, 0xCD}, /* 镣 */
    {0x9564, 0xEF, 0xE4}, /* 镤 */
    {0x9565, 0xEF, 0xE5}, /* 镥 */
    {0x9566, 0xEF, 0xE6}, /* 镦 */
    {0x9567, 0xEF, 0xE7}, /* 镧 */
    {0x9568, 0xEF, 0xE8}, /* 镨 */
    {0x9569, 0xEF, 0xE9}, /* 镩 */
    {0x956A, 0xEF, 0xEA}, /* 镪 */
    {0x956B, 0xEF, 0xEB}, /* 镫 */
    {0x956C, 0xEF, 0xEC}, /* 镬 */
    {0x956D, 0xC0, 0xD8}, /* 镭 */
    {0x956F, 0xEF, 0xED}, /* 镯 */
    {0x9570, 0xC1, 0xAD}, /* 镰 */
    {0x9571, 0xEF, 0xEE}, /* 镱 */
    {0x9572, 0xEF, 0xEF}, /* 镲 */
    {0x9573, 0xEF, 0xF0}, /* 镳 */
    {0x9576, 0xCF, 0xE2}, /* 镶 */
    {0x957F, 0xB3, 0xA4}, /* 长 */
    {0x95E8, 0xC3, 0xC5}, /* 门 */
    {0x95E9, 0xE3, 0xC5}, /* 闩 */
    {0x95EA, 0xC9, 0xC1}, /* 闪 */
    {0x95EB, 0xE3, 0xC6}, /* 闫 */
    {0x95ED, 0xB1, 0xD5}, /* 闭 */
    {0x95EE, 0xCE, 0xCA}, /* 问 */
    {0x95EF, 0xB4, 0xB3}, /* 闯 */
    {0x95F0, 0xC8, 0xF2}, /* 闰 */
    {0x95F1, 0xE3, 0xC7}, /* 闱 */
    {0x95F2, 0xCF, 0xD0}, /* 闲 */
    {0x95F3, 0xE3, 0xC8}, /* 闳 */
    {0x95F4, 0xBC, 0xE4}, /* 间 */
    {0x95F5, 0xE3, 0xC9}, /* 闵 */
    {0x95F6, 0xE3, 0xCA}, /* 闶 */
    {0x95F7, 0xC3, 0xC6}, /* 闷 */
    {0x95F8, 0xD5, 0xA2}, /* 闸 */
    {0x95F9, 0xC4, 0xD6}, /* 闹 */
    {0x95FA, 0xB9, 0xEB}, /* 闺 */
    {0x95FB, 0xCE, 0xC5}, /* 闻 */
    {0x95FC, 0xE3, 0xCB}, /* 闼 */
    {0x95FD, 0xC3, 0xF6}, /* 闽 */
    {0x95FE, 0xE3, 0xCC}, /* 闾 */
    {0x9600, 0xB7, 0xA7}, /* 阀 */
    {0x9601, 0xB8, 0xF3}, /* 阁 */
    {0x9602, 0xBA, 0xD2}, /* 阂 */
    {0x9603, 0xE3, 0xCD}, /* 阃 */
    {0x9604, 0xE3, 0xCE}, /* 阄 */
    {0x9605, 0xD4, 0xC4}, /* 阅 */
    {0x9606, 0xE3, 0xCF}, /* 阆 */
    {0x9608, 0xE3, 0xD0}, /* 阈 */
    {0x9609, 0xD1, 0xCB}, /* 阉 */
    {0x960A, 0xE3, 0xD1}, /* 阊 */
    {0x960B, 0xE3, 0xD2}, /* 阋 */
    {0x960C, 0xE3, 0xD3}, /* 阌 */
    {0x960D, 0xE3, 0xD4}, /* 阍 */
    {0x960E, 0xD1, 0xD6}, /* 阎 */
    {0x960F, 0xE3, 0xD5}, /* 阏 */
    {0x9610, 0xB2, 0xFB}, /* 阐 */
    {0x9611, 0xC0, 0xBB}, /* 阑 */
    {0x9612, 0xE3, 0xD6}, /* 阒 */
    {0x9614, 0xC0, 0xAB}, /* 阔 */
    {0x9615, 0xE3, 0xD7}, /* 阕 */
    {0x9616, 0xE3, 0xD8}, /* 阖 */
    {0x9617, 0xE3, 0xD9}, /* 阗 */
    {0x9619, 0xE3, 0xDA}, /* 阙 */
    {0x961A, 0xE3, 0xDB}, /* 阚 */
    {0x961C, 0xB8, 0xB7}, /* 阜 */
    {0x961D, 0xDA, 0xE2}, /* 阝 */
    {0x961F, 0xB6, 0xD3}, /* 队 */
    {0x9621, 0xDA, 0xE4}, /* 阡 */
    {0x9622, 0xDA, 0xE3}, /* 阢 */
    {0x962A, 0xDA, 0xE6}, /* 阪 */
    {0x962E, 0xC8, 0xEE}, /* 阮 */
    {0x9631, 0xDA, 0xE5}, /* 阱 */
    {0x9632, 0xB7, 0xC0}, /* 防 */
    {0x9633, 0xD1, 0xF4}, /* 阳 */
    {0x9634, 0xD2, 0xF5}, /* 阴 */
    {0x9635, 0xD5, 0xF3}, /* 阵 */
    {0x9636, 0xBD, 0xD7}, /* 阶 */
    {0x963B, 0xD7, 0xE8}, /* 阻 */
    {0x963C, 0xDA, 0xE8}, /* 阼 */
    {0x963D, 0xDA, 0xE7}, /* 阽 */
    {0x963F, 0xB0, 0xA2}, /* 阿 */
    {0x9640, 0xCD, 0xD3}, /* 陀 */
    {0x9642, 0xDA, 0xE9}, /* 陂 */
    {0x9644, 0xB8, 0xBD}, /* 附 */
    {0x9645, 0xBC, 0xCA}, /* 际 */
    {0x9646, 0xC2, 0xBD}, /* 陆 */
    {0x9647, 0xC2, 0xA4}, /* 陇 */
    {0x9648, 0xB3, 0xC2}, /* 陈 */
    {0x9649, 0xDA, 0xEA}, /* 陉 */
    {0x964B, 0xC2, 0xAA}, /* 陋 */
    {0x964C, 0xC4, 0xB0}, /* 陌 */
    {0x964D, 0xBD, 0xB5}, /* 降 */
    {0x9650, 0xCF, 0xDE}, /* 限 */
    {0x9654, 0xDA, 0xEB}, /* 陔 */
    {0x9655, 0xC9, 0xC2}, /* 陕 */
    {0x965B, 0xB1, 0xDD}, /* 陛 */
    {0x965F, 0xDA, 0xEC}, /* 陟 */
    {0x9661, 0xB6, 0xB8}, /* 陡 */
    {0x9662, 0xD4, 0xBA}, /* 院 */
    {0x9664, 0xB3, 0xFD}, /* 除 */
    {0x9667, 0xDA, 0xED}, /* 陧 */
    {0x9668, 0xD4, 0xC9}, /* 陨 */
    {0x9669, 0xCF, 0xD5}, /* 险 */
    {0x966A, 0xC5, 0xE3}, /* 陪 */
    {0x966C, 0xDA, 0xEE}, /* 陬 */
    {0x9672, 0xDA, 0xEF}, /* 陲 */
    {0x9674, 0xDA, 0xF0}, /* 陴 */
    {0x9675, 0xC1, 0xEA}, /* 陵 */
    {0x9676, 0xCC, 0xD5}, /* 陶 */
    {0x9677, 0xCF, 0xDD}, /* 陷 */
    {0x9685, 0xD3, 0xE7}, /* 隅 */
    {0x9686, 0xC2, 0xA1}, /* 隆 */
    {0x9688, 0xDA, 0xF1}, /* 隈 */
    {0x968B, 0xCB, 0xE5}, /* 隋 */
    {0x968D, 0xDA, 0xF2}, /* 隍 */
    {0x968F, 0xCB, 0xE6}, /* 随 */
    {0x9690, 0xD2, 0xFE}, /* 隐 */
    {0x9694, 0xB8, 0xF4}, /* 隔 */
    {0x9697, 0xDA, 0xF3}, /* 隗 */
    {0x9698, 0xB0, 0xAF}, /* 隘 */
    {0x9699, 0xCF, 0xB6}, /* 隙 */
    {0x969C, 0xD5, 0xCF}, /* 障 */
    {0x96A7, 0xCB, 0xED}, /* 隧 */
    {0x96B0, 0xDA, 0xF4}, /* 隰 */
    {0x96B3, 0xE3, 0xC4}, /* 隳 */
    {0x96B6, 0xC1, 0xA5}, /* 隶 */
    {0x96B9, 0xF6, 0xBF}, /* 隹 */
    {0x96BC, 0xF6, 0xC0}, /* 隼 */
    {0x96BD, 0xF6, 0xC1}, /* 隽 */
    {0x96BE, 0xC4, 0xD1}, /* 难 */
    {0x96C0, 0xC8, 0xB8}, /* 雀 */
    {0x96C1, 0xD1, 0xE3}, /* 雁 */
    {0x96C4, 0xD0, 0xDB}, /* 雄 */
    {0x96C5, 0xD1, 0xC5}, /* 雅 */
    {0x96C6, 0xBC, 0xAF}, /* 集 */
    {0x96C7, 0xB9, 0xCD}, /* 雇 */
    {0x96C9, 0xEF, 0xF4}, /* 雉 */
    {0x96CC, 0xB4, 0xC6}, /* 雌 */
    {0x96CD, 0xD3, 0xBA}, /* 雍 */
    {0x96CE, 0xF6, 0xC2}, /* 雎 */
    {0x96CF, 0xB3, 0xFB}, /* 雏 */
    {0x96D2, 0xF6, 0xC3}, /* 雒 */
    {0x96D5, 0xB5, 0xF1}, /* 雕 */
    {0x96E0, 0xF6, 0xC5}, /* 雠 */
    {0x96E8, 0xD3, 0xEA}, /* 雨 */
    {0x96E9, 0xF6, 0xA7}, /* 雩 */
    {0x96EA, 0xD1, 0xA9}, /* 雪 */
    {0x96EF, 0xF6, 0xA9}, /* 雯 */
    {0x96F3, 0xF6, 0xA8}, /* 雳 */
    {0x96F6, 0xC1, 0xE3}, /* 零 */
    {0x96F7, 0xC0, 0xD7}, /* 雷 */
    {0x96F9, 0xB1, 0xA2}, /* 雹 */
    {0x96FE, 0xCE, 0xED}, /* 雾 */
    {0x9700, 0xD0, 0xE8}, /* 需 */
    {0x9701, 0xF6, 0xAB}, /* 霁 */
    {0x9704, 0xCF, 0xF6}, /* 霄 */
    {0x9706, 0xF6, 0xAA}, /* 霆 */
    {0x9707, 0xD5, 0xF0}, /* 震 */
    {0x9708, 0xF6, 0xAC}, /* 霈 */
    {0x9709, 0xC3, 0xB9}, /* 霉 */
    {0x970D, 0xBB, 0xF4}, /* 霍 */
    {0x970E, 0xF6, 0xAE}, /* 霎 */
    {0x970F, 0xF6, 0xAD}, /* 霏 */
    {0x9713, 0xC4, 0xDE}, /* 霓 */
    {0x9716, 0xC1, 0xD8}, /* 霖 */
    {0x971C, 0xCB, 0xAA}, /* 霜 */
    {0x971E, 0xCF, 0xBC}, /* 霞 */
    {0x972A, 0xF6, 0xAF}, /* 霪 */
    {0x972D, 0xF6, 0xB0}, /* 霭 */
    {0x9730, 0xF6, 0xB1}, /* 霰 */
    {0x9732, 0xC2, 0xB6}, /* 露 */
    {0x9738, 0xB0, 0xD4}, /* 霸 */
    {0x9739, 0xC5, 0xF9}, /* 霹 */
    {0x973E, 0xF6, 0xB2}, /* 霾 */
    {0x9752, 0xC7, 0xE0}, /* 青 */
    {0x9753, 0xF6, 0xA6}, /* 靓 */
    {0x9756, 0xBE, 0xB8}, /* 靖 */
    {0x9759, 0xBE, 0xB2}, /* 静 */
    {0x975B, 0xB5, 0xE5}, /* 靛 */
    {0x975E, 0xB7, 0xC7}, /* 非 */
    {0x9760, 0xBF, 0xBF}, /* 靠 */
    {0x9761, 0xC3, 0xD2}, /* 靡 */
    {0x9762, 0xC3, 0xE6}, /* 面 */
    {0x9765, 0xD8, 0xCC}, /* 靥 */
    {0x9769, 0xB8, 0xEF}, /* 革 */
    {0x9773, 0xBD, 0xF9}, /* 靳 */
    {0x9774, 0xD1, 0xA5}, /* 靴 */
    {0x9776, 0xB0, 0xD0}, /* 靶 */
    {0x977C, 0xF7, 0xB0}, /* 靼 */
    {0x9785, 0xF7, 0xB1}, /* 鞅 */
    {0x978B, 0xD0, 0xAC}, /* 鞋 */
    {0x978D, 0xB0, 0xB0}, /* 鞍 */
    {0x9791, 0xF7, 0xB2}, /* 鞑 */
    {0x9792, 0xF7, 0xB3}, /* 鞒 */
    {0x9794, 0xF7, 0xB4}, /* 鞔 */
    {0x9798, 0xC7, 0xCA}, /* 鞘 */
    {0x97A0, 0xBE, 0xCF}, /* 鞠 */
    {0x97A3, 0xF7, 0xB7}, /* 鞣 */
    {0x97AB, 0xF7, 0xB6}, /* 鞫 */
    {0x97AD, 0xB1, 0xDE}, /* 鞭 */
    {0x97AF, 0xF7, 0xB5}, /* 鞯 */
    {0x97B2, 0xF7, 0xB8}, /* 鞲 */
    {0x97B4, 0xF7, 0xB9}, /* 鞴 */
    {0x97E6, 0xCE, 0xA4}, /* 韦 */
    {0x97E7, 0xC8, 0xCD}, /* 韧 */
    {0x97E9, 0xBA, 0xAB}, /* 韩 */
    {0x97EA, 0xE8, 0xB8}, /* 韪 */
    {0x97EB, 0xE8, 0xB9}, /* 韫 */
    {0x97EC, 0xE8, 0xBA}, /* 韬 */
    {0x97ED, 0xBE, 0xC2}, /* 韭 */
    {0x97F3, 0xD2, 0xF4}, /* 音 */
    {0x97F5, 0xD4, 0xCF}, /* 韵 */
    {0x97F6, 0xC9, 0xD8}, /* 韶 */
    {0x9875, 0xD2, 0xB3}, /* 页 */
    {0x9876, 0xB6, 0xA5}, /* 顶 */
    {0x9877, 0xC7, 0xEA}, /* 顷 */
    {0x9878, 0xF1, 0xFC}, /* 顸 */
    {0x9879, 0xCF, 0xEE}, /* 项 */
    {0x987A, 0xCB, 0xB3}, /* 顺 */
    {0x987B, 0xD0, 0xEB}, /* 须 */
    {0x987C, 0xE7, 0xEF}, /* 顼 */
    {0x987D, 0xCD, 0xE7}, /* 顽 */
    {0x987E, 0xB9, 0xCB}, /* 顾 */
    {0x987F, 0xB6, 0xD9}, /* 顿 */
    {0x9880, 0xF1, 0xFD}, /* 颀 */
    {0x9881, 0xB0, 0xE4}, /* 颁 */
    {0x9882, 0xCB, 0xCC}, /* 颂 */
    {0x9883, 0xF1, 0xFE}, /* 颃 */
    {0x9884, 0xD4, 0xA4}, /* 预 */
    {0x9885, 0xC2, 0xAD}, /* 颅 */
    {0x9886, 0xC1, 0xEC}, /* 领 */
    {0x9887, 0xC6, 0xC4}, /* 颇 */
    {0x9888, 0xBE, 0xB1}, /* 颈 */
    {0x9889, 0xF2, 0xA1}, /* 颉 */
    {0x988A, 0xBC, 0xD5}, /* 颊 */
    {0x988C, 0xF2, 0xA2}, /* 颌 */
    {0x988D, 0xF2, 0xA3}, /* 颍 */
    {0x988F, 0xF2, 0xA4}, /* 颏 */
    {0x9890, 0xD2, 0xC3}, /* 颐 */
    {0x9891, 0xC6, 0xB5}, /* 频 */
    {0x9893, 0xCD, 0xC7}, /* 颓 */
    {0x9894, 0xF2, 0xA5}, /* 颔 */
    {0x9896, 0xD3, 0xB1}, /* 颖 */
    {0x9897, 0xBF, 0xC5}, /* 颗 */
    {0x9898, 0xCC, 0xE2}, /* 题 */
    {0x989A, 0xF2, 0xA6}, /* 颚 */
    {0x989B, 0xF2, 0xA7}, /* 颛 */
    {0x989C, 0xD1, 0xD5}, /* 颜 */
    {0x989D, 0xB6, 0xEE}, /* 额 */
    {0x989E, 0xF2, 0xA8}, /* 颞 */
    {0x989F, 0xF2, 0xA9}, /* 颟 */
    {0x98A0, 0xB5, 0xDF}, /* 颠 */
    {0x98A1, 0xF2, 0xAA}, /* 颡 */
    {0x98A2, 0xF2, 0xAB}, /* 颢 */
    {0x98A4, 0xB2, 0xFC}, /* 颤 */
    {0x98A5, 0xF2, 0xAC}, /* 颥 */
    {0x98A6, 0xF2, 0xAD}, /* 颦 */
    {0x98A7, 0xC8, 0xA7}, /* 颧 */
    {0x98CE, 0xB7, 0xE7}, /* 风 */
    {0x98D1, 0xEC, 0xA9}, /* 飑 */
    {0x98D2, 0xEC, 0xAA}, /* 飒 */
    {0x98D3, 0xEC, 0xAB}, /* 飓 */
    {0x98D5, 0xEC, 0xAC}, /* 飕 */
    {0x98D8, 0xC6, 0xAE}, /* 飘 */
    {0x98D9, 0xEC, 0xAD}, /* 飙 */
    {0x98DA, 0xEC, 0xAE}, /* 飚 */
    {0x98DE, 0xB7, 0xC9}, /* 飞 */
    {0x98DF, 0xCA, 0xB3}, /* 食 */
    {0x98E7, 0xE2, 0xB8}, /* 飧 */
    {0x98E8, 0xF7, 0xCF}, /* 飨 */
    {0x990D, 0xF7, 0xD0}, /* 餍 */
    {0x9910, 0xB2, 0xCD}, /* 餐 */
    {0x992E, 0xF7, 0xD1}, /* 餮 */
    {0x9954, 0xF7, 0xD3}, /* 饔 */
    {0x9955, 0xF7, 0xD2}, /* 饕 */
    {0x9963, 0xE2, 0xBB}, /* 饣 */
    {0x9965, 0xBC, 0xA2}, /* 饥 */
    {0x9967, 0xE2, 0xBC}, /* 饧 */
    {0x9968, 0xE2, 0xBD}, /* 饨 */
    {0x9969, 0xE2, 0xBE}, /* 饩 */
    {0x996A, 0xE2, 0xBF}, /* 饪 */
    {0x996B, 0xE2, 0xC0}, /* 饫 */
    {0x996C, 0xE2, 0xC1}, /* 饬 */
    {0x996D, 0xB7, 0xB9}, /* 饭 */
    {0x996E, 0xD2, 0xFB}, /* 饮 */
    {0x996F, 0xBD, 0xA4}, /* 饯 */
    {0x9970, 0xCA, 0xCE}, /* 饰 */
    {0x9971, 0xB1, 0xA5}, /* 饱 */
    {0x9972, 0xCB, 0xC7}, /* 饲 */
    {0x9974, 0xE2, 0xC2}, /* 饴 */
    {0x9975, 0xB6, 0xFC}, /* 饵 */
    {0x9976, 0xC8, 0xC4}, /* 饶 */
    {0x9977, 0xE2, 0xC3}, /* 饷 */
    {0x997A, 0xBD, 0xC8}, /* 饺 */
    {0x997C, 0xB1, 0xFD}, /* 饼 */
    {0x997D, 0xE2, 0xC4}, /* 饽 */
    {0x997F, 0xB6, 0xF6}, /* 饿 */
    {0x9980, 0xE2, 0xC5}, /* 馀 */
    {0x9981, 0xC4, 0xD9}, /* 馁 */
    {0x9984, 0xE2, 0xC6}, /* 馄 */
    {0x9985, 0xCF, 0xDA}, /* 馅 */
    {0x9986, 0xB9, 0xDD}, /* 馆 */
    {0x9987, 0xE2, 0xC7}, /* 馇 */
    {0x9988, 0xC0, 0xA1}, /* 馈 */
    {0x998A, 0xE2, 0xC8}, /* 馊 */
    {0x998B, 0xB2, 0xF6}, /* 馋 */
    {0x998D, 0xE2, 0xC9}, /* 馍 */
    {0x998F, 0xC1, 0xF3}, /* 馏 */
    {0x9990, 0xE2, 0xCA}, /* 馐 */
    {0x9991, 0xE2, 0xCB}, /* 馑 */
    {0x9992, 0xC2, 0xF8}, /* 馒 */
    {0x9993, 0xE2, 0xCC}, /* 馓 */
    {0x9994, 0xE2, 0xCD}, /* 馔 */
    {0x9995, 0xE2, 0xCE}, /* 馕 */
    {0x9996, 0xCA, 0xD7}, /* 首 */
    {0x9997, 0xD8, 0xB8}, /* 馗 */
    {0x9998, 0xD9, 0xE5}, /* 馘 */
    {0x9999, 0xCF, 0xE3}, /* 香 */
    {0x99A5, 0xF0, 0xA5}, /* 馥 */
    {0x99A8, 0xDC, 0xB0}, /* 馨 */
    {0x9A6C, 0xC2, 0xED}, /* 马 */
    {0x9A6D, 0xD4, 0xA6}, /* 驭 */
    {0x9A6E, 0xCD, 0xD4}, /* 驮 */
    {0x9A6F, 0xD1, 0xB1}, /* 驯 */
    {0x9A70, 0xB3, 0xDB}, /* 驰 */
    {0x9A71, 0xC7, 0xFD}, /* 驱 */
    {0x9A73, 0xB2, 0xB5}, /* 驳 */
    {0x9A74, 0xC2, 0xBF}, /* 驴 */
    {0x9A75, 0xE6, 0xE0}, /* 驵 */
    {0x9A76, 0xCA, 0xBB}, /* 驶 */
    {0x9A77, 0xE6, 0xE1}, /* 驷 */
    {0x9A78, 0xE6, 0xE2}, /* 驸 */
    {0x9A79, 0xBE, 0xD4}, /* 驹 */
    {0x9A7A, 0xE6, 0xE3}, /* 驺 */
    {0x9A7B, 0xD7, 0xA4}, /* 驻 */
    {0x9A7C, 0xCD, 0xD5}, /* 驼 */
    {0x9A7D, 0xE6, 0xE5}, /* 驽 */
    {0x9A7E, 0xBC, 0xDD}, /* 驾 */
    {0x9A7F, 0xE6, 0xE4}, /* 驿 */
    {0x9A80, 0xE6, 0xE6}, /* 骀 */
    {0x9A81, 0xE6, 0xE7}, /* 骁 */
    {0x9A82, 0xC2, 0xEE}, /* 骂 */
    {0x9A84, 0xBD, 0xBE}, /* 骄 */
    {0x9A85, 0xE6, 0xE8}, /* 骅 */
    {0x9A86, 0xC2, 0xE6}, /* 骆 */
    {0x9A87, 0xBA, 0xA7}, /* 骇 */
    {0x9A88, 0xE6, 0xE9}, /* 骈 */
    {0x9A8A, 0xE6, 0xEA}, /* 骊 */
    {0x9A8B, 0xB3, 0xD2}, /* 骋 */
    {0x9A8C, 0xD1, 0xE9}, /* 验 */
    {0x9A8F, 0xBF, 0xA5}, /* 骏 */
    {0x9A90, 0xE6, 0xEB}, /* 骐 */
    {0x9A91, 0xC6, 0xEF}, /* 骑 */
    {0x9A92, 0xE6, 0xEC}, /* 骒 */
    {0x9A93, 0xE6, 0xED}, /* 骓 */
    {0x9A96, 0xE6, 0xEE}, /* 骖 */
    {0x9A97, 0xC6, 0xAD}, /* 骗 */
    {0x9A98, 0xE6, 0xEF}, /* 骘 */
    {0x9A9A, 0xC9, 0xA7}, /* 骚 */
    {0x9A9B, 0xE6, 0xF0}, /* 骛 */
    {0x9A9C, 0xE6, 0xF1}, /* 骜 */
    {0x9A9D, 0xE6, 0xF2}, /* 骝 */
    {0x9A9E, 0xE5, 0xB9}, /* 骞 */
    {0x9A9F, 0xE6, 0xF3}, /* 骟 */
    {0x9AA0, 0xE6, 0xF4}, /* 骠 */
    {0x9AA1, 0xC2, 0xE2}, /* 骡 */
    {0x9AA2, 0xE6, 0xF5}, /* 骢 */
    {0x9AA3, 0xE6, 0xF6}, /* 骣 */
    {0x9AA4, 0xD6, 0xE8}, /* 骤 */
    {0x9AA5, 0xE6, 0xF7}, /* 骥 */
    {0x9AA7, 0xE6, 0xF8}, /* 骧 */
    {0x9AA8, 0xB9, 0xC7}, /* 骨 */
    {0x9AB0, 0xF7, 0xBB}, /* 骰 */
    {0x9AB1, 0xF7, 0xBA}, /* 骱 */
    {0x9AB6, 0xF7, 0xBE}, /* 骶 */
    {0x9AB7, 0xF7, 0xBC}, /* 骷 */
    {0x9AB8, 0xBA, 0xA1}, /* 骸 */
    {0x9ABA, 0xF7, 0xBF}, /* 骺 */
    {0x9ABC, 0xF7, 0xC0}, /* 骼 */
    {0x9AC0, 0xF7, 0xC2}, /* 髀 */
    {0x9AC1, 0xF7, 0xC1}, /* 髁 */
    {0x9AC2, 0xF7, 0xC4}, /* 髂 */
    {0x9AC5, 0xF7, 0xC3}, /* 髅 */
    {0x9ACB, 0xF7, 0xC5}, /* 髋 */
    {0x9ACC, 0xF7, 0xC6}, /* 髌 */
    {0x9AD1, 0xF7, 0xC7}, /* 髑 */
    {0x9AD3, 0xCB, 0xE8}, /* 髓 */
    {0x9AD8, 0xB8, 0xDF}, /* 高 */
    {0x9ADF, 0xF7, 0xD4}, /* 髟 */
    {0x9AE1, 0xF7, 0xD5}, /* 髡 */
    {0x9AE6, 0xF7, 0xD6}, /* 髦 */
    {0x9AEB, 0xF7, 0xD8}, /* 髫 */
    {0x9AED, 0xF7, 0xDA}, /* 髭 */
    {0x9AEF, 0xF7, 0xD7}, /* 髯 */
    {0x9AF9, 0xF7, 0xDB}, /* 髹 */
    {0x9AFB, 0xF7, 0xD9}, /* 髻 */
    {0x9B03, 0xD7, 0xD7}, /* 鬃 */
    {0x9B08, 0xF7, 0xDC}, /* 鬈 */
    {0x9B0F, 0xF7, 0xDD}, /* 鬏 */
    {0x9B13, 0xF7, 0xDE}, /* 鬓 */
    {0x9B1F, 0xF7, 0xDF}, /* 鬟 */
    {0x9B23, 0xF7, 0xE0}, /* 鬣 */
    {0x9B2F, 0xDB, 0xCB}, /* 鬯 */
    {0x9B32, 0xD8, 0xAA}, /* 鬲 */
    {0x9B3B, 0xE5, 0xF7}, /* 鬻 */
    {0x9B3C, 0xB9, 0xED}, /* 鬼 */
    {0x9B41, 0xBF, 0xFD}, /* 魁 */
    {0x9B42, 0xBB, 0xEA}, /* 魂 */
    {0x9B43, 0xF7, 0xC9}, /* 魃 */
    {0x9B44, 0xC6, 0xC7}, /* 魄 */
    {0x9B45, 0xF7, 0xC8}, /* 魅 */
    {0x9B47, 0xF7, 0xCA}, /* 魇 */
    {0x9B48, 0xF7, 0xCC}, /* 魈 */
    {0x9B49, 0xF7, 0xCB}, /* 魉 */
    {0x9B4D, 0xF7, 0xCD}, /* 魍 */
    {0x9B4F, 0xCE, 0xBA}, /* 魏 */
    {0x9B51, 0xF7, 0xCE}, /* 魑 */
    {0x9B54, 0xC4, 0xA7}, /* 魔 */
    {0x9C7C, 0xD3, 0xE3}, /* 鱼 */
    {0x9C7F, 0xF6, 0xCF}, /* 鱿 */
    {0x9C81, 0xC2, 0xB3}, /* 鲁 */
    {0x9C82, 0xF6, 0xD0}, /* 鲂 */
    {0x9C85, 0xF6, 0xD1}, /* 鲅 */
    {0x9C86, 0xF6, 0xD2}, /* 鲆 */
    {0x9C87, 0xF6, 0xD3}, /* 鲇 */
    {0x9C88, 0xF6, 0xD4}, /* 鲈 */
    {0x9C8B, 0xF6, 0xD6}, /* 鲋 */
    {0x9C8D, 0xB1, 0xAB}, /* 鲍 */
    {0x9C8E, 0xF6, 0xD7}, /* 鲎 */
    {0x9C90, 0xF6, 0xD8}, /* 鲐 */
    {0x9C91, 0xF6, 0xD9}, /* 鲑 */
    {0x9C92, 0xF6, 0xDA}, /* 鲒 */
    {0x9C94, 0xF6, 0xDB}, /* 鲔 */
    {0x9C95, 0xF6, 0xDC}, /* 鲕 */
    {0x9C9A, 0xF6, 0xDD}, /* 鲚 */
    {0x9C9B, 0xF6, 0xDE}, /* 鲛 */
    {0x9C9C, 0xCF, 0xCA}, /* 鲜 */
    {0x9C9E, 0xF6, 0xDF}, /* 鲞 */
    {0x9C9F, 0xF6, 0xE0}, /* 鲟 */
    {0x9CA0, 0xF6, 0xE1}, /* 鲠 */
    {0x9CA1, 0xF6, 0xE2}, /* 鲡 */
    {0x9CA2, 0xF6, 0xE3}, /* 鲢 */
    {0x9CA3, 0xF6, 0xE4}, /* 鲣 */
    {0x9CA4, 0xC0, 0xF0}, /* 鲤 */
    {0x9CA5, 0xF6, 0xE5}, /* 鲥 */
    {0x9CA6, 0xF6, 0xE6}, /* 鲦 */
    {0x9CA7, 0xF6, 0xE7}, /* 鲧 */
    {0x9CA8, 0xF6, 0xE8}, /* 鲨 */
    {0x9CA9, 0xF6, 0xE9}, /* 鲩 */
    {0x9CAB, 0xF6, 0xEA}, /* 鲫 */
    {0x9CAD, 0xF6, 0xEB}, /* 鲭 */
    {0x9CAE, 0xF6, 0xEC}, /* 鲮 */
    {0x9CB0, 0xF6, 0xED}, /* 鲰 */
    {0x9CB1, 0xF6, 0xEE}, /* 鲱 */
    {0x9CB2, 0xF6, 0xEF}, /* 鲲 */
    {0x9CB3, 0xF6, 0xF0}, /* 鲳 */
    {0x9CB4, 0xF6, 0xF1}, /* 鲴 */
    {0x9CB5, 0xF6, 0xF2}, /* 鲵 */
    {0x9CB6, 0xF6, 0xF3}, /* 鲶 */
    {0x9CB7, 0xF6, 0xF4}, /* 鲷 */
    {0x9CB8, 0xBE, 0xA8}, /* 鲸 */
    {0x9CBA, 0xF6, 0xF5}, /* 鲺 */
    {0x9CBB, 0xF6, 0xF6}, /* 鲻 */
    {0x9CBC, 0xF6, 0xF7}, /* 鲼 */
    {0x9CBD, 0xF6, 0xF8}, /* 鲽 */
    {0x9CC3, 0xC8, 0xFA}, /* 鳃 */
    {0x9CC4, 0xF6, 0xF9}, /* 鳄 */
    {0x9CC5, 0xF6, 0xFA}, /* 鳅 */
    {0x9CC6, 0xF6, 0xFB}, /* 鳆 */
    {0x9CC7, 0xF6, 0xFC}, /* 鳇 */
    {0x9CCA, 0xF6, 0xFD}, /* 鳊 */
    {0x9CCB, 0xF6, 0xFE}, /* 鳋 */
    {0x9CCC, 0xF7, 0xA1}, /* 鳌 */
    {0x9CCD, 0xF7, 0xA2}, /* 鳍 */
    {0x9CCE, 0xF7, 0xA3}, /* 鳎 */
    {0x9CCF, 0xF7, 0xA4}, /* 鳏 */
    {0x9CD0, 0xF7, 0xA5}, /* 鳐 */
    {0x9CD3, 0xF7, 0xA6}, /* 鳓 */
    {0x9CD4, 0xF7, 0xA7}, /* 鳔 */
    {0x9CD5, 0xF7, 0xA8}, /* 鳕 */
    {0x9CD6, 0xB1, 0xEE}, /* 鳖 */
    {0x9CD7, 0xF7, 0xA9}, /* 鳗 */
    {0x9CD8, 0xF7, 0xAA}, /* 鳘 */
    {0x9CD9, 0xF7, 0xAB}, /* 鳙 */
    {0x9CDC, 0xF7, 0xAC}, /* 鳜 */
    {0x9CDD, 0xF7, 0xAD}, /* 鳝 */
    {0x9CDE, 0xC1, 0xDB}, /* 鳞 */
    {0x9CDF, 0xF7, 0xAE}, /* 鳟 */
    {0x9CE2, 0xF7, 0xAF}, /* 鳢 */
    {0x9E1F, 0xC4, 0xF1}, /* 鸟 */
    {0x9E20, 0xF0, 0xAF}, /* 鸠 */
    {0x9E21, 0xBC, 0xA6}, /* 鸡 */
    {0x9E22, 0xF0, 0xB0}, /* 鸢 */
    {0x9E23, 0xC3, 0xF9}, /* 鸣 */
    {0x9E25, 0xC5, 0xB8}, /* 鸥 */
    {0x9E26, 0xD1, 0xBB}, /* 鸦 */
    {0x9E28, 0xF0, 0xB1}, /* 鸨 */
    {0x9E29, 0xF0, 0xB2}, /* 鸩 */
    {0x9E2A, 0xF0, 0xB3}, /* 鸪 */
    {0x9E2B, 0xF0, 0xB4}, /* 鸫 */
    {0x9E2C, 0xF0, 0xB5}, /* 鸬 */
    {0x9E2D, 0xD1, 0xBC}, /* 鸭 */
    {0x9E2F, 0xD1, 0xEC}, /* 鸯 */
    {0x9E31, 0xF0, 0xB7}, /* 鸱 */
    {0x9E32, 0xF0, 0xB6}, /* 鸲 */
    {0x9E33, 0xD4, 0xA7}, /* 鸳 */
    {0x9E35, 0xCD, 0xD2}, /* 鸵 */
    {0x9E36, 0xF0, 0xB8}, /* 鸶 */
    {0x9E37, 0xF0, 0xBA}, /* 鸷 */
    {0x9E38, 0xF0, 0xB9}, /* 鸸 */
    {0x9E39, 0xF0, 0xBB}, /* 鸹 */
    {0x9E3A, 0xF0, 0xBC}, /* 鸺 */
    {0x9E3D, 0xB8, 0xEB}, /* 鸽 */
    {0x9E3E, 0xF0, 0xBD}, /* 鸾 */
    {0x9E3F, 0xBA, 0xE8}, /* 鸿 */
    {0x9E41, 0xF0, 0xBE}, /* 鹁 */
    {0x9E42, 0xF0, 0xBF}, /* 鹂 */
    {0x9E43, 0xBE, 0xE9}, /* 鹃 */
    {0x9E44, 0xF0, 0xC0}, /* 鹄 */
    {0x9E45, 0xB6, 0xEC}, /* 鹅 */
    {0x9E46, 0xF0, 0xC1}, /* 鹆 */
    {0x9E47, 0xF0, 0xC2}, /* 鹇 */
    {0x9E48, 0xF0, 0xC3}, /* 鹈 */
    {0x9E49, 0xF0, 0xC4}, /* 鹉 */
    {0x9E4A, 0xC8, 0xB5}, /* 鹊 */
    {0x9E4B, 0xF0, 0xC5}, /* 鹋 */
    {0x9E4C, 0xF0, 0xC6}, /* 鹌 */
    {0x9E4E, 0xF0, 0xC7}, /* 鹎 */
    {0x9E4F, 0xC5, 0xF4}, /* 鹏 */
    {0x9E51, 0xF0, 0xC8}, /* 鹑 */
    {0x9E55, 0xF0, 0xC9}, /* 鹕 */
    {0x9E57, 0xF0, 0xCA}, /* 鹗 */
    {0x9E58, 0xF7, 0xBD}, /* 鹘 */
    {0x9E5A, 0xF0, 0xCB}, /* 鹚 */
    {0x9E5B, 0xF0, 0xCC}, /* 鹛 */
    {0x9E5C, 0xF0, 0xCD}, /* 鹜 */
    {0x9E5E, 0xF0, 0xCE}, /* 鹞 */
    {0x9E63, 0xF0, 0xCF}, /* 鹣 */
    {0x9E64, 0xBA, 0xD7}, /* 鹤 */
    {0x9E66, 0xF0, 0xD0}, /* 鹦 */
    {0x9E67, 0xF0, 0xD1}, /* 鹧 */
    {0x9E68, 0xF0, 0xD2}, /* 鹨 */
    {0x9E69, 0xF0, 0xD3}, /* 鹩 */
    {0x9E6A, 0xF0, 0xD4}, /* 鹪 */
    {0x9E6B, 0xF0, 0xD5}, /* 鹫 */
    {0x9E6C, 0xF0, 0xD6}, /* 鹬 */
    {0x9E6D, 0xF0, 0xD8}, /* 鹭 */
    {0x9E70, 0xD3, 0xA5}, /* 鹰 */
    {0x9E71, 0xF0, 0xD7}, /* 鹱 */
    {0x9E73, 0xF0, 0xD9}, /* 鹳 */
    {0x9E7E, 0xF5, 0xBA}, /* 鹾 */
    {0x9E7F, 0xC2, 0xB9}, /* 鹿 */
    {0x9E82, 0xF7, 0xE4}, /* 麂 */
    {0x9E87, 0xF7, 0xE5}, /* 麇 */
    {0x9E88, 0xF7, 0xE6}, /* 麈 */
    {0x9E8B, 0xF7, 0xE7}, /* 麋 */
    {0x9E92, 0xF7, 0xE8}, /* 麒 */
    {0x9E93, 0xC2, 0xB4}, /* 麓 */
    {0x9E9D, 0xF7, 0xEA}, /* 麝 */
    {0x9E9F, 0xF7, 0xEB}, /* 麟 */
    {0x9EA6, 0xC2, 0xF3}, /* 麦 */
    {0x9EB4, 0xF4, 0xF0}, /* 麴 */
    {0x9EB8, 0xF4, 0xEF}, /* 麸 */
    {0x9EBB, 0xC2, 0xE9}, /* 麻 */
    {0x9EBD, 0xF7, 0xE1}, /* 麽 */
    {0x9EBE, 0xF7, 0xE2}, /* 麾 */
    {0x9EC4, 0xBB, 0xC6}, /* 黄 */
    {0x9EC9, 0xD9, 0xE4}, /* 黉 */
    {0x9ECD, 0xCA, 0xF2}, /* 黍 */
    {0x9ECE, 0xC0, 0xE8}, /* 黎 */
    {0x9ECF, 0xF0, 0xA4}, /* 黏 */
    {0x9ED1, 0xBA, 0xDA}, /* 黑 */
    {0x9ED4, 0xC7, 0xAD}, /* 黔 */
    {0x9ED8, 0xC4, 0xAC}, /* 默 */
    {0x9EDB, 0xF7, 0xEC}, /* 黛 */
    {0x9EDC, 0xF7, 0xED}, /* 黜 */
    {0x9EDD, 0xF7, 0xEE}, /* 黝 */
    {0x9EDF, 0xF7, 0xF0}, /* 黟 */
    {0x9EE0, 0xF7, 0xEF}, /* 黠 */
    {0x9EE2, 0xF7, 0xF1}, /* 黢 */
    {0x9EE5, 0xF7, 0xF4}, /* 黥 */
    {0x9EE7, 0xF7, 0xF3}, /* 黧 */
    {0x9EE9, 0xF7, 0xF2}, /* 黩 */
    {0x9EEA, 0xF7, 0xF5}, /* 黪 */
    {0x9EEF, 0xF7, 0xF6}, /* 黯 */
    {0x9EF9, 0xED, 0xE9}, /* 黹 */
    {0x9EFB, 0xED, 0xEA}, /* 黻 */
    {0x9EFC, 0xED, 0xEB}, /* 黼 */
    {0x9EFE, 0xF6, 0xBC}, /* 黾 */
    {0x9F0B, 0xF6, 0xBD}, /* 鼋 */
    {0x9F0D, 0xF6, 0xBE}, /* 鼍 */
    {0x9F0E, 0xB6, 0xA6}, /* 鼎 */
    {0x9F10, 0xD8, 0xBE}, /* 鼐 */
    {0x9F13, 0xB9, 0xC4}, /* 鼓 */
    {0x9F17, 0xD8, 0xBB}, /* 鼗 */
    {0x9F19, 0xDC, 0xB1}, /* 鼙 */
    {0x9F20, 0xCA, 0xF3}, /* 鼠 */
    {0x9F22, 0xF7, 0xF7}, /* 鼢 */
    {0x9F2C, 0xF7, 0xF8}, /* 鼬 */
    {0x9F2F, 0xF7, 0xF9}, /* 鼯 */
    {0x9F37, 0xF7, 0xFB}, /* 鼷 */
    {0x9F39, 0xF7, 0xFA}, /* 鼹 */
    {0x9F3B, 0xB1, 0xC7}, /* 鼻 */
    {0x9F3D, 0xF7, 0xFC}, /* 鼽 */
    {0x9F3E, 0xF7, 0xFD}, /* 鼾 */
    {0x9F44, 0xF7, 0xFE}, /* 齄 */
    {0x9F50, 0xC6, 0xEB}, /* 齐 */
    {0x9F51, 0xEC, 0xB4}, /* 齑 */
    {0x9F7F, 0xB3, 0xDD}, /* 齿 */
    {0x9F80, 0xF6, 0xB3}, /* 龀 */
    {0x9F83, 0xF6, 0xB4}, /* 龃 */
    {0x9F84, 0xC1, 0xE4}, /* 龄 */
    {0x9F85, 0xF6, 0xB5}, /* 龅 */
    {0x9F86, 0xF6, 0xB6}, /* 龆 */
    {0x9F87, 0xF6, 0xB7}, /* 龇 */
    {0x9F88, 0xF6, 0xB8}, /* 龈 */
    {0x9F89, 0xF6, 0xB9}, /* 龉 */
    {0x9F8A, 0xF6, 0xBA}, /* 龊 */
    {0x9F8B, 0xC8, 0xA3}, /* 龋 */
    {0x9F8C, 0xF6, 0xBB}, /* 龌 */
    {0x9F99, 0xC1, 0xFA}, /* 龙 */
    {0x9F9A, 0xB9, 0xA8}, /* 龚 */
    {0x9F9B, 0xED, 0xE8}, /* 龛 */
    {0x9F9F, 0xB9, 0xEA}, /* 龟 */
    {0x9FA0, 0xD9, 0xDF}, /* 龠 */
    {0xFF01, 0xA3, 0xA1}, /* ！ */
    {0xFF02, 0xA3, 0xA2}, /* ＂ */
    {0xFF03, 0xA3, 0xA3}, /* ＃ */
    {0xFF04, 0xA1, 0xE7}, /* ＄ */
    {0xFF05, 0xA3, 0xA5}, /* ％ */
    {0xFF06, 0xA3, 0xA6}, /* ＆ */
    {0xFF07, 0xA3, 0xA7}, /* ＇ */
    {0xFF08, 0xA3, 0xA8}, /* （ */
    {0xFF09, 0xA3, 0xA9}, /* ） */
    {0xFF0A, 0xA3, 0xAA}, /* ＊ */
    {0xFF0B, 0xA3, 0xAB}, /* ＋ */
    {0xFF0C, 0xA3, 0xAC}, /* ， */
    {0xFF0D, 0xA3, 0xAD}, /* － */
    {0xFF0E, 0xA3, 0xAE}, /* ． */
    {0xFF0F, 0xA3, 0xAF}, /* ／ */
    {0xFF10, 0xA3, 0xB0}, /* ０ */
    {0xFF11, 0xA3, 0xB1}, /* １ */
    {0xFF12, 0xA3, 0xB2}, /* ２ */
    {0xFF13, 0xA3, 0xB3}, /* ３ */
    {0xFF14, 0xA3, 0xB4}, /* ４ */
    {0xFF15, 0xA3, 0xB5}, /* ５ */
    {0xFF16, 0xA3, 0xB6}, /* ６ */
    {0xFF17, 0xA3, 0xB7}, /* ７ */
    {0xFF18, 0xA3, 0xB8}, /* ８ */
    {0xFF19, 0xA3, 0xB9}, /* ９ */
    {0xFF1A, 0xA3, 0xBA}, /* ： */
    {0xFF1B, 0xA3, 0xBB}, /* ； */
    {0xFF1C, 0xA3, 0xBC}, /* ＜ */
    {0xFF1D, 0xA3, 0xBD}, /* ＝ */
    {0xFF1E, 0xA3, 0xBE}, /* ＞ */
    {0xFF1F, 0xA3, 0xBF}, /* ？ */
    {0xFF20, 0xA3, 0xC0}, /* ＠ */
    {0xFF21, 0xA3, 0xC1}, /* Ａ */
    {0xFF22, 0xA3, 0xC2}, /* Ｂ */
    {0xFF23, 0xA3, 0xC3}, /* Ｃ */
    {0xFF24, 0xA3, 0xC4}, /* Ｄ */
    {0xFF25, 0xA3, 0xC5}, /* Ｅ */
    {0xFF26, 0xA3, 0xC6}, /* Ｆ */
    {0xFF27, 0xA3, 0xC7}, /* Ｇ */
    {0xFF28, 0xA3, 0xC8}, /* Ｈ */
    {0xFF29, 0xA3, 0xC9}, /* Ｉ */
    {0xFF2A, 0xA3, 0xCA}, /* Ｊ */
    {0xFF2B, 0xA3, 0xCB}, /* Ｋ */
    {0xFF2C, 0xA3, 0xCC}, /* Ｌ */
    {0xFF2D, 0xA3, 0xCD}, /* Ｍ */
    {0xFF2E, 0xA3, 0xCE}, /* Ｎ */
    {0xFF2F, 0xA3, 0xCF}, /* Ｏ */
    {0xFF30, 0xA3, 0xD0}, /* Ｐ */
    {0xFF31, 0xA3, 0xD1}, /* Ｑ */
    {0xFF32, 0xA3, 0xD2}, /* Ｒ */
    {0xFF33, 0xA3, 0xD3}, /* Ｓ */
    {0xFF34, 0xA3, 0xD4}, /* Ｔ */
    {0xFF35, 0xA3, 0xD5}, /* Ｕ */
    {0xFF36, 0xA3, 0xD6}, /* Ｖ */
    {0xFF37, 0xA3, 0xD7}, /* Ｗ */
    {0xFF38, 0xA3, 0xD8}, /* Ｘ */
    {0xFF39, 0xA3, 0xD9}, /* Ｙ */
    {0xFF3A, 0xA3, 0xDA}, /* Ｚ */
    {0xFF3B, 0xA3, 0xDB}, /* ［ */
    {0xFF3C, 0xA3, 0xDC}, /* ＼ */
    {0xFF3D, 0xA3, 0xDD}, /* ］ */
    {0xFF3E, 0xA3, 0xDE}, /* ＾ */
    {0xFF3F, 0xA3, 0xDF}, /* ＿ */
    {0xFF40, 0xA3, 0xE0}, /* ｀ */
    {0xFF41, 0xA3, 0xE1}, /* ａ */
    {0xFF42, 0xA3, 0xE2}, /* ｂ */
    {0xFF43, 0xA3, 0xE3}, /* ｃ */
    {0xFF44, 0xA3, 0xE4}, /* ｄ */
    {0xFF45, 0xA3, 0xE5}, /* ｅ */
    {0xFF46, 0xA3, 0xE6}, /* ｆ */
    {0xFF47, 0xA3, 0xE7}, /* ｇ */
    {0xFF48, 0xA3, 0xE8}, /* ｈ */
    {0xFF49, 0xA3, 0xE9}, /* ｉ */
    {0xFF4A, 0xA3, 0xEA}, /* ｊ */
    {0xFF4B, 0xA3, 0xEB}, /* ｋ */
    {0xFF4C, 0xA3, 0xEC}, /* ｌ */
    {0xFF4D, 0xA3, 0xED}, /* ｍ */
    {0xFF4E, 0xA3, 0xEE}, /* ｎ */
    {0xFF4F, 0xA3, 0xEF}, /* ｏ */
    {0xFF50, 0xA3, 0xF0}, /* ｐ */
    {0xFF51, 0xA3, 0xF1}, /* ｑ */
    {0xFF52, 0xA3, 0xF2}, /* ｒ */
    {0xFF53, 0xA3, 0xF3}, /* ｓ */
    {0xFF54, 0xA3, 0xF4}, /* ｔ */
    {0xFF55, 0xA3, 0xF5}, /* ｕ */
    {0xFF56, 0xA3, 0xF6}, /* ｖ */
    {0xFF57, 0xA3, 0xF7}, /* ｗ */
    {0xFF58, 0xA3, 0xF8}, /* ｘ */
    {0xFF59, 0xA3, 0xF9}, /* ｙ */
    {0xFF5A, 0xA3, 0xFA}, /* ｚ */
    {0xFF5B, 0xA3, 0xFB}, /* ｛ */
    {0xFF5C, 0xA3, 0xFC}, /* ｜ */
    {0xFF5D, 0xA3, 0xFD}, /* ｝ */
    {0xFF5E, 0xA1, 0xAB}, /* ～ */
    {0xFFE0, 0xA1, 0xE9}, /* ￠ */
    {0xFFE1, 0xA1, 0xEA}, /* ￡ */
    {0xFFE3, 0xA3, 0xFE}, /* ￣ */
    {0xFFE5, 0xA3, 0xA4}, /* ￥ */
};

const int g_gbk_map_count = 7445;
